{
    "jumpPower": -0.10000000149011612,
    "onGround": true,
    "speed": 1.0,
    "startJumpPower": 1.7999999523162842,
    "velocity": {
        "x": 0.0,
        "y": 0.0,
        "z": 0.0
    }
}