{
    "0": {
        "position": [
            0.0,
            0.0,
            0.0
        ],
        "up": [
            0.0,
            1.0499999523162842,
            0.0
        ]
    },
    "1": {
        "position": [
            0.0,
            0.75,
            4.550000190734863
        ],
        "up": [
            0.0,
            1.100000023841858,
            0.0
        ]
    },
    "2": {
        "position": [
            0.0,
            4.5,
            10.399999618530273
        ],
        "up": [
            0.0,
            1.149999976158142,
            0.0
        ]
    },
    "3": {
        "position": [
            0.0,
            -0.4000000059604645,
            30.850000381469727
        ],
        "up": [
            0.0,
            1.0,
            0.0
        ]
    },
    "4": {
        "position": [
            4.25,
            3.4000000953674316,
            30.850000381469727
        ],
        "up": [
            0.0,
            1.0,
            0.0
        ]
    },
    "5": {
        "position": [
            9.050000190734863,
            3.4000000953674316,
            30.850000381469727
        ],
        "up": [
            0.0,
            1.0,
            0.0
        ]
    },
    "6": {
        "position": [
            16.5,
            3.4000000953674316,
            30.850000381469727
        ],
        "up": [
            0.0,
            1.0,
            0.0
        ]
    },
    "7": {
        "position": [
            16.5,
            3.4000000953674316,
            24.5
        ],
        "up": [
            0.0,
            1.0,
            0.0
        ]
    },
    "8": {
        "position": [
            16.600000381469727,
            3.4000000953674316,
            22.149999618530273
        ],
        "up": [
            0.0,
            1.0,
            0.0
        ]
    },
    "9": {
        "position": [
            11.25,
            3.4000000953674316,
            16.549999237060547
        ],
        "up": [
            0.0,
            1.0,
            0.0
        ]
    }
}
