{
    "0": {
        "position": [
            0.0,
            0.0,
            0.0
        ],
        "twist": 1.850000023841858
    },
    "1": {
        "position": [
            0.0,
            2.3499999046325684,
            2.8499999046325684
        ],
        "twist": -0.800000011920929
    },
    "2": {
        "position": [
            0.0,
            0.0,
            8.449999809265137
        ],
        "twist": 0.0
    },
    "3": {
        "position": [
            5.300000190734863,
            0.0,
            11.949999809265137
        ],
        "twist": 0.0
    },
    "4": {
        "position": [
            8.399999618530273,
            0.0,
            11.949999809265137
        ],
        "twist": 0.0
    },
    "5": {
        "position": [
            8.399999618530273,
            0.0,
            11.949999809265137
        ],
        "twist": 0.0
    }
}
