{
    "0": {
        "position": [
            0.0,
            35.650001525878906,
            40.400001525878906
        ],
        "up": [
            1.8299306248081848e-07,
            3.0035565963488836e-16,
            1.0
        ]
    },
    "1": {
        "position": [
            0.0,
            25.549999237060547,
            40.400001525878906
        ],
        "up": [
            0.7510840892791748,
            3.6533835445816745e-15,
            0.6602066159248352
        ]
    },
    "2": {
        "position": [
            -0.10000000149011612,
            15.0,
            40.400001525878906
        ],
        "up": [
            0.9999995827674866,
            1.2185191141170115e-19,
            0.0009408793994225562
        ]
    },
    "3": {
        "position": [
            0.0,
            4.400000095367432,
            40.400001525878906
        ],
        "up": [
            0.6617586612701416,
            5.914363084973421e-15,
            -0.7497169375419617
        ]
    },
    "4": {
        "position": [
            0.0,
            -7.949999809265137,
            40.400001525878906
        ],
        "up": [
            7.787079141230446e-12,
            1.278132340653089e-20,
            -1.0
        ]
    },
    "5": {
        "position": [
            0.0,
            -18.899999618530273,
            40.400001525878906
        ],
        "up": [
            1.9070618836273395e-13,
            3.130154633528834e-22,
            -1.0
        ]
    }
}
