{
    "0": [
        0.0,
        0.0,
        7.849999904632568
    ],
    "1": [
        0.0,
        2.3499999046325684,
        7.849999904632568
    ],
    "2": [
        0.0,
        0.0,
        8.449999809265137
    ],
    "3": [
        5.300000190734863,
        0.0,
        11.949999809265137
    ],
    "4": [
        5.300000190734863,
        0.0,
        11.949999809265137
    ]
}
