{
    "0": {
        "position": [
            0.0,
            0.0,
            0.0
        ],
        "twist": 1.850000023841858
    },
    "1": {
        "position": [
            0.0,
            0.0,
            3.0
        ],
        "twist": -0.800000011920929
    },
    "2": {
        "position": [
            0.0,
            3.0,
            5.0
        ],
        "twist": 0.0
    },
    "3": {
        "position": [
            3.0,
            3.75,
            7.150000095367432
        ],
        "twist": 0.0
    },
    "4": {
        "position": [
            3.0,
            0.0,
            8.800000190734863
        ],
        "twist": 0.0
    },
    "5": {
        "position": [
            3.0,
            0.0,
            12.649999618530273
        ],
        "twist": 0.0
    }
}
