{
    "0": {
        "position": [
            0.0,
            0.0,
            -2.950000047683716
        ],
        "up": [
            0.8507980108261108,
            0.5254928469657898,
            0.0
        ]
    },
    "1": {
        "position": [
            0.0,
            0.75,
            4.550000190734863
        ],
        "up": [
            0.0,
            1.0,
            0.0
        ]
    },
    "2": {
        "position": [
            2.450000047683716,
            3.5999999046325684,
            19.649999618530273
        ],
        "up": [
            0.0,
            0.578921914100647,
            0.8153830170631409
        ]
    },
    "3": {
        "position": [
            0.0,
            -0.4000000059604645,
            31.399999618530273
        ],
        "up": [
            0.0,
            1.0,
            0.0
        ]
    },
    "4": {
        "position": [
            0.0,
            4.0,
            40.79999923706055
        ],
        "up": [
            -0.028831498697400093,
            0.836113452911377,
            -0.5477984547615051
        ]
    },
    "5": {
        "position": [
            0.0,
            13.75,
            46.150001525878906
        ],
        "up": [
            0.0,
            -0.07378032058477402,
            -0.9972745180130005
        ]
    },
    "6": {
        "position": [
            0.0,
            24.700000762939453,
            40.400001525878906
        ],
        "up": [
            0.0,
            -0.7481887936592102,
            -0.6634858846664429
        ]
    },
    "7": {
        "position": [
            1.5,
            28.450000762939453,
            31.0
        ],
        "up": [
            0.0,
            -0.990571916103363,
            -0.13699398934841156
        ]
    },
    "8": {
        "position": [
            1.7999999523162842,
            24.149999618530273,
            19.549999237060547
        ],
        "up": [
            0.0,
            -0.8591015934944153,
            0.5118051767349243
        ]
    },
    "9": {
        "position": [
            2.1500000953674316,
            13.449999809265137,
            14.5
        ],
        "up": [
            0.0,
            0.12403474003076553,
            0.9922779202461243
        ]
    }
}
