{
    "0": {
        "position": [
            10.75,
            23.149999618530273,
            -6.800000190734863
        ],
        "up": [
            8.962234460341278e-06,
            1.0,
            8.432386344736642e-09
        ]
    },
    "1": {
        "position": [
            10.75,
            23.149999618530273,
            0.8999999761581421
        ],
        "up": [
            8.962234460341278e-06,
            1.0,
            8.432386344736642e-09
        ]
    },
    "10": {
        "position": [
            -7.099999904632568,
            15.0,
            77.05000305175781
        ],
        "up": [
            0.0005760919884778559,
            0.9999998211860657,
            5.420333764050156e-07
        ]
    },
    "11": {
        "position": [
            -0.10000000149011612,
            15.0,
            93.3499984741211
        ],
        "up": [
            8.962234460341278e-06,
            1.0,
            8.432386344736642e-09
        ]
    },
    "12": {
        "position": [
            17.850000381469727,
            15.0,
            105.44999694824219
        ],
        "up": [
            8.962234460341278e-06,
            1.0,
            8.432386344736642e-09
        ]
    },
    "13": {
        "position": [
            37.54999923706055,
            15.0,
            103.05000305175781
        ],
        "up": [
            8.962234460341278e-06,
            1.0,
            8.432386344736642e-09
        ]
    },
    "14": {
        "position": [
            49.95000076293945,
            15.0,
            88.4000015258789
        ],
        "up": [
            8.962234460341278e-06,
            1.0,
            8.432386344736642e-09
        ]
    },
    "15": {
        "position": [
            49.95000076293945,
            15.0,
            71.5
        ],
        "up": [
            8.962234460341278e-06,
            1.0,
            8.432386344736642e-09
        ]
    },
    "16": {
        "position": [
            40.25,
            15.0,
            59.849998474121094
        ],
        "up": [
            8.962234460341278e-06,
            1.0,
            8.432386344736642e-09
        ]
    },
    "17": {
        "position": [
            25.799999237060547,
            15.0,
            51.70000076293945
        ],
        "up": [
            2.3562588467029855e-05,
            1.0,
            4.760093288299857e-16
        ]
    },
    "18": {
        "position": [
            25.799999237060547,
            15.0,
            35.0
        ],
        "up": [
            2.3562588467029855e-05,
            1.0,
            4.760093288299857e-16
        ]
    },
    "19": {
        "position": [
            25.799999237060547,
            15.0,
            18.850000381469727
        ],
        "up": [
            2.3562588467029855e-05,
            1.0,
            4.760093288299857e-16
        ]
    },
    "2": {
        "position": [
            10.75,
            26.100000381469727,
            7.349999904632568
        ],
        "up": [
            8.962234460341278e-06,
            1.0,
            8.432386344736642e-09
        ]
    },
    "20": {
        "position": [
            33.75,
            18.799999237060547,
            14.449999809265137
        ],
        "up": [
            2.3562588467029855e-05,
            1.0,
            4.760093288299857e-16
        ]
    },
    "21": {
        "position": [
            41.45000076293945,
            25.850000381469727,
            14.449999809265137
        ],
        "up": [
            2.3562588467029855e-05,
            1.0,
            4.760093288299857e-16
        ]
    },
    "22": {
        "position": [
            49.29999923706055,
            31.25,
            14.449999809265137
        ],
        "up": [
            2.3562588467029855e-05,
            1.0,
            4.760093288299857e-16
        ]
    },
    "23": {
        "position": [
            57.25,
            31.25,
            14.449999809265137
        ],
        "up": [
            2.3562588467029855e-05,
            1.0,
            4.760093288299857e-16
        ]
    },
    "24": {
        "position": [
            66.0,
            25.350000381469727,
            14.449999809265137
        ],
        "up": [
            2.3562588467029855e-05,
            1.0,
            4.760093288299857e-16
        ]
    },
    "25": {
        "position": [
            77.30000305175781,
            23.0,
            14.449999809265137
        ],
        "up": [
            2.3562588467029855e-05,
            1.0,
            4.760093288299857e-16
        ]
    },
    "26": {
        "position": [
            89.44999694824219,
            23.0,
            5.199999809265137
        ],
        "up": [
            2.3562588467029855e-05,
            1.0,
            4.760093288299857e-16
        ]
    },
    "27": {
        "position": [
            89.44999694824219,
            23.0,
            -12.399999618530273
        ],
        "up": [
            2.3562588467029855e-05,
            1.0,
            4.760093288299857e-16
        ]
    },
    "28": {
        "position": [
            86.30000305175781,
            23.0,
            -28.25
        ],
        "up": [
            2.3562588467029855e-05,
            1.0,
            4.760093288299857e-16
        ]
    },
    "29": {
        "position": [
            74.75,
            23.0,
            -39.25
        ],
        "up": [
            2.3562588467029855e-05,
            1.0,
            4.760093288299857e-16
        ]
    },
    "3": {
        "position": [
            10.75,
            33.400001525878906,
            10.399999618530273
        ],
        "up": [
            8.962234460341278e-06,
            1.0,
            8.432386344736642e-09
        ]
    },
    "30": {
        "position": [
            58.0,
            23.0,
            -40.5
        ],
        "up": [
            2.3562588467029855e-05,
            1.0,
            4.760093288299857e-16
        ]
    },
    "31": {
        "position": [
            41.04999923706055,
            23.0,
            -40.5
        ],
        "up": [
            2.3562588467029855e-05,
            1.0,
            4.760093288299857e-16
        ]
    },
    "32": {
        "position": [
            22.100000381469727,
            23.0,
            -40.5
        ],
        "up": [
            2.3562588467029855e-05,
            1.0,
            4.760093288299857e-16
        ]
    },
    "33": {
        "position": [
            11.699999809265137,
            23.0,
            -29.049999237060547
        ],
        "up": [
            2.3562588467029855e-05,
            1.0,
            4.760093288299857e-16
        ]
    },
    "34": {
        "position": [
            10.850000381469727,
            23.0,
            -16.350000381469727
        ],
        "up": [
            2.3562588467029855e-05,
            1.0,
            4.760093288299857e-16
        ]
    },
    "35": {
        "position": [
            10.75,
            23.149999618530273,
            -6.800000190734863
        ],
        "up": [
            2.3562588467029855e-05,
            1.0,
            4.760093288299857e-16
        ]
    },
    "4": {
        "position": [
            10.75,
            35.54999923706055,
            14.350000381469727
        ],
        "up": [
            8.962234460341278e-06,
            1.0,
            8.432386344736642e-09
        ]
    },
    "5": {
        "position": [
            10.75,
            33.150001525878906,
            18.950000762939453
        ],
        "up": [
            8.962234460341278e-06,
            1.0,
            8.432386344736642e-09
        ]
    },
    "6": {
        "position": [
            10.75,
            21.100000381469727,
            24.799999237060547
        ],
        "up": [
            8.962234460341278e-06,
            1.0,
            8.432386344736642e-09
        ]
    },