{
    "0": {
        "position": [
            -0.10000000149011612,
            15.0,
            15.5
        ],
        "up": [
            5.2368210162967443e-05,
            1.0,
            4.927218455463844e-08
        ]
    },
    "1": {
        "position": [
            -0.10000000149011612,
            0.8999999761581421,
            40.400001525878906
        ],
        "up": [
            0.04296135902404785,
            0.999076783657074,
            3.1250087317857833e-07
        ]
    },
    "10": {
        "position": [
            40.25,
            15.0,
            59.849998474121094
        ],
        "up": [
            8.962234460341278e-06,
            1.0,
            8.432386344736642e-09
        ]
    },
    "11": {
        "position": [
            25.799999237060547,
            15.0,
            51.70000076293945
        ],
        "up": [
            2.3562588467029855e-05,
            1.0,
            4.760093288299857e-16
        ]
    },
    "12": {
        "position": [
            25.799999237060547,
            15.0,
            35.0
        ],
        "up": [
            2.3562588467029855e-05,
            1.0,
            4.760093288299857e-16
        ]
    },
    "13": {
        "position": [
            25.799999237060547,
            15.0,
            18.850000381469727
        ],
        "up": [
            2.3562588467029855e-05,
            1.0,
            4.760093288299857e-16
        ]
    },
    "14": {
        "position": [
            31.200000762939453,
            18.799999237060547,
            6.25
        ],
        "up": [
            2.3562588467029855e-05,
            1.0,
            4.760093288299857e-16
        ]
    },
    "15": {
        "position": [
            36.400001525878906,
            20.75,
            3.450000047683716
        ],
        "up": [
            2.3562588467029855e-05,
            1.0,
            4.760093288299857e-16
        ]
    },
    "16": {
        "position": [
            41.95000076293945,
            21.700000762939453,
            5.800000190734863
        ],
        "up": [
            2.3562588467029855e-05,
            1.0,
            4.760093288299857e-16
        ]
    },
    "17": {
        "position": [
            46.20000076293945,
            22.25,
            10.850000381469727
        ],
        "up": [
            2.3562588467029855e-05,
            1.0,
            4.760093288299857e-16
        ]
    },
    "2": {
        "position": [
            10.75,
            15.0,
            55.849998474121094
        ],
        "up": [
            8.962234460341278e-06,
            1.0,
            8.432386344736642e-09
        ]
    },
    "3": {
        "position": [
            -0.10000000149011612,
            15.0,
            61.5
        ],
        "up": [
            0.0005760919884778559,
            0.9999998211860657,
            5.420333764050156e-07
        ]
    },
    "4": {
        "position": [
            -7.099999904632568,
            15.0,
            77.05000305175781
        ],
        "up": [
            0.0005760919884778559,
            0.9999998211860657,
            5.420333764050156e-07
        ]
    },
    "5": {
        "position": [
            -0.10000000149011612,
            15.0,
            93.3499984741211
        ],
        "up": [
            8.962234460341278e-06,
            1.0,
            8.432386344736642e-09
        ]
    },
    "6": {
        "position": [
            17.850000381469727,
            15.0,
            105.44999694824219
        ],
        "up": [
            8.962234460341278e-06,
            1.0,
            8.432386344736642e-09
        ]
    },
    "7": {
        "position": [
            37.54999923706055,
            15.0,
            103.05000305175781
        ],
        "up": [
            8.962234460341278e-06,
            1.0,
            8.432386344736642e-09
        ]
    },
    "8": {
        "position": [
            49.95000076293945,
            15.0,
            88.4000015258789
        ],
        "up": [
            8.962234460341278e-06,
            1.0,
            8.432386344736642e-09
        ]
    },
    "9": {
        "position": [
            49.95000076293945,
            15.0,
            71.5
        ],
        "up": [
            8.962234460341278e-06,
            1.0,
            8.432386344736642e-09
        ]
    }
}
