{
    "0": {
        "position": [
            0.0,
            3.9000000953674316,
            0.0
        ],
        "rotate": [
            0.0,
            0.0,
            0.0
        ],
        "scale": [
            1.0,
            1.0,
            1.0
        ],
        "time": 0.8999999761581421
    },
    "1": {
        "position": [
            -5.5,
            0.0,
            0.0
        ],
        "rotate": [
            0.0,
            0.0,
            0.0
        ],
        "scale": [
            1.0,
            1.0,
            1.0
        ],
        "time": 0.4000000059604645
    },
    "2": {
        "position": [
            4.199999809265137,
            0.0,
            0.0
        ],
        "rotate": [
            0.0,
            0.0,
            0.0
        ],
        "scale": [
            1.0,
            1.0,
            1.0
        ],
        "time": 0.4000000059604645
    },
    "3": {
        "position": [
            0.0,
            0.0,
            0.0
        ],
        "rotate": [
            0.0,
            0.0,
            0.0
        ],
        "scale": [
            1.0,
            1.0,
            1.0
        ],
        "time": 0.0
    },
    "4": {
        "position": [
            0.0,
            0.0,
            0.0
        ],
        "rotate": [
            0.0,
            0.0,
            0.0
        ],
        "scale": [
            1.0,
            1.0,
            1.0
        ],
        "time": -0.10000000149011612
    }
}
