{
    "0": {
        "position": [
            0.0,
            0.0,
            0.0
        ],
        "rotate": [
            0.0,
            0.0,
            0.0
        ],
        "scale": [
            1.0,
            1.0,
            1.0
        ],
        "time": 0.20000000298023224
    },
    "1": {
        "position": [
            4.0,
            0.0,
            0.0
        ],
        "rotate": [
            0.0,
            0.0,
            0.0
        ],
        "scale": [
            1.0,
            1.0,
            1.0
        ],
        "time": 0.20000000298023224
    },
    "2": {
        "position": [
            -4.0,
            0.0,
            0.0
        ],
        "rotate": [
            0.0,
            0.0,
            0.0
        ],
        "scale": [
            1.0,
            1.0,
            1.0
        ],
        "time": 0.5
    },
    "3": {
        "position": [
            0.0,
            10.0,
            0.0
        ],
        "rotate": [
            0.0,
            0.0,
            0.0
        ],
        "scale": [
            1.0,
            1.0,
            1.0
        ],
        "time": 0.10000000149011612
    },
    "4": {
        "position": [
            0.0,
            0.0,
            0.0
        ],
        "rotate": [
            0.0,
            0.0,
            0.0
        ],
        "scale": [
            1.0,
            1.0,
            1.0
        ],
        "time": 0.0
    },
    "5": {
        "position": [
            0.0,
            0.0,
            0.0
        ],
        "rotate": [
            0.0,
            0.0,
            0.0
        ],
        "scale": [
            1.0,
            1.0,
            1.0
        ],
        "time": 0.0
    }
}
