{
    "0": {
        "direction": [
            0.8285232782363892,
            0.0,
            -0.5599546432495117
        ],
        "hp": 1.0,
        "speed": 2.5,
        "startOffset": [
            -4.5,
            -1.0,
            45.75
        ],
        "startedT": 6.5
    },
    "1": {
        "direction": [
            -0.6192041635513306,
            0.0,
            -0.7852299809455872
        ],
        "hp": 1.0,
        "speed": 2.0,
        "startOffset": [
            3.75,
            -2.75,
            39.25
        ],
        "startedT": 6.5
    },
    "10": {
        "direction": [
            0.0,
            1.0,
            2.1423137752663024e-07
        ],
        "hp": 1.0,
        "speed": 1.0,
        "startOffset": [
            16.5,
            -2.25,
            22.25
        ],
        "startedT": 10.75
    },
    "11": {
        "direction": [
            0.0,
            1.0,
            4.345968207530859e-08
        ],
        "hp": 1.0,
        "speed": 1.0,
        "startOffset": [
            10.0,
            -3.75,
            19.75
        ],
        "startedT": 10.75
    },
    "12": {
        "direction": [
            0.0,
            1.0,
            2.7639480322250165e-06
        ],
        "hp": 1.0,
        "speed": 1.0,
        "startOffset": [
            23.0,
            -2.75,
            20.75
        ],
        "startedT": 11.0
    },
    "13": {
        "direction": [
            0.0,
            1.0,
            2.4283013999593095e-07
        ],
        "hp": 1.0,
        "speed": 1.0,
        "startOffset": [
            24.25,
            -4.5,
            20.25
        ],
        "startedT": 11.0
    },
    "14": {
        "direction": [
            0.0,
            1.0,
            1.3734400283738069e-07
        ],
        "hp": 1.0,
        "speed": 1.0,
        "startOffset": [
            22.25,
            -3.75,
            22.25
        ],
        "startedT": 11.0
    },
    "2": {
        "direction": [
            2.076525252817973e-30,
            0.0,
            1.0
        ],
        "hp": 1.0,
        "speed": 1.5,
        "startOffset": [
            -4.0,
            -2.75,
            26.25
        ],
        "startedT": 6.5
    },
    "3": {
        "direction": [
            2.0036745596030414e-08,
            0.0,
            -1.0
        ],
        "hp": 1.0,
        "speed": 1.5,
        "startOffset": [
            5.0,
            -2.25,
            27.25
        ],
        "startedT": 6.5
    },
    "4": {
        "direction": [
            0.0,
            0.0,
            -1.0
        ],
        "hp": 1.0,
        "speed": 2.25,
        "startOffset": [
            0.0,
            0.0,
            44.75
        ],
        "startedT": 9.0
    },
    "5": {
        "direction": [
            0.0,
            0.0,
            -1.0
        ],
        "hp": 0.75,
        "speed": 2.0,
        "startOffset": [
            -4.5,
            0.0,
            34.5
        ],
        "startedT": 9.0
    },
    "6": {
        "direction": [
            0.0,
            0.0,
            -1.0
        ],
        "hp": 1.0,
        "speed": 2.25,
        "startOffset": [
            -10.25,
            0.0,
            40.25
        ],
        "startedT": 9.0
    },
    "7": {
        "direction": [
            0.0,
            0.0,
            1.0
        ],
        "hp": 1.0,
        "speed": 1.0,
        "startOffset": [
            0.0,
            0.0,
            0.0
        ],
        "startedT": 10.75
    },
    "8": {
        "direction": [
            0.0,
            0.0,
            1.0
        ],
        "hp": 1.0,
        "speed": 1.0,
        "startOffset": [
            0.0,
            0.0,
            0.0
        ],
        "startedT": 10.75
    },
    "9": {
        "direction": [
            0.0,
            1.0,
            3.786367053226769e-10
        ],
        "hp": 1.0,
        "speed": 1.0,
        "startOffset": [
            12.75,
            -1.75,
            20.0
        ],
        "startedT": 10.75
    }
}
