{
    "0": {
        "direction": [
            0.8285232782363892,
            0.0,
            -0.5599546432495117
        ],
        "hp": 1.0,
        "speed": 2.5,
        "startOffset": [
            -4.5,
            -1.0,
            45.75
        ],
        "startedT": 6.5
    },
    "1": {
        "direction": [
            -0.6192041635513306,
            0.0,
            -0.7852299809455872
        ],
        "hp": 1.0,
        "speed": 2.0,
        "startOffset": [
            3.75,
            -2.75,
            39.25
        ],
        "startedT": 6.5
    },
    "10": {
        "direction": [
            -0.09965591877698898,
            0.0,
            0.9950219392776489
        ],
        "hp": 1.0,
        "speed": 3.25,
        "startOffset": [
            5.25,
            3.25,
            0.0
        ],
        "startedT": 14.25
    },
    "11": {
        "direction": [
            0.6192041635513306,
            0.0,
            -0.7852299809455872
        ],
        "hp": 1.0,
        "speed": 3.0,
        "startOffset": [
            -4.0,
            0.0,
            -0.25
        ],
        "startedT": 13.75
    },
    "12": {
        "direction": [
            0.0,
            1.0,
            2.1423137752663024e-07
        ],
        "hp": 1.0,
        "speed": 1.0,
        "startOffset": [
            16.5,
            -2.25,
            22.25
        ],
        "startedT": 10.75
    },
    "13": {
        "direction": [
            -0.8285232782363892,
            0.0,
            -0.5599546432495117
        ],
        "hp": 1.0,
        "speed": 3.0,
        "startOffset": [
            4.5,
            4.0,
            -12.5
        ],
        "startedT": 14.75
    },
    "14": {
        "direction": [
            0.0,
            0.0,
            1.0
        ],
        "hp": 1.0,
        "speed": 1.0,
        "startOffset": [
            -1.75,
            2.0,
            -31.0
        ],
        "startedT": 17.75
    },
    "15": {
        "direction": [
            0.0,
            0.0,
            1.0
        ],
        "hp": 1.0,
        "speed": 1.0,
        "startOffset": [
            3.0,
            0.0,
            -23.75
        ],
        "startedT": 18.0
    },
    "16": {
        "direction": [
            0.0,
            0.0,
            1.0
        ],
        "hp": 1.0,
        "speed": 1.0,
        "startOffset": [
            -3.25,
            -0.5,
            -33.25
        ],
        "startedT": 18.0
    },
    "17": {
        "direction": [
            0.0,
            0.0,
            1.0
        ],
        "hp": 1.0,
        "speed": 1.0,
        "startOffset": [
            2.75,
            2.75,
            -24.75
        ],
        "startedT": 18.25
    },
    "18": {
        "direction": [
            0.0,
            1.0,
            4.345968207530859e-08
        ],
        "hp": 1.0,
        "speed": 1.0,
        "startOffset": [
            10.0,
            -3.75,
            19.75
        ],
        "startedT": 10.75
    },
    "19": {
        "direction": [
            0.0,
            1.0,
            2.7639480322250165e-06
        ],
        "hp": 1.0,
        "speed": 1.0,
        "startOffset": [
            23.0,
            -2.75,
            20.75
        ],
        "startedT": 11.0
    },
    "2": {
        "direction": [
            0.0,
            0.0,
            -1.0
        ],
        "hp": 0.75,
        "speed": 2.0,
        "startOffset": [
            -4.5,
            0.0,
            34.5
        ],
        "startedT": 9.0
    },
    "20": {
        "direction": [
            0.0,
            1.0,
            2.4283013999593095e-07
        ],
        "hp": 1.0,
        "speed": 1.0,
        "startOffset": [
            24.25,
            -4.5,
            20.25
        ],
        "startedT": 11.0
    },
    "21": {
        "direction": [
            0.0,
            1.0,
            1.3734400283738069e-07
        ],
        "hp": 1.0,
        "speed": 1.0,
        "startOffset": [
            22.25,
            -3.75,
            22.25
        ],
        "startedT": 11.0
    },
    "22": {
        "direction": [
            2.076525252817973e-30,
            0.0,
            1.0
        ],
        "hp": 1.0,
        "speed": 1.5,
        "startOffset": [
            -4.0,
            -2.75,
            26.25
        ],
        "startedT": 6.5
    },
    "23": {
        "direction": [
            2.0036745596030414e-08,
            0.0,
            -1.0
        ],
        "hp": 1.0,
        "speed": 1.5,
        "startOffset": [
            5.0,
            -2.25,
            27.25
        ],
        "startedT": 6.5
    },
    "24": {
        "direction": [
            0.0,
            0.0,
            -1.0
        ],
        "hp": 1.0,
        "speed": 2.25,
        "startOffset": [
            0.0,
            0.0,
            44.75
        ],
        "startedT": 9.0
    },
    "3": {
        "direction": [
            0.0,
            0.0,
            -1.0
        ],
        "hp": 1.0,
        "speed": 2.25,
        "startOffset": [
            -10.25,
            0.0,
            40.25
        ],
        "startedT": 9.0
    },
    "4": {
        "direction": [
            0.0,
            0.0,
            1.0
        ],
        "hp": 1.0,
        "speed": 1.0,
        "startOffset": [
            0.0,
            0.0,
            0.0
        ],
        "startedT": 10.75
    },
    "5": {
        "direction": [
            0.0,
            0.0,
            1.0
        ],
        "hp": 1.0,
        "speed": 1.0,
        "startOffset": [
            0.0,
            0.0,
            0.0
        ],
        "startedT": 10.75
    },
    "6": {
        "direction": [
            0.0,
            1.0,
            3.786367053226769e-10
        ],
        "hp": 1.0,
        "speed": 1.0,
        "startOffset": [
            12.75,
            -1.75,
            20.0
        ],
        "startedT": 10.75
    },
    "7": {
        "direction": [
            0.0,
            1.0,
            7.000887194408278e-07
        ],
        "hp": 1.0,
        "speed": 1.0,
        "startOffset": [
            23.0,
            -3.75,
            11.5
        ],
        "startedT": 11.5
    },
    "8": {
        "direction": [
            0.0,
            1.0,
            6.611660410271725e-07
        ],
        "hp": 1.0,
        "speed": 1.0,
        "startOffset": [
            19.25,
            -4.0,
            6.5
        ],
        "startedT": 11.5
    },
    "9": {
        "direction": [
            8.665923534323383e-11,
            1.0,
            3.4277206073518585e-10
        ],
        "hp": 1.0,
        "speed": 1.0,
        "startOffset": [
            23.5,
            -6.0,
            6.5
        ],
        "startedT": 11.5
    }
}
