{
    "0": {
        "direction": [
            0.8285232782363892,
            0.0,
            -0.5599546432495117
        ],
        "hp": 1.0,
        "speed": 20.0,
        "startOffset": [
            -4.5,
            -1.0,
            45.75
        ],
        "startedT": 6.5
    },
    "1": {
        "direction": [
            -0.6192041635513306,
            0.0,
            -0.7852299809455872
        ],
        "hp": 1.0,
        "speed": 21.25,
        "startOffset": [
            3.75,
            -2.75,
            39.25
        ],
        "startedT": 6.5
    },
    "2": {
        "direction": [
            0.6192041635513306,
            0.0,
            -0.7852299809455872
        ],
        "hp": 1.0,
        "speed": 22.0,
        "startOffset": [
            -4.0,
            -2.75,
            26.25
        ],
        "startedT": 6.5
    },
    "3": {
        "direction": [
            0.10063523054122925,
            0.0,
            -0.9949233531951904
        ],
        "hp": 1.0,
        "speed": 1.0,
        "startOffset": [
            5.0,
            -2.25,
            27.25
        ],
        "startedT": 6.5
    }
}
