{
    "0": {
        "className": "Ground",
        "position": [
            0.0,
            0.0,
            0.0
        ],
        "rotate": [
            0.0,
            0.0,
            0.0
        ],
        "scale": [
            1.0,
            1.0,
            1.0
        ]
    },
    "1": {
        "className": "Skydome",
        "position": [
            0.0,
            0.0,
            0.0
        ],
        "rotate": [
            0.0,
            0.0,
            0.0
        ],
        "scale": [
            1.0,
            1.0,
            1.0
        ]
    },
    "10": {
        "className": "Wall",
        "position": [
            -25.0,
            0.0,
            53.70000076293945
        ],
        "rotate": [
            0.0,
            0.0,
            0.0
        ],
        "scale": [
            1.0,
            1.0,
            1.0
        ]
    },
    "11": {
        "className": "Wall",
        "position": [
            -33.0,
            0.0,
            -60.099998474121094
        ],
        "rotate": [
            0.0,
            0.0,
            0.0
        ],
        "scale": [
            1.0,
            1.0,
            1.0
        ]
    },
    "12": {
        "className": "Wall",
        "position": [
            0.0,
            0.0,
            4.199999809265137
        ],
        "rotate": [
            0.0,
            0.0,
            0.0
        ],
        "scale": [
            1.0,
            1.0,
            1.0
        ]
    },
    "2": {
        "className": "Wall",
        "position": [
            35.70000076293945,
            0.0,
            0.0
        ],
        "rotate": [
            0.0,
            1.8849999904632568,
            0.0
        ],
        "scale": [
            1.0,
            1.0,
            1.0
        ]
    },
    "3": {
        "className": "Wall",
        "position": [
            -19.799999237060547,
            0.0,
            20.700000762939453
        ],
        "rotate": [
            0.0,
            -0.9419999718666077,
            0.0
        ],
        "scale": [
            1.0,
            1.0,
            1.0
        ]
    },
    "4": {
        "className": "Wall",
        "position": [
            16.200000762939453,
            0.0,
            33.900001525878906
        ],
        "rotate": [
            0.0,
            0.0,
            0.0
        ],
        "scale": [
            1.0,
            1.0,
            1.0
        ]
    },
    "5": {
        "className": "Wall",
        "position": [
            -18.600000381469727,
            0.0,
            -14.5
        ],
        "rotate": [
            0.0,
            0.9419999718666077,
            0.0
        ],
        "scale": [
            1.0,
            1.0,
            1.0
        ]
    },
    "6": {
        "className": "Wall",
        "position": [
            11.899999618530273,
            0.0,
            -21.200000762939453
        ],
        "rotate": [
            0.0,
            -0.628000020980835,
            0.0
        ],
        "scale": [
            1.0,
            1.0,
            1.0
        ]
    },
    "7": {
        "className": "Wall",
        "position": [
            74.19999694824219,
            0.0,
            0.0
        ],
        "rotate": [
            0.0,
            0.0,
            0.0
        ],
        "scale": [
            1.0,
            1.0,
            1.0
        ]
    },
    "8": {
        "className": "Wall",
        "position": [
            37.70000076293945,
            0.0,
            -47.79999923706055
        ],
        "rotate": [
            0.0,
            0.0,
            0.0
        ],
        "scale": [
            1.0,
            1.0,
            1.0
        ]
    },
    "9": {
        "className": "Wall",
        "position": [
            -43.5,
            0.0,
            -26.200000762939453
        ],
        "rotate": [
            0.0,
            0.0,
            0.0
        ],
        "scale": [
            1.0,
            1.0,
            1.0
        ]
    }
}
