{
    "0": {
        "offsetPosition": [
            0.0,
            0.0,
            2.5999999046325684
        ],
        "startedT": 4.199999809265137
    }
}
