{
    "0": {
        "createClassName": "MovingLight",
        "offsetPosition": [
            1.5,
            3.5,
            17.5
        ],
        "startedT": 3.200000047683716
    },
    "1": {
        "createClassName": "MovingLight",
        "offsetPosition": [
            -1.899999976158142,
            3.200000047683716,
            17.399999618530273
        ],
        "startedT": 3.200000047683716
    },
    "2": {
        "createClassName": "MovingLight",
        "offsetPosition": [
            -12.5,
            1.100000023841858,
            22.399999618530273
        ],
        "startedT": 32.900001525878906
    }
}
