{
    "0": {
        "className": "Stage",
        "position": [
            0.0,
            0.0,
            0.0
        ],
        "rotate": [
            0.0,
            0.0,
            0.0
        ],
        "scale": [
            1.0,
            1.0,
            1.0
        ]
    },
    "1": {
        "className": "SkyDome",
        "position": [
            0.0,
            0.0,
            0.0
        ],
        "rotate": [
            0.0,
            0.0,
            0.0
        ],
        "scale": [
            1.0,
            1.0,
            1.0
        ]
    },
    "2": {
        "className": "Building",
        "position": [
            0.0,
            0.0,
            44.400001525878906
        ],
        "rotate": [
            0.0,
            3.1419999599456787,
            0.0
        ],
        "scale": [
            1.0,
            1.0,
            1.0
        ]
    },
    "3": {
        "className": "Building",
        "position": [
            20.600000381469727,
            0.0,
            44.5
        ],
        "rotate": [
            0.0,
            3.1419999599456787,
            0.0
        ],
        "scale": [
            1.0,
            1.0,
            1.0
        ]
    },
    "4": {
        "className": "Building",
        "position": [
            41.20000076293945,
            0.0,
            44.5
        ],
        "rotate": [
            0.0,
            3.1419999599456787,
            0.0
        ],
        "scale": [
            1.0,
            1.0,
            1.0
        ]
    },
    "5": {
        "className": "Building",
        "position": [
            -21.0,
            0.0,
            44.5
        ],
        "rotate": [
            0.0,
            3.1419999599456787,
            0.0
        ],
        "scale": [
            1.0,
            1.0,
            1.0
        ]
    },
    "6": {
        "className": "Building",
        "position": [
            -42.79999923706055,
            0.0,
            44.5
        ],
        "rotate": [
            0.0,
            3.1419999599456787,
            0.0
        ],
        "scale": [
            1.0,
            1.0,
            1.0
        ]
    }
}
