{
    "0": {
        "createClassName": "MovingLight",
        "offsetPosition": [
            5.5,
            3.5,
            10.800000190734863
        ],
        "startedT": 3.200000047683716
    },
    "1": {
        "createClassName": "MovingLight",
        "offsetPosition": [
            -5.300000190734863,
            3.200000047683716,
            10.600000381469727
        ],
        "startedT": 3.200000047683716
    }
}
