{
    "0": {
        "className": "SkyDome",
        "position": [
            0.0,
            0.0,
            0.0
        ],
        "rotate": [
            0.0,
            0.0,
            0.0
        ],
        "scale": [
            1.0,
            58.0,
            1.0
        ]
    },
    "1": {
        "className": "Building",
        "position": [
            0.800000011920929,
            -8.600000381469727,
            -69.9000015258789
        ],
        "rotate": [
            0.0,
            0.0,
            0.0
        ],
        "scale": [
            1.0,
            1.0,
            1.0
        ]
    },
    "10": {
        "className": "Building",
        "position": [
            47.70000076293945,
            0.0,
            51.79999923706055
        ],
        "rotate": [
            0.0,
            3.4549999237060547,
            0.0
        ],
        "scale": [
            1.0,
            1.0,
            1.0
        ]
    },
    "11": {
        "className": "Building",
        "position": [
            64.30000305175781,
            0.0,
            32.29999923706055
        ],
        "rotate": [
            0.0,
            3.4549999237060547,
            0.0
        ],
        "scale": [
            1.0,
            1.0,
            1.0
        ]
    },
    "12": {
        "className": "Building",
        "position": [
            71.0999984741211,
            0.0,
            -29.0
        ],
        "rotate": [
            0.0,
            3.4549999237060547,
            0.0
        ],
        "scale": [
            1.0,
            1.0,
            1.0
        ]
    },
    "13": {
        "className": "Building",
        "position": [
            55.599998474121094,
            0.0,
            -46.20000076293945
        ],
        "rotate": [
            0.0,
            3.4549999237060547,
            0.0
        ],
        "scale": [
            1.0,
            1.0,
            1.0
        ]
    },
    "14": {
        "className": "Building",
        "position": [
            41.400001525878906,
            0.0,
            -55.70000076293945
        ],
        "rotate": [
            0.0,
            3.4549999237060547,
            0.0
        ],
        "scale": [
            1.0,
            1.0,
            1.0
        ]
    },
    "15": {
        "className": "Building",
        "position": [
            -29.600000381469727,
            0.0,
            -64.19999694824219
        ],
        "rotate": [
            0.0,
            6.5970001220703125,
            0.0
        ],
        "scale": [
            1.0,
            1.0,
            1.0
        ]
    },
    "16": {
        "className": "Building",
        "position": [
            -48.20000076293945,
            0.0,
            -53.900001525878906
        ],
        "rotate": [
            0.0,
            6.5970001220703125,
            0.0
        ],
        "scale": [
            1.0,
            1.0,
            1.0
        ]
    },
    "17": {
        "className": "Building",
        "position": [
            -62.70000076293945,
            0.0,
            -34.5
        ],
        "rotate": [
            0.0,
            6.5970001220703125,
            0.0
        ],
        "scale": [
            1.0,
            1.0,
            1.0
        ]
    },
    "2": {
        "className": "Building",
        "position": [
            69.30000305175781,
            -7.599999904632568,
            0.0
        ],
        "rotate": [
            0.0,
            -1.5709999799728394,
            0.0
        ],
        "scale": [
            1.0,
            1.0,
            1.0
        ]
    },
    "3": {
        "className": "Building",
        "position": [
            -66.0,
            -7.599999904632568,
            0.0
        ],
        "rotate": [
            0.0,
            1.5709999799728394,
            0.0
        ],
        "scale": [
            1.0,
            1.0,
            1.0
        ]
    },
    "4": {
        "className": "Building",
        "position": [
            0.0,
            -6.5,
            64.5
        ],
        "rotate": [
            0.0,
            3.1419999599456787,
            0.0
        ],
        "scale": [
            1.0,
            1.0,
            1.0
        ]
    },
    "5": {
        "className": "Building",
        "position": [
            -24.100000381469727,
            -7.099999904632568,
            57.900001525878906
        ],
        "rotate": [
            0.0,
            2.5139999389648438,
            0.0
        ],
        "scale": [
            1.0,
            1.0,
            1.0
        ]
    },
    "6": {
        "className": "Building",
        "position": [
            -59.400001525878906,
            0.0,
            25.700000762939453
        ],
        "rotate": [
            0.0,
            1.8860000371932983,
            0.0
        ],
        "scale": [
            1.0,
            1.0,
            1.0
        ]
    },
    "7": {
        "className": "Stage",
        "position": [
            0.0,
            0.0,
            0.0
        ],
        "rotate": [
            0.0,
            0.0,
            0.0
        ],
        "scale": [
            1.0,
            1.0,
            1.0
        ]
    },
    "8": {
        "className": "Building",
        "position": [
            -43.0,
            0.10000000149011612,
            42.70000076293945
        ],
        "rotate": [
            0.0,
            8.482000350952148,
            0.0
        ],
        "scale": [
            1.0,
            1.0,
            1.0
        ]
    },
    "9": {
        "className": "Building",
        "position": [
            33.099998474121094,
            0.0,
            66.5
        ],
        "rotate": [
            0.0,
            3.4549999237060547,
            0.0
        ],
        "scale": [
            1.0,
            1.0,
            1.0
        ]
    }
}
