{
    "0": {
        "className": "SkyDome",
        "position": [
            0.0,
            0.0,
            0.0
        ],
        "rotate": [
            0.0,
            0.0,
            0.0
        ],
        "scale": [
            1.0,
            58.0,
            1.0
        ]
    },
    "1": {
        "className": "Building",
        "position": [
            0.30000001192092896,
            -8.699999809265137,
            -95.5999984741211
        ],
        "rotate": [
            0.0,
            0.0,
            0.0
        ],
        "scale": [
            1.0,
            1.0,
            1.0
        ]
    },
    "10": {
        "className": "Building",
        "position": [
            43.29999923706055,
            -8.699999809265137,
            94.30000305175781
        ],
        "rotate": [
            0.0,
            -2.765000104904175,
            0.0
        ],
        "scale": [
            1.0,
            1.0,
            1.0
        ]
    },
    "11": {
        "className": "Building",
        "position": [
            74.0999984741211,
            -8.699999809265137,
            76.4000015258789
        ],
        "rotate": [
            0.0,
            10.166000366210938,
            0.0
        ],
        "scale": [
            1.0,
            1.0,
            1.0
        ]
    },
    "12": {
        "className": "Building",
        "position": [
            97.4000015258789,
            -8.699999809265137,
            43.5
        ],
        "rotate": [
            0.0,
            -1.9479999542236328,
            0.0
        ],
        "scale": [
            1.0,
            1.0,
            1.0
        ]
    },
    "13": {
        "className": "Building",
        "position": [
            103.0,
            -8.699999809265137,
            5.199999809265137
        ],
        "rotate": [
            0.0,
            4.711999893188477,
            0.0
        ],
        "scale": [
            1.0,
            1.0,
            1.0
        ]
    },
    "14": {
        "className": "Building",
        "position": [
            100.0999984741211,
            -8.699999809265137,
            -42.29999923706055
        ],
        "rotate": [
            0.0,
            -1.194000005722046,
            0.0
        ],
        "scale": [
            1.0,
            1.0,
            1.0
        ]
    },
    "15": {
        "className": "Building",
        "position": [
            77.19999694824219,
            -8.699999809265137,
            -74.69999694824219
        ],
        "rotate": [
            0.0,
            -0.675000011920929,
            0.0
        ],
        "scale": [
            1.0,
            1.0,
            1.0
        ]
    },
    "16": {
        "className": "Building",
        "position": [
            45.900001525878906,
            -8.699999809265137,
            -94.30000305175781
        ],
        "rotate": [
            0.0,
            -0.47999998927116394,
            0.0
        ],
        "scale": [
            1.0,
            1.0,
            1.0
        ]
    },
    "2": {
        "className": "Building",
        "position": [
            -37.400001525878906,
            -8.699999809265137,
            -97.69999694824219
        ],
        "rotate": [
            0.0,
            0.35499998927116394,
            0.0
        ],
        "scale": [
            1.0,
            1.0,
            1.0
        ]
    },
    "3": {
        "className": "Building",
        "position": [
            -72.80000305175781,
            -8.699999809265137,
            -74.0999984741211
        ],
        "rotate": [
            0.0,
            0.6779999732971191,
            0.0
        ],
        "scale": [
            1.0,
            1.0,
            1.0
        ]
    },
    "4": {
        "className": "Building",
        "position": [
            -96.80000305175781,
            -8.699999809265137,
            -44.29999923706055
        ],
        "rotate": [
            0.0,
            0.9419999718666077,
            0.0
        ],
        "scale": [
            1.0,
            1.0,
            1.0
        ]
    },
    "5": {
        "className": "Building",
        "position": [
            -109.30000305175781,
            -8.699999809265137,
            -2.9000000953674316
        ],
        "rotate": [
            0.0,
            1.5709999799728394,
            0.0
        ],
        "scale": [
            1.0,
            1.0,
            1.0
        ]
    },
    "6": {
        "className": "Building",
        "position": [
            -103.34200286865234,
            -8.699999809265137,
            38.099998474121094
        ],
        "rotate": [
            0.0,
            2.0920000076293945,
            0.0
        ],
        "scale": [
            1.0,
            1.0,
            1.0
        ]
    },
    "7": {
        "className": "Building",
        "position": [
            -0.20000000298023224,
            -8.699999809265137,
            99.4000015258789
        ],
        "rotate": [
            0.0,
            -9.447999954223633,
            0.0
        ],
        "scale": [
            1.0,
            1.0,
            1.0
        ]
    },
    "8": {
        "className": "Building",
        "position": [
            -86.31300354003906,
            -8.699999809265137,
            71.0
        ],
        "rotate": [
            0.0,
            -4.056000232696533,
            0.0
        ],
        "scale": [
            1.0,
            1.0,
            1.0
        ]
    },
    "9": {
        "className": "Building",
        "position": [
            -48.5,
            -8.699999809265137,
            91.69999694824219
        ],
        "rotate": [
            0.0,
            2.5920000076293945,
            0.0
        ],
        "scale": [
            1.0,
            1.0,
            1.0
        ]
    }
}
