{
    "comboTackle_2": {
        "Type": 4,
        "activeTime": 2.700000047683716,
        "damage": 10.0,
        "endLagTime": -1.2000000476837158,
        "lockOnTime": 0.10000000149011612,
        "speed": 31.600000381469727,
        "startupTime": 0.10000000149011612
    }
}
