{
    "comboTackle_2": {
        "Type": 4,
        "activeTime": 3.299999952316284,
        "damage": 10.0,
        "endLagTime": -1.2000000476837158,
        "lockOnTime": 0.10000000149011612,
        "speed": 51.29999923706055,
        "startupTime": 0.10000000149011612
    }
}
