{
    "comboTackle_1": {
        "Type": 4,
        "activeTime": 2.700000047683716,
        "damage": 20.0,
        "endLagTime": -1.7000000476837158,
        "lockOnTime": 1.3329999446868896,
        "speed": 34.79999923706055,
        "startupTime": 1.600000023841858
    }
}
