{
    "comboTackle_3": {
        "Type": 4,
        "activeTime": 3.0,
        "damage": 20.0,
        "endLagTime": 1.100000023841858,
        "lockOnTime": 0.10000000149011612,
        "speed": 58.20000076293945,
        "startupTime": 0.10000000149011612
    }
}
