{
    "default_weak1": {
        "Type": 1,
        "activeTime": 2.200000047683716,
        "damage": 7.0,
        "endLagTime": 1.899999976158142,
        "startupTime": 2.0999999046325684
    }
}
