{
    "default_jump_1": {
        "Type": 8,
        "activeTime": 0.0,
        "distance": 14.800000190734863,
        "endLagTime": 1.600000023841858,
        "jumpSpeed": 1.100000023841858,
        "mass": 0.4000000059604645,
        "startupTime": 1.2000000476837158
    }
}
