{
    "default_Chase": {
        "Type": 5,
        "activeTime": 5.300000190734863,
        "distanceToStopChasing": 6.199999809265137,
        "speed": 17.200000762939453
    }
}
