{
    "default_LongRangeAttack": {
        "Type": 7,
        "activeTime": 0.0,
        "bulletFireInterval": 0.4000000059604645,
        "bulletScale": 0.699999988079071,
        "bulletSpawnOffsetZ": 2.0999999046325684,
        "bulletSpeed": 20.899999618530273,
        "damage": 0.0,
        "endLagTime": 0.0,
        "rotateMaxSpeed": 4.400000095367432,
        "startupTime": 0.0
    }
}
