{
    "default_LongRangeAttack": {
        "Type": 7,
        "activeTime": 0.0,
        "bulletFireInterval": 0.6000000238418579,
        "bulletScale": 1.0,
        "bulletSpawnOffsetZ": 1.5,
        "bulletSpeed": 45.400001525878906,
        "collisionStartTime": 0.03099999949336052,
        "collisionTime": 0.20200000703334808,
        "damage": 10.0,
        "endLagTime": 0.0,
        "maxRotateY2Player": 0.0,
        "rotateMaxSpeed": 16.799999237060547,
        "startupTime": 0.0
    }
}
