{
    "default_Chase": {
        "Type": 5,
        "activeTime": 10.399999618530273,
        "distanceToStopChasing": 6.199999809265137,
        "speed": 17.200000762939453
    }
}
