{
    "default_weak2": {
        "Type": 2,
        "activeTime": 1.2000000476837158,
        "collisionStartTime": 0.3409999907016754,
        "collisionTime": 0.17800000309944153,
        "damage": 7.199999809265137,
        "endLagTime": 1.0,
        "maxRotateY2Player": 1.3179999589920044,
        "startupTime": 0.8999999761581421
    }
}
