{
    "default_strongAttack": {
        "Type": 3,
        "activeTime": 0.699999988079071,
        "collisionStartTime": 0.0,
        "collisionTime": 0.17000000178813934,
        "damage": 30.0,
        "endLagTime": 1.399999976158142,
        "maxRotateY2Player": 0.8240000009536743,
        "startupTime": 2.0999999046325684
    }
}
