{
    "default_weak2": {
        "Type": 2,
        "activeTime": 1.7999999523162842,
        "collisionRadius": 0.0,
        "collisionStartTime": 0.0,
        "collisionTime": 0.0,
        "damage": 0.0,
        "endLagTime": 2.0999999046325684,
        "maxRotateY2Player": 0.0,
        "startupTime": 1.399999976158142
    }
}
