{
    "default_jump_1": {
        "Type": 8,
        "activeTime": 0.0,
        "distance": 27.600000381469727,
        "endLagTime": 1.600000023841858,
        "jumpSpeed": 3.4000000953674316,
        "mass": 0.4000000059604645,
        "startupTime": 1.2000000476837158
    }
}
