{
    "default_strongAttack": {
        "Type": 3,
        "activeTime": 0.699999988079071,
        "collisionRadius": 0.0,
        "collisionStartTime": 0.0,
        "collisionTime": 0.0,
        "damage": 0.0,
        "endLagTime": 2.200000047683716,
        "maxRotateY2Player": 0.0,
        "startupTime": 1.600000023841858
    }
}
