{
    "fast_chase_1": {
        "Type": 5,
        "activeTime": 29.399999618530273,
        "distanceToStopChasing": 9.300000190734863,
        "speed": 24.200000762939453
    }
}
