{
    "hightSpeed_longrange_1": {
        "Type": 7,
        "activeTime": 1.0,
        "bulletFireInterval": 0.4000000059604645,
        "bulletScale": 1.2999999523162842,
        "bulletSpawnOffsetZ": 0.5,
        "bulletSpeed": 18.5,
        "damage": 0.0,
        "endLagTime": 0.699999988079071,
        "rotateMaxSpeed": 0.6000000238418579,
        "startupTime": 1.7000000476837158
    }
}
