{
    "hightSpeed_longrange_1": {
        "Type": 7,
        "activeTime": 0.0,
        "bulletFireInterval": 0.4000000059604645,
        "bulletScale": 1.2999999523162842,
        "bulletSpawnOffsetZ": 0.5,
        "bulletSpeed": 18.5,
        "damage": 0.0,
        "endLagTime": 0.0,
        "rotateMaxSpeed": 0.6000000238418579,
        "startupTime": 0.0
    }
}
