{
    "long_strong_1": {
        "Type": 3,
        "activeTime": 1.899999976158142,
        "collisionStartTime": 0.0,
        "collisionTime": 0.0,
        "damage": 0.0,
        "endLagTime": 1.399999976158142,
        "maxRotateY2Player": 6.2829999923706055,
        "startupTime": 1.899999976158142
    }
}
