{
    "longJump_1": {
        "Type": 8,
        "activeTime": 0.0,
        "distance": 42.5,
        "endLagTime": 0.4000000059604645,
        "jumpSpeed": 3.5999999046325684,
        "mass": 1.600000023841858,
        "startupTime": 0.5
    }
}
