{
    "longrange_1": {
        "Type": 7,
        "activeTime": 6.699999809265137,
        "bulletFireInterval": 0.20000000298023224,
        "bulletScale": 1.899999976158142,
        "bulletSpawnOffsetZ": 0.800000011920929,
        "bulletSpeed": 21.399999618530273,
        "damage": 0.0,
        "endLagTime": 2.200000047683716,
        "rotateMaxSpeed": 2.299999952316284,
        "startupTime": 1.399999976158142
    }
}
