{
    "long_strong_1": {
        "Type": 3,
        "activeTime": 1.899999976158142,
        "collisionStartTime": 0.15299999713897705,
        "collisionTime": 0.17000000178813934,
        "damage": 0.0,
        "endLagTime": 1.399999976158142,
        "maxRotateY2Player": 3.7290000915527344,
        "rotateMaxSpeed": 0.0,
        "startupTime": 1.2999999523162842
    }
}
