{
  "LongRanged_Long": {
    "Type": 7,
    "activeTime": 5.599999904632568,
    "bulletFireInterval": 0.6000000238418579,
    "bulletScale": 1.0,
    "bulletSpawnOffsetZ": 1.5,
    "bulletSpeed": 45.400001525878906,
    "damage": 10.0,
    "endLagTime": 2.5999999046325684,
    "rotateMaxSpeed": 16.799999237060547,
    "startupTime": 2.200000047683716
  }
}
