{
    "longrange_1": {
        "Type": 7,
        "activeTime": 0.0,
        "bulletFireInterval": 0.20000000298023224,
        "bulletScale": 1.899999976158142,
        "bulletSpawnOffsetZ": 0.800000011920929,
        "bulletSpeed": 21.399999618530273,
        "damage": 10.0,
        "endLagTime": 0.0,
        "rotateMaxSpeed": 2.299999952316284,
        "startupTime": 0.0
    }
}
