{
    "longJump_1": {
        "Type": 8,
        "activeTime": 0.0,
        "distance": 42.5,
        "endLagTime": 0.8999999761581421,
        "jumpSpeed": 2.299999952316284,
        "mass": 1.600000023841858,
        "startupTime": 1.100000023841858
    }
}
