{
    "long_strong_1": {
        "Type": 3,
        "activeTime": 1.899999976158142,
        "collisionStartTime": 0.0,
        "collisionTime": 0.17000000178813934,
        "damage": 20.600000381469727,
        "endLagTime": 1.0,
        "maxRotateY2Player": 4.763999938964844,
        "rotateMaxSpeed": 0.0,
        "startupTime": 2.299999952316284
    }
}
