{
  "Longrange_HightSpeed": {
    "Type": 7,
    "activeTime": 5.699999809265137,
    "bulletFireInterval": 0.4000000059604645,
    "bulletScale": 1.2999999523162842,
    "bulletSpawnOffsetZ": 0.5,
    "bulletSpeed": 18.5,
    "damage": 10.0,
    "endLagTime": 2.0999999046325684,
    "rotateMaxSpeed": 0.6000000238418579,
    "startupTime": 1.7999999523162842
  }
}
