{
  "LongRanged_Short": {
    "Type": 7,
    "activeTime": 4.0,
    "bulletFireInterval": 0.20000000298023224,
    "bulletScale": 1.899999976158142,
    "bulletSpawnOffsetZ": 0.800000011920929,
    "bulletSpeed": 21.399999618530273,
    "damage": 10.0,
    "endLagTime": 2.700000047683716,
    "rotateMaxSpeed": 2.299999952316284,
    "startupTime": 2.799999952316284
  }
}
