{
    "long_weak1_1": {
        "Type": 1,
        "activeTime": 2.799999952316284,
        "damage": 5.300000190734863,
        "endLagTime": 0.8999999761581421,
        "startupTime": 1.0
    }
}
