{
    "long_weak1_1": {
        "Type": 1,
        "activeTime": 4.300000190734863,
        "damage": 10.0,
        "endLagTime": 1.5,
        "startupTime": 0.8999999761581421
    }
}
