{
    "normal_weak1_1": {
        "Type": 1,
        "activeTime": 2.200000047683716,
        "damage": 12.199999809265137,
        "endLagTime": 0.8999999761581421,
        "startupTime": 1.100000023841858
    }
}
