{
    "normal_longTackle_1": {
        "Type": 4,
        "activeTime": 8.5,
        "damage": 20.0,
        "endLagTime": 2.0999999046325684,
        "lockOnTime": 0.9229999780654907,
        "speed": 21.5,
        "startupTime": 1.399999976158142
    }
}
