{
    "normal_longTackle_1": {
        "Type": 4,
        "activeTime": 6.800000190734863,
        "damage": 20.0,
        "endLagTime": 0.699999988079071,
        "lockOnTime": 1.100000023841858,
        "speed": 64.0999984741211,
        "startupTime": 1.100000023841858
    }
}
