{
    "normal_weak1_1": {
        "Type": 1,
        "activeTime": 4.300000190734863,
        "damage": 0.0,
        "endLagTime": 3.700000047683716,
        "startupTime": 1.2000000476837158
    }
}
