{
    "normal_weak2_1": {
        "Type": 2,
        "activeTime": 2.200000047683716,
        "collisionStartTime": 0.3409999907016754,
        "collisionTime": 0.17800000309944153,
        "damage": 0.0,
        "endLagTime": 1.0,
        "maxRotateY2Player": 0.0,
        "startupTime": 1.100000023841858
    }
}
