{
    "normal_strong_1": {
        "Type": 3,
        "activeTime": 1.2999999523162842,
        "collisionStartTime": 0.0,
        "collisionTime": 0.17000000178813934,
        "damage": 30.0,
        "endLagTime": 1.0,
        "maxRotateY2Player": 3.0759999752044678,
        "startupTime": 2.0
    }
}
