{
    "normal_strong_1": {
        "Type": 3,
        "activeTime": 1.2999999523162842,
        "collisionStartTime": 0.15299999713897705,
        "collisionTime": 0.17000000178813934,
        "damage": 0.0,
        "endLagTime": 1.600000023841858,
        "maxRotateY2Player": 0.0,
        "startupTime": 1.7000000476837158
    }
}
