{
    "normal_longrange_1": {
        "Type": 7,
        "activeTime": 2.5,
        "bulletFireInterval": 0.4000000059604645,
        "bulletScale": 1.2000000476837158,
        "bulletSpawnOffsetZ": 1.5,
        "bulletSpeed": 21.299999237060547,
        "damage": 10.0,
        "endLagTime": 1.399999976158142,
        "rotateMaxSpeed": 1.0,
        "startupTime": 1.0
    }
}
