{
    "normal_weak2_1": {
        "Type": 2,
        "activeTime": 2.200000047683716,
        "collisionStartTime": 0.18799999356269836,
        "collisionTime": 0.20200000703334808,
        "damage": 0.0,
        "endLagTime": 1.0,
        "maxRotateY2Player": 0.0,
        "startupTime": 1.100000023841858
    }
}
