{
    "short_strong_1": {
        "Type": 3,
        "activeTime": 1.2999999523162842,
        "collisionStartTime": 0.0,
        "collisionTime": 0.17000000178813934,
        "damage": 30.0,
        "endLagTime": 1.2000000476837158,
        "maxRotateY2Player": 6.2829999923706055,
        "startupTime": 1.7000000476837158
    }
}
