{
    "short_weak2_1": {
        "Type": 2,
        "activeTime": 0.6000000238418579,
        "collisionStartTime": 0.18799999356269836,
        "collisionTime": 0.20200000703334808,
        "damage": 7.0,
        "endLagTime": 0.800000011920929,
        "maxRotateY2Player": 2.236999988555908,
        "startupTime": 0.5
    }
}
