{
    "short_weak1_1": {
        "Type": 1,
        "activeTime": 2.5,
        "damage": 0.0,
        "endLagTime": 1.100000023841858,
        "startupTime": 1.399999976158142
    }
}
