{
    "short_weak1_1": {
        "Type": 1,
        "activeTime": 1.7000000476837158,
        "damage": 10.100000381469727,
        "endLagTime": 1.100000023841858,
        "startupTime": 1.100000023841858
    }
}
