{
    "Tackle_Long": {
        "Type": 4,
        "activeTime": 1.2000000476837158,
        "damage": 20.299999237060547,
        "endLagTime": 2.9000000953674316,
        "lockOnTime": 1.0160000324249268,
        "speed": 33.900001525878906,
        "startupTime": 1.5
    }
}
