{
    "targetting_rangedAttack_3": {
        "Type": 6,
        "activeTime": 8.899999618530273,
        "attackForPlayerProbability": 60.680999755859375,
        "bulletScale": 1.7999999523162842,
        "damage": 10.0,
        "endLagTime": 1.7000000476837158,
        "lifeTime": 0.0,
        "spawnCoolTime": 0.5,
        "spawnPositionY": 12.0,
        "spawnRange": 38.599998474121094,
        "startupTime": 1.7000000476837158,
        "timeToLand": 0.699999988079071
    }
}
