{
    "targetting_rangedAttack_1": {
        "Type": 6,
        "activeTime": 6.699999809265137,
        "attackForPlayerProbability": 50.77399826049805,
        "bulletScale": 1.399999976158142,
        "damage": 10.0,
        "endLagTime": 3.200000047683716,
        "lifeTime": 0.5,
        "spawnCoolTime": 0.6000000238418579,
        "spawnPositionY": 8.100000381469727,
        "spawnRange": 76.19999694824219,
        "startupTime": 2.700000047683716,
        "timeToLand": 0.8999999761581421
    }
}
