{
    "Weak1_Long": {
        "Type": 1,
        "activeTime": 4.300000190734863,
        "damage": 15.5,
        "endLagTime": 1.5,
        "startupTime": 0.8999999761581421
    }
}
