{
    "weak2": {
        "Type": 2,
        "activeTime": 0.800000011920929,
        "collisionStartTime": 0.2460000067949295,
        "collisionTime": 0.2759999930858612,
        "damage": 0.0,
        "endLagTime": 2.799999952316284,
        "maxRotateY2Player": 1.8700000047683716,
        "startupTime": 1.399999976158142
    }
}
