{
    "Weak1_Short": {
        "Type": 1,
        "activeTime": 1.7000000476837158,
        "damage": 15.5,
        "endLagTime": 1.899999976158142,
        "startupTime": 0.8999999761581421
    }
}
