{
    "Enemy_Status": {
        "HP": 7000.0,
        "HP_HIGHTE": 10000.0,
        "HP_LOW": 3600.0,
        "HP_NORMAL": 8747.3369140625,
        "LONG_RANGE": 105.80000305175781,
        "MIDDLE_RANGE": 23.200000762939453,
        "SHORT_RANGE": 13.0,
        "spawnSubWeaponUvEndPosY": 1.0,
        "spawnSubWeaponUvStartPosY": 0.3959999978542328,
        "spawnWeaponUvEndPosY": 1.0,
        "spawnWeaponUvStartPosY": 0.39800000190734863,
        "speed": 0.0
    }
}
