{
    "Enemy_Status": {
        "HP": 10000.0,
        "HP_HIGHTE": 62.0,
        "HP_LOW": 19.451000213623047,
        "HP_NORMAL": 39.617000579833984,
        "LONG_RANGE": 105.80000305175781,
        "MIDDLE_RANGE": 23.200000762939453,
        "SHORT_RANGE": 13.0,
        "speed": 0.0
    }
}
