{
    "Enemy_Status": {
        "HP": 62.0,
        "HP_HIGHTE": 62.0,
        "HP_LOW": 19.451000213623047,
        "HP_NORMAL": 39.617000579833984,
        "LONG_RANGE": 0.0,
        "MIDDLE_RANGE": 0.0,
        "SHORT_RANGE": 0.0,
        "speed": 0.0
    }
}
