{
    "Enemy_Status": {
        "HP": 10000.0,
        "HP_HIGHTE": 10000.0,
        "HP_LOW": 9823.853515625,
        "HP_NORMAL": 9867.5146484375,
        "LONG_RANGE": 105.80000305175781,
        "MIDDLE_RANGE": 23.200000762939453,
        "SHORT_RANGE": 13.0,
        "speed": 0.0
    }
}
