# Blender 4.4.3
# www.blender.org
mtllib boss.mtl
o 円錐.007
v 2.161551 3.218432 -0.084458
v 2.159043 3.217829 -0.084852
v 2.157031 3.217198 -0.086206
v 2.155655 3.216867 -0.086965
v 2.155164 3.216826 -0.087359
v 2.155653 3.217053 -0.087495
v 2.157028 3.217541 -0.087181
v 2.159037 3.218279 -0.086101
v 2.161540 3.218925 -0.085769
v 2.164209 3.219296 -0.086787
v 2.166404 3.219667 -0.086991
v 2.167844 3.219911 -0.086755
v 2.168347 3.219936 -0.086463
v 2.167846 3.219725 -0.086226
v 2.166409 3.219323 -0.086016
v 2.164215 3.218844 -0.085530
v 2.048969 3.632916 0.088261
v 2.211450 3.280020 -0.056191
v 2.230618 3.286523 -0.059698
v 2.237323 3.290293 -0.065152
v 2.230572 3.290744 -0.071719
v 2.211368 3.287817 -0.078401
v 2.182589 3.278627 -0.074556
v 2.148308 3.268732 -0.070695
v 2.111996 3.258047 -0.067988
v 2.085293 3.255813 -0.083153
v 2.066366 3.251568 -0.084730
v 2.059652 3.247942 -0.079323
v 2.066412 3.247346 -0.072708
v 2.085304 3.249144 -0.064346
v 2.113225 3.252116 -0.051253
v 2.148037 3.261504 -0.050497
v 2.154489 3.426545 0.002649
v 2.100226 3.407700 0.010679
v 2.060389 3.400711 0.005342
v 2.021135 3.396093 -0.008911
v 1.995600 3.393891 -0.020247
v 1.986411 3.394348 -0.027662
v 1.995542 3.398613 -0.033696
v 2.019858 3.402281 -0.026605
v 2.057632 3.409853 -0.020998
v 2.102977 3.414414 -0.002685
v 2.153963 3.433605 -0.017251
v 2.193632 3.444149 -0.015336
v 2.219404 3.451987 -0.015887
v 2.228466 3.452036 -0.008331
v 2.219456 3.447250 -0.002396
v 2.193632 3.438176 0.001646
v 2.111778 3.522929 0.040472
v 2.078995 3.511825 0.045360
v 2.046266 3.507438 0.040884
v 2.022185 3.506040 0.026726
v 2.005046 3.504875 0.020091
v 1.998958 3.505417 0.015290
v 2.005008 3.507963 0.011298
v 2.022014 3.511645 0.010803
v 2.045793 3.513412 0.023812
v 2.077599 3.516702 0.030918
v 2.110988 3.526156 0.028058
v 2.137915 3.535883 0.027864
v 2.154958 3.542778 0.025040
v 2.160990 3.543522 0.029231
v 2.155070 3.539934 0.033406
v 2.138138 3.533459 0.035444
v 2.133456 3.307331 -0.025152
v 2.086723 3.297395 -0.026411
v 2.051969 3.294470 -0.044299
v 2.027635 3.292229 -0.055621
v 2.018791 3.292746 -0.063457
v 2.027578 3.297242 -0.069903
v 2.051672 3.301490 -0.064331
v 2.081123 3.304882 -0.051213
v 2.133090 3.314739 -0.048050
v 2.179690 3.331280 -0.054285
v 2.217088 3.341692 -0.053644
v 2.242065 3.348371 -0.052805
v 2.250863 3.348055 -0.044923
v 2.242120 3.343354 -0.038514
v 2.217132 3.334976 -0.034499
v 2.179575 3.324170 -0.033118
v 2.090215 3.569052 0.059243
v 2.067726 3.560264 0.061063
v 2.044888 3.557022 0.057788
v 2.025107 3.558043 0.051820
v 2.012344 3.558098 0.049448
v 2.007765 3.559587 0.046802
v 2.011803 3.562158 0.044106
v 2.024095 3.565643 0.041822
v 2.043238 3.568363 0.044076
v 2.066163 3.568065 0.050569
v 2.088756 3.576103 0.052858
v 2.104436 3.578629 0.051419
v 2.114306 3.577990 0.056105
v 2.119515 3.579103 0.058810
v 2.115657 3.575296 0.060991
v 2.105917 3.572095 0.060874
v 2.181663 3.273638 -0.058931
v 2.169975 3.375658 -0.013869
v 2.116569 3.356273 -0.004681
v 2.073652 3.351244 -0.015797
v 2.031804 3.345045 -0.029392
v 2.004867 3.341471 -0.038520
v 1.995289 3.341810 -0.046142
v 2.004813 3.346333 -0.052366
v 2.031022 3.351342 -0.047096
v 2.066183 3.357791 -0.032941
v 2.117401 3.364480 -0.025830
v 2.169983 3.381588 -0.030361
v 2.210633 3.393068 -0.030926
v 2.237488 3.401785 -0.033785
v 2.246973 3.401793 -0.026042
v 2.237541 3.396924 -0.019938
v 2.210602 3.387865 -0.016146
v 2.092080 3.462942 0.023068
v 2.050802 3.452451 0.025709
v 2.019593 3.450222 0.009840
v 1.998070 3.449288 -0.001526
v 1.990246 3.449913 -0.008131
v 1.998034 3.453408 -0.013256
v 2.019195 3.456530 -0.008088
v 2.047607 3.457275 0.011859
v 2.090589 3.466112 0.009393
v 2.133772 3.481414 0.001054
v 2.168647 3.490059 0.007805
v 2.189722 3.498533 0.003495
v 2.197273 3.499124 0.008742
v 2.189724 3.494582 0.014772
v 2.168150 3.485191 0.021961
v 2.134197 3.475893 0.019449
v 2.182010 3.134406 -0.114629
v 2.179163 3.133721 -0.115077
v 2.176878 3.133004 -0.116615
v 2.175315 3.132628 -0.117477
v 2.174757 3.132581 -0.117924
v 2.175313 3.132839 -0.118078
v 2.176874 3.133394 -0.117722
v 2.179156 3.134231 -0.116495
v 2.181998 3.134965 -0.116119
v 2.185029 3.135386 -0.117275
v 2.187522 3.135808 -0.117506
v 2.189156 3.136085 -0.117238
v 2.189728 3.136113 -0.116906
v 2.189159 3.135874 -0.116637
v 2.187527 3.135417 -0.116399
v 2.185036 3.134874 -0.115846
v 0.989272 2.973965 -0.901357
v -0.096510 2.873059 -1.406344
v -1.045549 2.973965 -0.651296
v -0.340659 2.873059 -1.406344
v 1.151585 2.973965 -0.703540
v 1.276110 2.873059 0.288469
v 0.542949 2.973965 1.520290
v 0.953383 2.873059 0.830699
v -0.697154 2.873059 0.390992
v -1.045549 3.721102 -0.651296
v -0.340659 3.822007 -1.406344
v 1.273652 3.721101 0.292599
v 1.151584 3.822007 -0.703542
v 0.336275 3.822007 0.666299
v -0.697154 3.822007 0.390992
v -1.262141 2.973965 0.439772
v -1.088896 2.931358 0.748216
v -1.262141 3.721101 0.439772
v -1.088896 3.763709 0.748216
v 0.989272 3.655028 -0.901357
v 1.151584 3.822007 -0.703542
v -0.340659 3.822007 -1.406344
v -0.092369 3.655027 -1.406343
v 0.973251 1.837032 -0.623689
v 1.725130 1.955977 0.409919
v 1.460427 1.837032 -0.295770
v 1.659465 1.955977 0.670463
v 1.081302 1.837032 1.210994
v 1.460549 2.667035 -0.295688
v 1.725005 2.785980 0.410416
v 0.973251 2.667035 -0.623689
v 0.986317 2.785980 -0.086139
v 0.486523 2.667035 1.318016
v 0.347477 2.785980 0.904963
v 0.431395 2.667035 -0.227542
v 0.205765 2.785980 0.483991
v 0.486523 1.955976 1.318016
v 0.925919 1.837032 1.238953
v 0.205635 1.955977 0.483607
v 0.431722 1.837032 -0.227781
v 1.081913 2.577917 1.210884
v 0.659156 2.667036 1.286953
v 1.236971 2.785980 0.745494
v 1.659633 2.696861 0.669796
v 1.724959 2.785980 0.410601
v 0.983019 0.850744 -0.004092
v 0.962630 0.850814 -0.482243
v -0.938555 0.847867 0.082147
v -0.318287 0.848984 -0.845196
v -0.500604 0.808465 -0.925577
v 0.960695 0.101838 -0.553917
v 0.959599 0.838797 -0.553763
v 0.988998 0.101742 0.109841
v 0.897981 0.810287 0.318058
v 0.987910 0.832715 0.109993
v 0.098238 0.808980 0.877492
v -0.987220 0.807589 -0.198054
v -0.990031 0.829571 -0.000759
v -0.351944 0.099611 0.759605
v -0.541239 0.848327 0.709404
v -0.198046 0.832774 0.926582
v 0.898985 0.135761 0.317918
v 0.988998 0.101742 0.109841
v -0.132946 0.099925 0.816747
v 0.099242 0.134454 0.877351
v -0.208370 0.176030 -1.051003
v -0.499550 0.099743 -0.925725
v 0.960695 0.101838 -0.553917
v 0.826470 0.177509 -0.757776
v -0.499550 0.099743 -0.925725
v -0.499679 0.186752 -0.925707
v -0.986295 0.185876 -0.198184
v -0.988944 0.098822 -0.000911
v -0.262571 0.828503 -0.950353
v -0.209270 0.781096 -1.050876
v -0.326435 0.808740 -1.000492
v 0.825570 0.782575 -0.757650
v 0.918961 0.830191 -0.615560
v -0.988944 0.098822 -0.000911
v -0.989009 0.142529 -0.000902
v -0.657589 0.142911 0.532569
v -0.351944 0.099611 0.759605
v -1.498202 3.213759 0.400303
v -1.356316 3.435959 0.223238
v -1.425131 3.485768 0.423140
v -1.268255 3.763887 0.251031
v -1.886632 3.542275 0.362942
v -1.888478 3.322632 0.352289
v -1.711757 3.887501 0.196698
v -1.868664 3.609161 0.368558
v -1.768634 3.655130 -0.340286
v -1.670532 3.959211 0.024204
v -1.227082 3.835504 0.078760
v -1.747276 3.820080 -0.139864
v -1.272011 3.516590 -0.279187
v -1.768634 3.655130 -0.340286
v -1.272011 3.516590 -0.279187
v -1.294965 3.494637 -0.142393
v -1.387121 3.413729 -0.206216
v -1.434231 3.274942 0.019058
v -1.742040 3.512738 -0.249881
v -1.824506 3.383815 -0.028957
v -1.661961 3.895603 -0.129224
v -1.747276 3.820080 -0.139864
v -1.680010 3.941648 -0.027962
v -1.747276 3.820080 -0.139864
v -1.708721 3.744315 -0.293841
v -1.768613 3.655224 -0.340246
v -1.283817 3.543690 -0.121775
v -1.284058 3.625715 -0.241646
v -1.227082 3.835504 0.078760
v -1.259984 3.783376 -0.079832
v -1.322645 3.452134 -0.101300
v -1.372976 3.436184 -0.221519
v -1.738871 3.538255 -0.266534
v -1.799563 3.585177 -0.159973
v -0.011559 4.058134 -0.042410
v 0.131508 4.300452 0.071058
v -0.141636 4.300453 0.071058
v -0.511559 4.058135 -0.042410
v 0.488441 4.058135 -0.042410
v 0.155658 4.295649 0.071057
v -0.117486 4.295649 0.071058
v 0.176131 4.281969 0.071058
v 0.738441 4.058135 -0.042410
v 0.238441 4.058134 -0.042410
v 0.189811 4.261496 0.071058
v -0.097012 4.281969 0.071058
v -0.261559 4.058134 -0.042410
v 0.194615 4.237346 0.071058
v -0.761559 4.058135 -0.042410
v -0.483434 4.935248 -0.568254
v 0.189811 4.213196 0.071058
v -0.083333 4.261496 0.071058
v 0.342665 4.936727 -0.585127
v 0.176131 4.192722 0.071058
v -0.078529 4.237346 0.071058
v -0.605823 4.923781 -0.494973
v 0.155658 4.179042 0.071058
v -0.780326 4.903933 -0.222250
v -0.083333 4.213196 0.071057
v 0.428106 4.936727 -0.541383
v 0.131508 4.174239 0.071058
v 0.717648 4.936727 0.101283
v -0.097012 4.192722 0.071058
v 0.107358 4.179043 0.071058
v 0.386470 3.832364 -0.730929
v -0.398001 3.832363 -0.772326
v 0.086884 4.192722 0.071058
v -0.117486 4.179043 0.071058
v 0.863467 3.832364 -0.052682
v 0.073205 4.213196 0.071058
v 0.667362 3.832364 -0.604948
v -0.141636 4.174238 0.071058
v 0.068401 4.237346 0.071058
v -0.630756 3.832364 -0.673910
v 0.073205 4.261496 0.071058
v -0.853321 3.832363 -0.095396
v -0.831122 3.832364 0.047594
v 0.086884 4.281969 0.071058
v -0.165786 4.179043 0.071058
v -0.477491 3.832364 0.441380
v 0.107358 4.295649 0.071057
v -0.782658 3.915441 0.359751
v -0.186259 4.192722 0.071058
v 0.726660 3.832364 0.436496
v 0.336412 3.832364 0.659090
v -0.199939 4.213196 0.071058
v -0.382038 4.927906 0.389712
v -0.744075 4.913617 0.011241
v -0.204743 4.237346 0.071058
v -0.698457 4.714435 0.305073
v 0.661802 4.926808 0.300970
v -0.199939 4.261496 0.071058
v 0.012286 4.926808 0.495189
v 0.171956 4.755401 -0.644647
v -0.186259 4.281969 0.071058
v -0.251953 4.755402 -0.650182
v -0.165786 4.295650 0.071058
v -0.670575 4.755402 -0.456203
v -0.780326 4.755402 -0.222250
v -0.275860 3.869299 -0.829733
v 0.182445 3.869299 -0.825339
v -0.874868 3.869299 -0.234179
v -0.751254 3.869299 -0.601762
v 0.801183 4.750973 -0.197413
v 0.714934 4.750973 -0.394530
v 0.809259 3.874287 -0.532299
v 0.906402 3.874287 -0.206205
v 0.685391 3.872661 0.584063
v 0.484437 3.872661 0.698685
v 0.426540 4.752417 0.605997
v 0.604957 4.752417 0.504229
v -0.854735 4.057993 -0.231639
v -0.825024 4.058135 -0.042410
v -0.856117 4.045041 -0.231813
v -0.736393 4.032526 -0.490042
v -0.761559 4.035638 -0.435646
v -0.739196 4.001737 -0.595562
v -0.761559 4.007910 -0.442326
v -0.511559 3.998681 -0.600921
v -0.270658 4.062107 -0.813311
v -0.261559 4.062107 -0.813224
v -0.269436 4.107417 -0.705373
v -0.261559 4.107412 -0.705297
v -0.511559 3.959877 -0.708511
v -0.011559 3.938861 -0.821292
v 0.180193 4.059499 -0.808894
v -0.011559 3.985433 -0.713259
v 0.238441 4.105067 -0.673751
v 0.238441 4.061919 -0.781797
v 0.488441 4.002332 -0.566627
v 0.179656 4.104888 -0.700891
v 0.738441 4.034986 -0.447031
v 0.738441 4.007008 -0.553591
v 0.488441 3.965921 -0.673934
v 0.839076 4.058134 -0.042410
v 0.885681 4.046931 -0.204473
v 0.884351 4.058014 -0.204362
v 0.790738 4.046424 -0.421605
v 0.793485 4.020896 -0.526665
v -0.078529 4.237346 -0.692134
v -0.083333 4.213196 -0.694276
v -0.097012 4.192722 -0.696193
v -0.083333 4.261496 -0.690092
v -0.097012 4.281969 -0.688461
v -0.117486 4.295650 -0.687490
v -0.186259 4.192722 -0.697123
v -0.165786 4.179043 -0.698094
v -0.117486 4.179043 -0.697591
v -0.141636 4.174238 -0.698259
v -0.141636 4.300452 -0.687350
v -0.186259 4.281969 -0.689501
v -0.165786 4.295650 -0.688072
v -0.204743 4.237346 -0.693529
v -0.199939 4.213196 -0.695516
v -0.199939 4.261496 -0.691417
v 0.194615 4.237346 -0.681813
v 0.189811 4.213196 -0.686249
v 0.189811 4.261496 -0.681810
v 0.177586 4.279793 -0.685768
v 0.178573 4.196377 -0.692981
v 0.176131 4.192722 -0.693329
v 0.155658 4.295650 -0.684681
v 0.155658 4.179042 -0.694781
v 0.176131 4.281969 -0.685599
v 0.131508 4.300453 -0.684580
v 0.086884 4.281969 -0.686764
v 0.107358 4.295650 -0.685312
v 0.131508 4.174238 -0.695503
v 0.086884 4.192722 -0.694342
v 0.107358 4.179043 -0.695310
v 0.068401 4.237346 -0.690767
v 0.073204 4.213196 -0.692747
v 0.073204 4.261496 -0.688705
v -0.473645 2.784941 -0.271295
v -0.333544 2.753919 -0.204571
v -0.598956 2.753919 -1.191278
v -0.730357 2.753919 -1.238410
v -0.704298 2.784941 -1.128781
v -0.439779 1.835993 -0.157247
v -0.333544 1.867015 -0.204571
v -0.598956 1.867015 -1.191279
v -0.730454 1.835993 -1.238346
v -1.407772 1.835993 -0.663531
v -1.306434 1.835993 -0.856615
v -1.407781 2.784942 -0.663132
v -1.306433 2.753919 -0.856615
v -1.414992 2.784941 -0.356919
v -1.319893 2.753919 -0.160981
v -0.960408 2.784941 -0.054459
v -0.844238 1.835993 0.022926
v -1.414992 1.835993 -0.356919
v -1.319893 1.867015 -0.160981
v -1.116487 2.753919 -0.025486
v -0.796282 2.753919 0.001564
v -0.960412 2.784908 -0.054318
v -0.844238 1.835993 0.022926
v -1.116487 1.867015 -0.025486
v -1.341872 1.760180 -0.213592
v -0.643562 1.843502 -0.278047
v -1.155091 1.842810 -0.609970
v -1.109756 1.842898 -0.706116
v 1.512117 1.764482 -0.477044
v 0.815095 1.845700 -0.412696
v -0.556293 1.843457 0.558054
v 1.513283 0.980073 -0.477207
v 0.814440 0.896751 -0.412703
v 1.371847 0.897678 -0.878024
v 0.608587 1.845515 -0.997387
v 1.287324 1.764281 -1.113505
v 0.646262 1.762841 1.210095
v -1.340722 0.986713 -0.213754
v -0.516981 0.894744 -0.289800
v -0.381994 0.894672 1.015469
v -0.032387 0.895679 -1.314563
v -0.890241 0.987582 -1.169156
v 0.469540 1.065182 -1.399650
v -0.032387 0.895679 -1.314563
v 1.371847 0.897678 -0.878024
v 1.288362 1.066341 -1.113651
v -0.984147 1.795817 -0.972376
v -0.891318 1.711629 -1.169004
v 0.468576 1.713701 -1.399515
v 0.528006 1.798120 -1.228696
v 0.829344 1.763632 -1.273469
v 1.190632 1.846218 -0.214640
v 1.487386 1.812295 -0.238592
v 1.367390 1.811874 0.921658
v 1.078755 1.845825 0.867107
v 1.178006 1.824345 0.997391
v 1.368478 1.064366 0.921735
v 1.407144 0.979701 0.549069
v 0.685544 0.896298 0.837178
v 0.647030 0.980963 1.209857
v 0.112240 0.895388 1.108813
v -1.246442 1.760131 0.700693
v -0.977454 1.760489 0.903432
v -1.066473 1.780375 0.783353
v -0.976261 0.959200 0.903265
v -1.245291 0.986664 0.700532
v -0.785782 1.966452 0.195439
v -0.342953 1.966452 0.158002
v -0.549270 1.871969 0.350520
v -0.861051 1.871969 0.610009
v -0.081164 1.871969 0.625499
v -0.026926 1.966452 0.343645
v 0.176530 1.966452 0.759963
v -0.342952 2.726434 0.158002
v -0.785850 2.820917 0.195495
v -0.958888 2.820917 0.339512
v -0.026926 2.726434 0.343645
v 0.176486 2.820917 0.760377
v 0.149360 2.820917 1.014825
v -0.702176 2.820917 1.049258
v 0.149355 1.966452 1.014881
v -0.149743 1.966452 1.296189
v -0.123691 1.871969 1.024415
v -0.702680 1.871969 1.047866
v -1.179979 2.675112 0.523522
v -1.094954 2.762769 0.452757
v -0.034693 2.762776 1.187963
v -0.149743 2.675112 1.296189
v -0.817562 2.762771 1.219665
v -0.950074 1.898342 0.585867
v -1.179979 2.062774 0.523522
v -0.968025 1.966452 0.347116
v -0.983464 2.062774 1.066839
v -0.650219 1.934187 1.224011
v -0.983464 2.675112 1.066839
v -0.614135 2.675112 1.314998
v -0.819156 2.760833 1.222020
v 0.980798 1.864574 -1.253849
v 0.747675 1.954232 -1.630488
v 1.207307 1.954232 -0.887897
v 0.999118 1.864574 -1.224250
v -0.100081 1.864574 -1.179855
v -0.593446 1.954232 -1.538678
v 0.543125 2.813522 -1.223887
v 0.887481 2.813522 -0.667538
v -0.495358 2.813522 -1.152795
v -0.281124 2.813522 -0.309996
v 0.134974 2.813522 -0.149062
v 0.134974 1.954232 -0.149062
v -0.281124 1.954232 -0.309996
v 0.054136 1.864574 -0.573160
v 0.747675 2.671570 -1.630488
v 0.663312 2.760842 -1.462794
v 1.207307 2.671570 -0.887897
v 1.075402 2.760842 -0.797015
v -0.552991 2.760842 -1.379528
v -0.593446 2.671570 -1.538678
v -1.596281 2.647813 0.309271
v -1.850214 2.615585 0.353324
v -1.508873 2.725138 0.306247
v -1.457170 2.964090 0.339662
v -2.061875 2.706778 0.338624
v -1.831464 2.574382 -0.165390
v -1.577558 2.607112 -0.209483
v -2.043526 2.665747 -0.180118
v -1.437063 2.919141 -0.229194
v -1.490524 2.684107 -0.212495
v -1.454113 2.971744 -0.233958
v -1.474235 3.016737 0.334894
v -2.166834 2.866697 -0.176551
v -1.966493 2.775316 -0.236546
v -2.066330 2.702603 -0.193378
v -1.947750 3.065548 -0.258839
v -2.151151 3.109538 -0.195205
v -2.026415 3.211237 -0.230404
v -2.061875 2.706778 0.338624
v -2.181674 2.900097 0.243310
v -2.166003 3.142749 0.224671
v -1.963882 3.109784 0.310214
v -2.041049 3.251523 0.252683
v -1.489064 3.078597 -0.210886
v -1.508854 3.138380 -0.173521
v -2.005163 3.232692 -0.198537
v -2.026415 3.211237 -0.230404
v -1.523282 3.170640 0.234335
v -1.499065 3.094086 0.302984
v -2.041049 3.251523 0.252683
v -2.019590 3.264952 0.209319
v -2.149333 1.562717 0.357423
v -1.848302 1.592195 0.614548
v -1.654499 1.449855 -0.003308
v -2.590178 1.678439 -0.467806
v -1.753687 2.439609 0.699456
v -1.458425 2.274123 0.008036
v -1.652816 2.416604 0.625802
v -2.370722 2.601581 -0.455590
v -1.547462 2.299751 -0.329113
v -2.724616 1.808101 0.041575
v -2.552154 2.533561 0.051176
v -1.791716 2.419622 -0.476030
v -2.183518 2.557888 -0.516813
v -1.915879 2.492285 -0.367394
v -2.647235 1.733469 -0.251618
v -2.590178 1.678439 -0.467806
v -2.370722 2.601581 -0.455590
v -2.447724 2.572713 -0.240512
v -1.848302 1.592195 0.614548
v -2.510225 1.751824 0.442899
v -2.173322 1.589748 0.479724
v -2.337764 2.477284 0.452500
v -1.753687 2.439609 0.699456
v -1.675858 1.456003 -0.084186
v -1.731896 1.523929 -0.339379
v -2.391712 1.683285 -0.528302
v -2.590178 1.678439 -0.467806
v -2.058177 1.549787 -0.303032
v -1.989830 1.587200 -0.487033
v 1.399291 3.623292 0.305498
v 1.544310 3.660166 0.488903
v 1.573229 3.296728 0.336122
v 1.250393 3.424335 -0.198678
v 1.924717 3.929671 0.279877
v 1.989297 3.499445 0.133540
v 1.960174 3.863050 0.286070
v 1.716310 3.651197 -0.425800
v 1.960125 3.386424 -0.039193
v 1.242687 3.720740 -0.069339
v 1.608831 3.899022 -0.247825
v 1.899900 3.427065 -0.208639
v 1.781715 3.559802 -0.382918
v 1.873971 3.530375 -0.223060
v 1.247123 3.550134 -0.143784
v 1.250393 3.424335 -0.198678
v 1.716310 3.651197 -0.425800
v 1.670694 3.756377 -0.350265
v 1.544310 3.660166 0.488903
v 1.315098 3.817497 0.175851
v 1.399472 3.690918 0.340260
v 1.681243 3.995778 -0.002636
v 1.924717 3.929671 0.279877
v 1.566231 3.269615 0.294685
v 1.568563 3.195767 0.151685
v 1.340175 3.344982 -0.167783
v 1.250393 3.424335 -0.198678
v 1.434474 3.309343 0.064083
v 1.479672 3.222566 -0.003896
v 1.611721 3.041533 0.309271
v 1.808934 3.204712 0.353324
v 1.579299 2.929425 0.306247
v 1.663570 2.699927 0.339662
v 2.036527 3.241020 0.338624
v 1.771037 3.229473 -0.165390
v 1.574116 3.065883 -0.209483
v 1.999060 3.265850 -0.180118
v 1.622521 2.727124 -0.229194
v 1.541832 2.954255 -0.212495
v 1.665086 2.691826 -0.233958
v 1.706172 2.664598 0.334894
v 2.210797 3.162151 -0.176551
v 1.992664 3.132064 -0.236545
v 2.038054 3.246930 -0.193378
v 2.132230 2.876902 -0.258839
v 2.327574 2.948654 -0.195204
v 2.276674 2.795974 -0.230405
v 2.036527 3.241020 0.338624
v 2.241214 3.141887 0.243310
v 2.357899 2.928557 0.224672
v 2.169540 2.848178 0.310214
v 2.310604 2.769784 0.252683
v 1.751817 2.620292 -0.210886
v 1.800540 2.580397 -0.173521
v 2.270212 2.766475 -0.198537
v 2.276674 2.795974 -0.230405
v 1.829998 2.560874 0.234335
v 1.768556 2.612565 0.302984
v 2.310604 2.769784 0.252683
v 2.299670 2.746953 0.209320
v 2.238999 2.512739 0.838971
v 2.059786 2.030881 0.569488
v 2.390081 2.021336 0.789525
v 2.242232 1.438488 0.510249
v 2.970929 2.385735 0.275618
v 2.783047 2.726599 0.375935
v 2.860622 1.681681 -0.015529
v 3.008080 2.264900 0.263459
v 2.204514 2.096048 -0.758687
v 2.692783 1.530639 -0.282494
v 2.074610 1.287642 0.243629
v 2.513175 1.820516 -0.523281
v 1.512215 1.823913 -0.169478
v 2.204514 2.096048 -0.758687
v 1.512215 1.823913 -0.169478
v 1.661301 1.880264 0.031720
v 1.649879 2.095345 -0.100405
v 1.823496 2.355690 0.278236
v 2.144640 2.289830 -0.521493
v 2.367545 2.569550 -0.184800
v 2.475586 1.620443 -0.475268
v 2.513175 1.820516 -0.523281
v 2.638238 1.567028 -0.360739
v 2.513175 1.820516 -0.523281
v 2.246823 1.899743 -0.684910
v 2.204602 2.095883 -0.758659
v 1.707742 1.793631 0.046273
v 1.654678 1.667247 -0.181080
v 2.074610 1.287642 0.243629
v 1.915090 1.400309 0.001605
v 1.703537 1.972963 0.093837
v 1.634621 2.046839 -0.123847
v 2.144682 2.247339 -0.557957
v 2.368365 2.234300 -0.471993
v -0.872787 3.693776 -0.588566
v -0.926657 3.985965 -0.572790
v -0.908999 3.686746 -0.599748
v -0.976505 3.976288 -0.588183
v -0.934717 3.680907 -0.627859
v -1.011908 3.968250 -0.626880
v -0.943051 3.677822 -0.665367
v -1.023379 3.964004 -0.678511
v -0.931767 3.678319 -0.702220
v -1.007846 3.964689 -0.729241
v -0.903888 3.682265 -0.728545
v -0.969470 3.970120 -0.765479
v -0.866886 3.688601 -0.737288
v -0.918534 3.978842 -0.777514
v -0.830674 3.695631 -0.726105
v -0.868687 3.988520 -0.762120
v -0.804956 3.701471 -0.697994
v -0.833284 3.996558 -0.723424
v -0.796622 3.704555 -0.660486
v -0.821813 4.000803 -0.671793
v -0.807907 3.704058 -0.623633
v -0.837346 4.000119 -0.621062
v -0.835785 3.700112 -0.597308
v -0.875722 3.994688 -0.584825
v -0.899889 3.840016 -0.576495
v -0.944955 3.831267 -0.590412
v -0.976962 3.824000 -0.625397
v -0.987333 3.820161 -0.672076
v -0.973290 3.820780 -0.717941
v -0.938594 3.825690 -0.750703
v -0.892544 3.833576 -0.761583
v -0.847478 3.842325 -0.747666
v -0.815471 3.849592 -0.712681
v -0.805099 3.853431 -0.666002
v -0.819143 3.852813 -0.620137
v -0.853838 3.847902 -0.587376
v -0.912819 3.912593 -0.586079
v -0.954707 3.904461 -0.599015
v -0.984456 3.897706 -0.631532
v -0.994096 3.894138 -0.674918
v -0.981043 3.894714 -0.717548
v -0.948795 3.899277 -0.747999
v -0.905993 3.906607 -0.758112
v -0.864105 3.914739 -0.745176
v -0.834356 3.921494 -0.712659
v -0.824716 3.925061 -0.669273
v -0.837769 3.924486 -0.626643
v -0.870017 3.919922 -0.596192
v -0.930105 3.758651 -0.590034
v -0.961022 3.751632 -0.623827
v -0.971040 3.747924 -0.668916
v -0.957475 3.748522 -0.713219
v -0.923961 3.753265 -0.744865
v -0.879479 3.760882 -0.755375
v -0.835948 3.769333 -0.741932
v -0.805031 3.776353 -0.708138
v -0.795013 3.780061 -0.663049
v -0.808578 3.779463 -0.618747
v -0.842092 3.774720 -0.587100
v -0.886574 3.767102 -0.576591
v -1.013426 4.180082 -0.596739
v -0.963579 4.189759 -0.581345
v -1.048829 4.172044 -0.635435
v -1.060300 4.167798 -0.687066
v -1.044767 4.168483 -0.737797
v -1.006391 4.173914 -0.774034
v -0.955455 4.182636 -0.786069
v -0.905608 4.192314 -0.770675
v -0.870206 4.200352 -0.731979
v -0.858734 4.204597 -0.680348
v -0.874267 4.203914 -0.629617
v -0.912643 4.198482 -0.593380
v -1.074128 3.965213 -0.430694
v -0.934013 3.992414 -0.387425
v -1.173640 3.942619 -0.539465
v -1.205886 3.930684 -0.684593
v -1.162224 3.932608 -0.827192
v -1.054353 3.947875 -0.929051
v -0.911179 3.972394 -0.962878
v -0.771064 3.999594 -0.919610
v -0.671551 4.022189 -0.810838
v -0.639306 4.034123 -0.665710
v -0.682968 4.032199 -0.523112
v -0.790838 4.016932 -0.421252
v -1.050898 4.140078 -0.524578
v -0.960533 4.157619 -0.496672
v -1.115077 4.125505 -0.594728
v -1.135873 4.117808 -0.688325
v -1.107713 4.119049 -0.780292
v -1.038144 4.128895 -0.845984
v -0.945807 4.144708 -0.867800
v -0.855442 4.162251 -0.839895
v -0.791264 4.176823 -0.769745
v -0.770468 4.184520 -0.676147
v -0.798626 4.183279 -0.584181
v -0.868196 4.173433 -0.518489
v -0.698570 4.104710 -0.808040
v -0.667832 4.116087 -0.669694
v -0.793432 4.083171 -0.911728
v -0.927000 4.057241 -0.952975
v -1.063483 4.033868 -0.920728
v -1.166312 4.019315 -0.823629
v -1.207934 4.017481 -0.687694
v -0.812283 4.099699 -0.436660
v -0.948766 4.076326 -0.404413
v -1.082334 4.050396 -0.445660
v -1.177196 4.028858 -0.549348
v -0.709453 4.114252 -0.533759
v -0.646491 4.076397 -0.667466
v -0.941675 4.034620 -0.388731
v -1.082017 4.007376 -0.432069
v -0.678788 4.064444 -0.812829
v -0.778462 4.041812 -0.921777
v -0.918804 4.014567 -0.965115
v -1.062210 3.990009 -0.931233
v -1.170255 3.974717 -0.829209
v -1.213988 3.972790 -0.686380
v -0.798269 4.059178 -0.422613
v -1.181690 3.984744 -0.541016
v -0.690224 4.074471 -0.524637
v -0.725475 4.143847 -0.799400
v -0.812702 4.124043 -0.894743
v -0.935519 4.100200 -0.932670
v -1.061018 4.078708 -0.903019
v -1.155570 4.065326 -0.813735
v -1.193842 4.063640 -0.688741
v -0.830035 4.139240 -0.457912
v -1.165578 4.074100 -0.561530
v -0.735483 4.152622 -0.547196
v -0.697211 4.154308 -0.672189
v -0.955534 4.117748 -0.428260
v -1.078351 4.093905 -0.466188
v -0.930606 3.989427 -0.473283
v -0.830155 4.006629 -0.497016
v -0.816281 3.994465 -0.846663
v -0.914586 3.975381 -0.877020
v -1.098728 3.954490 -0.579954
v -1.028911 3.970343 -0.503641
v -1.090719 3.947467 -0.781823
v -1.015037 3.958178 -0.853287
v -0.723840 4.018690 -0.668528
v -0.754474 4.017340 -0.568481
v -1.121352 3.946118 -0.681776
v -0.746463 4.010317 -0.770349
v -0.791023 3.969689 -0.435446
v -0.903740 3.927971 -0.942759
v -1.056365 3.921246 -0.444289
v -1.138880 3.890706 -0.815668
v -0.649090 3.985790 -0.664417
v -0.925127 3.946723 -0.403762
v -0.772501 3.953449 -0.902231
v -1.149574 3.900082 -0.546170
v -1.037843 3.905006 -0.911075
v -0.689986 3.983988 -0.530852
v -1.179776 3.888904 -0.682104
v -0.679293 3.974612 -0.800351
v -0.930809 3.999712 -0.523541
v -0.844661 4.003509 -0.804896
v -1.057495 3.973386 -0.603921
v -0.994430 3.976165 -0.809888
v -0.798087 4.020746 -0.595276
v -1.074543 3.967077 -0.680648
v -0.792051 4.015453 -0.747391
v -0.855115 4.012674 -0.541425
v -0.918737 3.989128 -0.827771
v -1.004885 3.985332 -0.546416
v -1.051459 3.968094 -0.756037
v -0.775003 4.021763 -0.670665
v -0.577444 3.714441 -0.951008
v -0.610529 3.893889 -0.941319
v -0.599684 3.710123 -0.957876
v -0.641143 3.887946 -0.950773
v -0.615479 3.706537 -0.975140
v -0.662885 3.883009 -0.974538
v -0.620597 3.704643 -0.998175
v -0.669931 3.880402 -1.006248
v -0.613667 3.704948 -1.020809
v -0.660391 3.880822 -1.037404
v -0.596545 3.707371 -1.036976
v -0.636823 3.884158 -1.059659
v -0.573820 3.711263 -1.042346
v -0.605540 3.889515 -1.067050
v -0.551581 3.715580 -1.035478
v -0.574926 3.895458 -1.057597
v -0.535786 3.719167 -1.018214
v -0.553184 3.900395 -1.033831
v -0.530668 3.721061 -0.995178
v -0.546138 3.903003 -1.002122
v -0.537598 3.720756 -0.972545
v -0.555678 3.902582 -0.970966
v -0.554720 3.718332 -0.956377
v -0.579247 3.899246 -0.948710
v -0.594089 3.804254 -0.943595
v -0.621767 3.798881 -0.952142
v -0.641424 3.794418 -0.973628
v -0.647793 3.792061 -1.002296
v -0.639168 3.792441 -1.030464
v -0.617860 3.795456 -1.050585
v -0.589578 3.800300 -1.057266
v -0.561901 3.805673 -1.048720
v -0.542243 3.810136 -1.027233
v -0.535874 3.812494 -0.998566
v -0.544499 3.812113 -0.970398
v -0.565807 3.809098 -0.950277
v -0.602030 3.848827 -0.949481
v -0.627756 3.843833 -0.957425
v -0.646026 3.839685 -0.977395
v -0.651946 3.837494 -1.004041
v -0.643930 3.837847 -1.030222
v -0.624125 3.840650 -1.048924
v -0.597838 3.845151 -1.055135
v -0.572113 3.850146 -1.047191
v -0.553842 3.854294 -1.027220
v -0.547922 3.856486 -1.000574
v -0.555938 3.856132 -0.974393
v -0.575743 3.853329 -0.955692
v -0.612646 3.754284 -0.951910
v -0.631634 3.749973 -0.972664
v -0.637787 3.747696 -1.000355
v -0.629456 3.748063 -1.027564
v -0.608873 3.750976 -1.046999
v -0.581555 3.755655 -1.053454
v -0.554820 3.760844 -1.045198
v -0.535832 3.765156 -1.024444
v -0.529679 3.767433 -0.996752
v -0.538010 3.767066 -0.969543
v -0.558593 3.764153 -0.950108
v -0.585911 3.759475 -0.943654
v -0.663818 4.013107 -0.956027
v -0.633204 4.019051 -0.946573
v -0.685561 4.008170 -0.979793
v -0.692606 4.005563 -1.011502
v -0.683066 4.005983 -1.042658
v -0.659498 4.009318 -1.064914
v -0.628215 4.014676 -1.072305
v -0.597602 4.020619 -1.062851
v -0.575859 4.025556 -1.039085
v -0.568814 4.028163 -1.007376
v -0.578353 4.027742 -0.976220
v -0.601922 4.024407 -0.953965
v -0.701098 3.881145 -0.854051
v -0.615046 3.897850 -0.827477
v -0.762214 3.867268 -0.920852
v -0.782018 3.859938 -1.009983
v -0.755202 3.861120 -1.097560
v -0.688954 3.870497 -1.160118
v -0.601023 3.885554 -1.180893
v -0.514971 3.902260 -1.154319
v -0.453855 3.916136 -1.087517
v -0.434052 3.923466 -0.998386
v -0.460867 3.922284 -0.910809
v -0.527115 3.912908 -0.848252
v -0.686832 3.988538 -0.911709
v -0.631334 3.999312 -0.894571
v -0.726247 3.979589 -0.954792
v -0.739019 3.974861 -1.012275
v -0.721725 3.975623 -1.068757
v -0.678999 3.981670 -1.109102
v -0.622290 3.991382 -1.122500
v -0.566792 4.002155 -1.105362
v -0.527377 4.011106 -1.062279
v -0.514605 4.015832 -1.004796
v -0.531899 4.015070 -0.948315
v -0.574625 4.009023 -0.907970
v -0.470449 3.966817 -1.085798
v -0.451571 3.973804 -1.000833
v -0.528709 3.953589 -1.149479
v -0.610739 3.937664 -1.174810
v -0.694561 3.923309 -1.155006
v -0.757714 3.914372 -1.095372
v -0.783276 3.913245 -1.011888
v -0.540285 3.963739 -0.857715
v -0.624107 3.949385 -0.837910
v -0.706138 3.933460 -0.863242
v -0.764398 3.920232 -0.926922
v -0.477133 3.972677 -0.917348
v -0.438464 3.949428 -0.999465
v -0.619752 3.923771 -0.828279
v -0.705943 3.907038 -0.854895
v -0.458300 3.942087 -1.088740
v -0.519514 3.928188 -1.155650
v -0.605706 3.911455 -1.182266
v -0.693779 3.896373 -1.161458
v -0.760135 3.886982 -1.098799
v -0.786994 3.885798 -1.011081
v -0.531679 3.938854 -0.849087
v -0.767158 3.893140 -0.921805
v -0.465323 3.948245 -0.911746
v -0.486973 3.990853 -1.080492
v -0.540543 3.978690 -1.139047
v -0.615971 3.964047 -1.162340
v -0.693047 3.950848 -1.144130
v -0.751116 3.942629 -1.089296
v -0.774621 3.941593 -1.012531
v -0.551188 3.988024 -0.870767
v -0.757262 3.948018 -0.934404
v -0.493119 3.996242 -0.925600
v -0.469614 3.997278 -1.002365
v -0.628264 3.974824 -0.852556
v -0.703692 3.960181 -0.875849
v -0.612954 3.896015 -0.880207
v -0.551262 3.906581 -0.894783
v -0.542741 3.899109 -1.109519
v -0.603115 3.887389 -1.128163
v -0.716207 3.874559 -0.945719
v -0.673328 3.884295 -0.898851
v -0.711287 3.870246 -1.069697
v -0.664808 3.876824 -1.113587
v -0.485968 3.913987 -1.000117
v -0.504782 3.913158 -0.938673
v -0.730101 3.869417 -1.008253
v -0.499862 3.908845 -1.062651
v -0.527229 3.883893 -0.856969
v -0.596454 3.858272 -1.168536
v -0.690190 3.854142 -0.862400
v -0.740866 3.835386 -1.090483
v -0.440061 3.893782 -0.997592
v -0.609589 3.869789 -0.837510
v -0.515853 3.873919 -1.143646
v -0.747433 3.841145 -0.924970
v -0.678814 3.844168 -1.149077
v -0.465177 3.892675 -0.915563
v -0.765982 3.834280 -1.008454
v -0.458609 3.886917 -1.081076
v -0.613079 3.902332 -0.911073
v -0.560171 3.904663 -1.083867
v -0.690883 3.886164 -0.960438
v -0.652152 3.887871 -1.086933
v -0.531567 3.915250 -0.955129
v -0.701353 3.882289 -1.007560
v -0.527860 3.912000 -1.048550
v -0.566591 3.910293 -0.922056
v -0.605665 3.895832 -1.097916
v -0.658572 3.893501 -0.925122
v -0.687176 3.882914 -1.053860
v -0.517390 3.915875 -1.001429
v 0.571171 2.749789 -1.302453
v 0.608298 2.923187 -1.328341
v 0.565457 2.747092 -1.324793
v 0.600432 2.919474 -1.359093
v 0.571256 2.741020 -1.346439
v 0.608415 2.911116 -1.388889
v 0.587015 2.733200 -1.361589
v 0.630107 2.900351 -1.409744
v 0.608510 2.725727 -1.366184
v 0.659696 2.890064 -1.416070
v 0.629982 2.720604 -1.358994
v 0.689254 2.883012 -1.406173
v 0.645678 2.719203 -1.341945
v 0.710860 2.881084 -1.382703
v 0.651392 2.721901 -1.319605
v 0.718726 2.884797 -1.351951
v 0.645593 2.727973 -1.297960
v 0.710743 2.893155 -1.322156
v 0.629835 2.735793 -1.282810
v 0.689051 2.903920 -1.301301
v 0.608340 2.743266 -1.278214
v 0.659462 2.914207 -1.294975
v 0.586867 2.748389 -1.285404
v 0.629904 2.921259 -1.304872
v 0.587639 2.837348 -1.314287
v 0.580528 2.833992 -1.342090
v 0.587745 2.826435 -1.369027
v 0.607357 2.816702 -1.387882
v 0.634108 2.807402 -1.393601
v 0.660831 2.801027 -1.384653
v 0.680365 2.799284 -1.363435
v 0.687476 2.802640 -1.335632
v 0.680259 2.810197 -1.308694
v 0.660647 2.819929 -1.289840
v 0.633896 2.829230 -1.284120
v 0.607173 2.835605 -1.293069
v 0.603698 2.877916 -1.324351
v 0.597088 2.874796 -1.350192
v 0.603796 2.867772 -1.375230
v 0.622024 2.858726 -1.392755
v 0.646889 2.850082 -1.398071
v 0.671727 2.844156 -1.389754
v 0.689883 2.842536 -1.370032
v 0.696493 2.845656 -1.344191
v 0.689785 2.852679 -1.319153
v 0.671556 2.861725 -1.301629
v 0.646692 2.870369 -1.296312
v 0.621854 2.876295 -1.304629
v 0.569560 2.791548 -1.333649
v 0.576532 2.784248 -1.359669
v 0.595475 2.774848 -1.377882
v 0.621315 2.765864 -1.383406
v 0.647128 2.759706 -1.374763
v 0.665997 2.758022 -1.354267
v 0.672866 2.761265 -1.327412
v 0.665895 2.768564 -1.301391
v 0.646951 2.777965 -1.283179
v 0.621111 2.786948 -1.277654
v 0.595298 2.793106 -1.286297
v 0.576430 2.794790 -1.306793
v 0.636230 3.036789 -1.382413
v 0.644096 3.040502 -1.351661
v 0.644213 3.028430 -1.412208
v 0.665905 3.017666 -1.433064
v 0.695494 3.007379 -1.439390
v 0.725052 3.000327 -1.429493
v 0.746658 2.998399 -1.406023
v 0.754524 3.002112 -1.375271
v 0.746542 3.010470 -1.345476
v 0.724849 3.021235 -1.324620
v 0.695260 3.031522 -1.318294
v 0.665702 3.038574 -1.328192
v 0.493323 2.950872 -1.365560
v 0.515433 2.961308 -1.279119
v 0.515762 2.927377 -1.449312
v 0.576736 2.897119 -1.507932
v 0.659908 2.868204 -1.525715
v 0.742992 2.848382 -1.497895
v 0.803725 2.842963 -1.431926
v 0.825835 2.853399 -1.345485
v 0.803396 2.876894 -1.261733
v 0.742422 2.907152 -1.203112
v 0.659250 2.936066 -1.185330
v 0.576166 2.955889 -1.213150
v 0.581999 3.030715 -1.381307
v 0.596259 3.037446 -1.325558
v 0.596471 3.015562 -1.435321
v 0.635795 2.996047 -1.473127
v 0.689435 2.977400 -1.484596
v 0.743019 2.964616 -1.466654
v 0.782187 2.961121 -1.424108
v 0.796447 2.967851 -1.368360
v 0.781975 2.983004 -1.314345
v 0.742651 3.002519 -1.276539
v 0.689011 3.021166 -1.265071
v 0.635428 3.033950 -1.283013
v 0.811497 2.926647 -1.275771
v 0.753373 2.955491 -1.219890
v 0.832887 2.904250 -1.355609
v 0.811811 2.894302 -1.438011
v 0.753916 2.899468 -1.500897
v 0.674715 2.918364 -1.527417
v 0.595429 2.945927 -1.510466
v 0.594886 3.001951 -1.229459
v 0.536991 3.007117 -1.292345
v 0.515915 2.997169 -1.374747
v 0.537305 2.974771 -1.454584
v 0.674087 2.983055 -1.202938
v 0.749967 2.931447 -1.207693
v 0.522611 2.985691 -1.283823
v 0.500465 2.975238 -1.370404
v 0.811040 2.901140 -1.266409
v 0.833515 2.877607 -1.350296
v 0.811369 2.867154 -1.436877
v 0.750538 2.872582 -1.502953
v 0.667319 2.892436 -1.530819
v 0.584013 2.921398 -1.513007
v 0.583442 2.980263 -1.217747
v 0.522940 2.951705 -1.454291
v 0.666661 2.960408 -1.189882
v 0.807874 2.952871 -1.287795
v 0.827542 2.932276 -1.361207
v 0.808162 2.923129 -1.436976
v 0.754927 2.927879 -1.494801
v 0.682100 2.945254 -1.519187
v 0.609197 2.970599 -1.503600
v 0.608697 3.022113 -1.245210
v 0.555750 2.997122 -1.452216
v 0.681524 3.004738 -1.220824
v 0.754427 2.979393 -1.236411
v 0.555462 3.026864 -1.303035
v 0.536082 3.017716 -1.378804
v 0.558446 2.943651 -1.301918
v 0.601057 2.939849 -1.255634
v 0.776224 2.867942 -1.348480
v 0.760712 2.860620 -1.409127
v 0.558677 2.919845 -1.421325
v 0.542934 2.936329 -1.362565
v 0.659810 2.878330 -1.474929
v 0.718101 2.864422 -1.455411
v 0.717701 2.905655 -1.248592
v 0.659348 2.925941 -1.236115
v 0.601456 2.898616 -1.462453
v 0.760481 2.884426 -1.289720
v 0.573536 2.926547 -1.217014
v 0.786679 2.820774 -1.421930
v 0.495942 2.921848 -1.359769
v 0.651973 2.844417 -1.509777
v 0.729259 2.880897 -1.207612
v 0.516650 2.931623 -1.278804
v 0.807387 2.830549 -1.340965
v 0.516958 2.899841 -1.438214
v 0.729793 2.825850 -1.483720
v 0.651356 2.907980 -1.190956
v 0.574070 2.871500 -1.493122
v 0.786370 2.852556 -1.262519
v 0.585483 2.940336 -1.316505
v 0.749586 2.883287 -1.351591
v 0.585657 2.922397 -1.406482
v 0.705788 2.880635 -1.432167
v 0.661516 2.926991 -1.266920
v 0.617892 2.906400 -1.437474
v 0.737723 2.895708 -1.307313
v 0.617591 2.937471 -1.281628
v 0.737897 2.877769 -1.397290
v 0.573794 2.934819 -1.362204
v 0.661864 2.891114 -1.446875
v 0.705487 2.911705 -1.276321
v 0.494241 4.881204 0.038074
v 0.498071 5.053278 0.068173
v 0.489262 4.884571 0.016250
v 0.491217 5.057913 0.038132
v 0.495926 4.886657 -0.005282
v 0.500391 5.060785 0.008492
v 0.512449 4.886903 -0.020752
v 0.523135 5.061124 -0.012805
v 0.534402 4.885243 -0.026017
v 0.553354 5.058839 -0.020051
v 0.555903 4.882121 -0.019665
v 0.582952 5.054542 -0.011307
v 0.571191 4.878375 -0.003397
v 0.603997 5.049384 0.011086
v 0.576170 4.875008 0.018427
v 0.610851 5.044749 0.041128
v 0.569505 4.872921 0.039959
v 0.601676 5.041877 0.070768
v 0.552983 4.872675 0.055430
v 0.578932 5.041538 0.092065
v 0.531030 4.874335 0.060694
v 0.548713 5.043823 0.099311
v 0.509529 4.877457 0.054342
v 0.519116 5.048120 0.090567
v 0.493991 4.967320 0.054290
v 0.487795 4.971511 0.027130
v 0.496089 4.974108 0.000333
v 0.516652 4.974414 -0.018921
v 0.543973 4.972347 -0.025473
v 0.570732 4.968463 -0.017567
v 0.589758 4.963800 0.002679
v 0.595954 4.959609 0.029839
v 0.587660 4.957012 0.056636
v 0.567097 4.956707 0.075890
v 0.539777 4.958773 0.082442
v 0.513018 4.962658 0.074535
v 0.501948 5.010081 0.058043
v 0.496189 5.013976 0.032798
v 0.503899 5.016391 0.007891
v 0.523011 5.016675 -0.010005
v 0.548405 5.014754 -0.016094
v 0.573276 5.011144 -0.008746
v 0.590960 5.006809 0.010072
v 0.596719 5.002914 0.035316
v 0.589010 5.000502 0.060223
v 0.569898 5.000216 0.078119
v 0.544504 5.002136 0.084208
v 0.519633 5.005748 0.076860
v 0.485058 4.928422 0.021603
v 0.493069 4.930931 -0.004281
v 0.512931 4.931227 -0.022879
v 0.539322 4.929231 -0.029208
v 0.565170 4.925479 -0.021571
v 0.583548 4.920975 -0.002015
v 0.589533 4.916926 0.024220
v 0.581521 4.914418 0.050104
v 0.561659 4.914123 0.068703
v 0.535269 4.916118 0.075031
v 0.509421 4.919871 0.067394
v 0.491043 4.924375 0.047838
v 0.504036 5.177959 0.053732
v 0.510890 5.173324 0.083773
v 0.513210 5.180831 0.024092
v 0.535954 5.181170 0.002795
v 0.566174 5.178885 -0.004452
v 0.595771 5.174588 0.004293
v 0.616816 5.169431 0.026686
v 0.623670 5.164795 0.056727
v 0.614495 5.161923 0.086367
v 0.591751 5.161585 0.107664
v 0.561532 5.163870 0.114911
v 0.531934 5.168167 0.106166
v 0.382896 5.069833 0.035419
v 0.402160 5.056803 0.119862
v 0.408683 5.077906 -0.047895
v 0.472614 5.078857 -0.107758
v 0.557557 5.072434 -0.128128
v 0.640752 5.060356 -0.103547
v 0.699907 5.045860 -0.040602
v 0.719172 5.032830 0.043841
v 0.693384 5.024756 0.127155
v 0.629454 5.023805 0.187018
v 0.544511 5.030229 0.207388
v 0.461315 5.042306 0.182807
v 0.453211 5.162672 0.049832
v 0.465636 5.154269 0.104292
v 0.469843 5.167879 -0.003900
v 0.511074 5.168492 -0.042507
v 0.565856 5.164350 -0.055644
v 0.619511 5.156561 -0.039791
v 0.657662 5.147211 0.000804
v 0.670087 5.138808 0.055263
v 0.653455 5.133602 0.108996
v 0.612225 5.132987 0.147603
v 0.557442 5.137131 0.160740
v 0.503787 5.144919 0.144887
v 0.692040 5.075703 0.129524
v 0.631097 5.074796 0.186589
v 0.716622 5.083399 0.050103
v 0.698258 5.095819 -0.030394
v 0.641867 5.109639 -0.090397
v 0.562560 5.121153 -0.113829
v 0.481586 5.127275 -0.094411
v 0.470816 5.092433 0.182575
v 0.414425 5.106252 0.122572
v 0.396061 5.118672 0.042075
v 0.420643 5.126368 -0.037346
v 0.550123 5.080919 0.206007
v 0.632235 5.048613 0.190486
v 0.404573 5.081664 0.123222
v 0.385277 5.094715 0.038642
v 0.696268 5.049565 0.130526
v 0.722098 5.057652 0.047077
v 0.702802 5.070704 -0.037503
v 0.643551 5.085223 -0.100549
v 0.560221 5.097321 -0.125170
v 0.475141 5.103755 -0.104767
v 0.463824 5.067144 0.186268
v 0.411107 5.102800 -0.044808
v 0.547154 5.055047 0.210889
v 0.683771 5.102594 0.126038
v 0.706376 5.109671 0.053009
v 0.689489 5.121092 -0.021009
v 0.637637 5.133799 -0.076182
v 0.564713 5.144385 -0.097728
v 0.490257 5.150016 -0.079873
v 0.480353 5.117978 0.174819
v 0.434219 5.149182 -0.027401
v 0.553277 5.107390 0.196365
v 0.627734 5.101760 0.178510
v 0.428501 5.130684 0.119646
v 0.411615 5.142105 0.045628
v 0.446584 5.055170 0.095921
v 0.488088 5.044999 0.140083
v 0.668999 5.038350 0.042584
v 0.655483 5.047493 -0.016661
v 0.451161 5.069976 -0.021778
v 0.433068 5.064311 0.036676
v 0.555611 5.066136 -0.078069
v 0.613980 5.057663 -0.060823
v 0.606053 5.032019 0.143037
v 0.546457 5.036525 0.157328
v 0.496014 5.070644 -0.063777
v 0.650907 5.032686 0.101038
v 0.464165 5.016337 0.170288
v 0.687642 5.019666 -0.038968
v 0.390713 5.042120 0.032237
v 0.554310 5.044557 -0.120949
v 0.621652 4.999008 0.174231
v 0.408758 5.029915 0.111331
v 0.705686 5.007461 0.040125
v 0.414867 5.049681 -0.045799
v 0.632234 5.033244 -0.097926
v 0.542090 5.005024 0.193311
v 0.474748 5.050573 -0.101869
v 0.681532 4.999900 0.118162
v 0.473083 5.061302 0.082967
v 0.640681 5.048628 0.042776
v 0.476532 5.072458 -0.005723
v 0.599222 5.063181 -0.035145
v 0.548341 5.047253 0.129240
v 0.510331 5.072962 -0.037371
v 0.627047 5.044360 0.086823
v 0.504357 5.053638 0.116245
v 0.630496 5.055516 -0.001867
v 0.462899 5.068191 0.038324
v 0.555238 5.069566 -0.048140
v 0.593249 5.043857 0.118471
v -0.688115 4.928665 -0.173024
v -0.703914 4.928123 -0.173718
v -0.717828 4.933322 -0.176951
v -0.727061 4.936118 -0.178298
v -0.730399 4.937968 -0.178565
v -0.727419 4.939502 -0.178189
v -0.718484 4.939554 -0.176746
v -0.704750 4.936123 -0.173396
v -0.688997 4.937106 -0.172562
v -0.673967 4.945356 -0.175908
v -0.660871 4.948659 -0.177158
v -0.651904 4.948718 -0.177317
v -0.648616 4.947420 -0.177344
v -0.651546 4.945334 -0.177429
v -0.660212 4.942424 -0.177371
v -0.673118 4.937302 -0.176224
v -0.694295 4.895620 0.297766
v -0.623060 4.936153 -0.119899
v -0.603406 4.943782 -0.119155
v -0.596997 4.951027 -0.118740
v -0.604782 4.956784 -0.118733
v -0.625600 4.960179 -0.119120
v -0.655250 4.950288 -0.120118
v -0.690501 4.939548 -0.120517
v -0.728122 4.929440 -0.121551
v -0.757759 4.940441 -0.122105
v -0.777648 4.938497 -0.122279
v -0.784047 4.931343 -0.122570
v -0.776272 4.925492 -0.122703
v -0.755679 4.920069 -0.122816
v -0.725058 4.911447 -0.122460
v -0.688561 4.917616 -0.121276
v -0.642389 4.921568 0.050761
v -0.698438 4.901662 0.047668
v -0.740294 4.900164 0.048552
v -0.782698 4.908127 0.048883
v -0.810496 4.915565 0.049243
v -0.820854 4.921878 0.049561
v -0.812041 4.930113 0.049717
v -0.785931 4.927126 0.049759
v -0.745971 4.928333 0.049987
v -0.696808 4.917093 0.049423
v -0.645100 4.943069 0.051634
v -0.603356 4.949031 0.053153
v -0.576368 4.954966 0.054541
v -0.566019 4.948670 0.054777
v -0.574824 4.940371 0.054067
v -0.601479 4.930651 0.052560
v -0.660472 4.912253 0.163962
v -0.694277 4.900286 0.162372
v -0.728431 4.899591 0.164365
v -0.755129 4.910181 0.164308
v -0.773558 4.914337 0.165141
v -0.780357 4.918490 0.165614
v -0.774569 4.923848 0.165452
v -0.757058 4.927397 0.164906
v -0.730795 4.918007 0.165039
v -0.697300 4.915698 0.163004
v -0.662841 4.925227 0.163489
v -0.634293 4.931566 0.166522
v -0.616562 4.938433 0.168335
v -0.609689 4.935287 0.168919
v -0.615508 4.929422 0.168111
v -0.633189 4.923468 0.166438
v -0.690171 4.906701 -0.066556
v -0.738717 4.899536 -0.065673
v -0.776968 4.912061 -0.065854
v -0.803576 4.919604 -0.065804
v -0.813653 4.926381 -0.065634
v -0.805213 4.935052 -0.065302
v -0.779483 4.933702 -0.065112
v -0.747257 4.925361 -0.064700
v -0.693186 4.931231 -0.066290
v -0.644870 4.947805 -0.063094
v -0.605633 4.954705 -0.061563
v -0.579405 4.958827 -0.060679
v -0.569329 4.952067 -0.060632
v -0.577769 4.943368 -0.061181
v -0.603468 4.933994 -0.062223
v -0.642583 4.924994 -0.063486
v -0.670128 4.907025 0.218592
v -0.693802 4.899909 0.215923
v -0.717694 4.899511 0.217095
v -0.738232 4.903458 0.220823
v -0.751335 4.904377 0.223097
v -0.756081 4.906925 0.224775
v -0.752061 4.910821 0.225490
v -0.739591 4.915520 0.225302
v -0.719650 4.916329 0.224174
v -0.695760 4.912456 0.220571
v -0.671398 4.915367 0.223736
v -0.655586 4.919302 0.222109
v -0.645063 4.915638 0.220639
v -0.639202 4.913961 0.221318
v -0.643359 4.910174 0.219228
v -0.653660 4.908168 0.218377
v -0.654352 4.933442 -0.119965
v -0.639263 4.922381 -0.006341
v -0.694356 4.901272 -0.009799
v -0.739929 4.905668 -0.008074
v -0.785089 4.912190 -0.008458
v -0.814147 4.916889 -0.008421
v -0.824950 4.923321 -0.008188
v -0.815732 4.931868 -0.007935
v -0.787812 4.931291 -0.007594
v -0.749160 4.923582 -0.005265
v -0.695725 4.924507 -0.008520
v -0.641054 4.940275 -0.005646
v -0.598596 4.949049 -0.004205
v -0.570774 4.957622 -0.002920
v -0.559978 4.951178 -0.002764
v -0.569189 4.942643 -0.003407
v -0.596995 4.933046 -0.004718
v -0.694184 4.907078 0.105997
v -0.736720 4.896558 0.106271
v -0.770962 4.907748 0.106545
v -0.794539 4.916073 0.107184
v -0.803366 4.921807 0.107592
v -0.795873 4.928762 0.107595
v -0.773339 4.927110 0.107263
v -0.741438 4.911183 0.107442
v -0.697480 4.921174 0.105252
v -0.653161 4.938998 0.107418
v -0.615688 4.939138 0.109681
v -0.593915 4.948401 0.111627
v -0.585374 4.944351 0.112033
v -0.592664 4.936201 0.111248
v -0.614597 4.923799 0.109408
v -0.650530 4.919449 0.107585
v -0.689169 4.949821 -0.160684
v -0.688612 4.951495 -0.176409
v -0.685917 4.958772 -0.189480
v -0.684878 4.962896 -0.198244
v -0.684783 4.965200 -0.201297
v -0.685235 4.966280 -0.198134
v -0.686580 4.965003 -0.189275
v -0.689521 4.959490 -0.176138
v -0.690249 4.958246 -0.160398
v -0.687342 4.964584 -0.144382
v -0.686189 4.966147 -0.130958
v -0.685935 4.964991 -0.122068
v -0.685778 4.963260 -0.118990
v -0.685576 4.961607 -0.122178
v -0.685519 4.959912 -0.131161
v -0.686436 4.956534 -0.144647
v -1.156381 4.883619 -0.170850
v -0.741973 4.944436 -0.095161
v -0.743049 4.949230 -0.074646
v -0.743916 4.955481 -0.067303
v -0.744425 4.962233 -0.074224
v -0.744513 4.968461 -0.094379
v -0.743132 4.962819 -0.125107
v -0.742348 4.957061 -0.161500
v -0.741003 4.952298 -0.200153
v -0.741572 4.967260 -0.228000
v -0.741478 4.968072 -0.247967
v -0.740742 4.961903 -0.255288
v -0.740101 4.955068 -0.248390
v -0.739369 4.946901 -0.228736
v -0.738762 4.934168 -0.199588
v -0.739985 4.935184 -0.162588
v -0.911338 4.920201 -0.116132
v -0.907434 4.908429 -0.174385
v -0.908671 4.912611 -0.216050
v -0.910044 4.926253 -0.256960
v -0.911248 4.937380 -0.283473
v -0.912136 4.945009 -0.292866
v -0.912789 4.951927 -0.283007
v -0.912327 4.945402 -0.257553
v -0.912199 4.941110 -0.217806
v -0.910281 4.923322 -0.170651
v -0.913791 4.941749 -0.115865
v -0.915275 4.941817 -0.073696
v -0.916789 4.943887 -0.046148
v -0.916456 4.936234 -0.036760
v -0.915245 4.929292 -0.046622
v -0.913335 4.923446 -0.074360
v -1.023762 4.905201 -0.135204
v -1.021687 4.898119 -0.170333
v -1.024001 4.901959 -0.204257
v -1.025005 4.916077 -0.229249
v -1.026340 4.922643 -0.246932
v -1.027186 4.927642 -0.253096
v -1.027348 4.932155 -0.246628
v -1.026866 4.933306 -0.228796
v -1.026030 4.920426 -0.204071
v -1.023463 4.913712 -0.171211
v -1.024254 4.918377 -0.135770
v -1.027421 4.920513 -0.106619
v -1.029529 4.924738 -0.088112
v -1.029809 4.920649 -0.081735
v -1.028644 4.915709 -0.088305
v -1.026741 4.912366 -0.106637
v -0.793788 4.920623 -0.165624
v -0.794688 4.920121 -0.214692
v -0.795835 4.937740 -0.250864
v -0.796724 4.948829 -0.276184
v -0.797495 4.956889 -0.285236
v -0.798359 4.964277 -0.275685
v -0.798166 4.959410 -0.250384
v -0.797618 4.946732 -0.219606
v -0.795858 4.945250 -0.165244
v -0.799709 4.954780 -0.115106
v -0.801301 4.956118 -0.075292
v -0.802190 4.956536 -0.048746
v -0.801637 4.948477 -0.039693
v -0.800554 4.941077 -0.049248
v -0.799122 4.935410 -0.075992
v -0.797645 4.931959 -0.115972
v -1.077976 4.897366 -0.145429
v -1.075061 4.893769 -0.169858
v -1.076466 4.896559 -0.193578
v -1.080696 4.902994 -0.213375
v -1.083175 4.905529 -0.226226
v -1.085085 4.908574 -0.230575
v -1.086035 4.911819 -0.226059
v -1.086049 4.914769 -0.213062
v -1.084763 4.912923 -0.193199
v -1.080625 4.906092 -0.170071
v -1.083723 4.905404 -0.145537
v -1.082210 4.907247 -0.129336
v -1.080362 4.902296 -0.119417
v -1.080853 4.899788 -0.113840
v -1.078541 4.896769 -0.118480
v -1.077661 4.896256 -0.128960
v -0.742057 4.946043 -0.126529
v -0.854412 4.924749 -0.112983
v -0.850048 4.911685 -0.170455
v -0.852590 4.922136 -0.214992
v -0.853177 4.934786 -0.258830
v -0.853874 4.943399 -0.286968
v -0.854691 4.951214 -0.296786
v -0.855459 4.958379 -0.286482
v -0.855449 4.953963 -0.258904
v -0.856787 4.940890 -0.221674
v -0.853017 4.934733 -0.168621
v -0.856418 4.942620 -0.112300
v -0.858019 4.945375 -0.069039
v -0.859612 4.949944 -0.040302
v -0.859182 4.942090 -0.030492
v -0.858027 4.934965 -0.040788
v -0.856334 4.929385 -0.069649
v -0.965952 4.908937 -0.169367
v -0.965935 4.904342 -0.212945
v -0.967395 4.920061 -0.245327
v -0.968895 4.931463 -0.267537
v -0.969814 4.938306 -0.275493
v -0.970236 4.944152 -0.267117
v -0.969537 4.939461 -0.245023
v -0.968212 4.919351 -0.215609
v -0.966263 4.923367 -0.170699
v -0.969221 4.934753 -0.124351
v -0.971074 4.929601 -0.087210
v -0.973442 4.935631 -0.064370
v -0.973460 4.930431 -0.056465
v -0.972169 4.923434 -0.064805
v -0.969681 4.914317 -0.088235
v -0.967946 4.915070 -0.124427
v -0.685946 4.950160 -0.160650
v -0.686734 4.950670 -0.144855
v -0.690802 4.956367 -0.131362
v -0.692621 4.959613 -0.122358
v -0.693174 4.961645 -0.119165
v -0.692980 4.962996 -0.122249
v -0.691458 4.962600 -0.131163
v -0.687519 4.958677 -0.144605
v -0.686653 4.958627 -0.160387
v -0.690930 4.965231 -0.175983
v -0.692475 4.967377 -0.189287
v -0.692541 4.966764 -0.198234
v -0.692354 4.965241 -0.201419
v -0.692185 4.963381 -0.198344
v -0.691825 4.961140 -0.189489
v -0.690131 4.957170 -0.176242
v -0.215159 4.982574 -0.151582
v -0.633629 4.960149 -0.226024
v -0.633718 4.966368 -0.246181
v -0.634227 4.973120 -0.253102
v -0.635094 4.979370 -0.245759
v -0.636172 4.984175 -0.225246
v -0.636135 4.976407 -0.194953
v -0.635451 4.968289 -0.159011
v -0.635508 4.960880 -0.120753
v -0.637890 4.973813 -0.092000
v -0.638016 4.973304 -0.072022
v -0.637396 4.966660 -0.065118
v -0.636642 4.960299 -0.072445
v -0.635784 4.953438 -0.092587
v -0.633914 4.942758 -0.122496
v -0.633182 4.946379 -0.159344
v -0.462802 4.970558 -0.205502
v -0.463763 4.954517 -0.148152
v -0.463145 4.956182 -0.106297
v -0.464376 4.967156 -0.064588
v -0.465344 4.976563 -0.037408
v -0.466007 4.983591 -0.027539
v -0.466882 4.991112 -0.036929
v -0.466142 4.986280 -0.062752
v -0.465639 4.984616 -0.102692
v -0.464117 4.969884 -0.150904
v -0.464909 4.992114 -0.204369
v -0.463759 4.995196 -0.246436
v -0.462897 4.999301 -0.273784
v -0.461687 4.992366 -0.283645
v -0.461353 4.984706 -0.274258
v -0.461811 4.976822 -0.246965
v -0.349599 4.978198 -0.186669
v -0.349909 4.968598 -0.152082
v -0.348219 4.970654 -0.117966
v -0.350018 4.983035 -0.092113
v -0.349965 4.988586 -0.074037
v -0.350141 4.993246 -0.067559
v -0.350970 4.998098 -0.073724
v -0.351802 5.000265 -0.091447
v -0.350096 4.989110 -0.116954
v -0.351426 4.984130 -0.150193
v -0.351868 4.991121 -0.185255
v -0.349415 4.995738 -0.214187
v -0.348363 5.001489 -0.232370
v -0.347278 4.997966 -0.238994
v -0.347340 4.992481 -0.232763
v -0.348378 4.987645 -0.214696
v -0.577504 4.943221 -0.156884
v -0.576186 4.939771 -0.107944
v -0.578502 4.954883 -0.070710
v -0.579778 4.964264 -0.044724
v -0.580648 4.971710 -0.035169
v -0.581412 4.979712 -0.044220
v -0.580755 4.976545 -0.069782
v -0.578849 4.966035 -0.101313
v -0.580630 4.967709 -0.155669
v -0.579197 4.981030 -0.205064
v -0.578190 4.985224 -0.244699
v -0.577588 4.987522 -0.271157
v -0.576506 4.980123 -0.280712
v -0.575953 4.972063 -0.271659
v -0.575987 4.964517 -0.245345
v -0.576439 4.958276 -0.205678
v -0.294876 4.981227 -0.176600
v -0.296809 4.975542 -0.152472
v -0.295858 4.977036 -0.128613
v -0.292932 4.982929 -0.108416
v -0.290950 4.985095 -0.095412
v -0.289689 4.988187 -0.090864
v -0.289469 4.991842 -0.095156
v -0.290161 4.995558 -0.107936
v -0.291168 4.994762 -0.127885
v -0.293943 4.988716 -0.151432
v -0.290936 4.990267 -0.175937
v -0.292911 4.992788 -0.191997
v -0.293750 4.988207 -0.202225
v -0.292784 4.986220 -0.207948
v -0.294382 4.982492 -0.203527
v -0.295064 4.981137 -0.193108
v -0.633670 4.959722 -0.194618
v -0.519441 4.963299 -0.208739
v -0.520587 4.945951 -0.152255
v -0.519984 4.953822 -0.107123
v -0.521756 4.963474 -0.062561
v -0.522684 4.970221 -0.033923
v -0.523452 4.977386 -0.023619
v -0.524268 4.985199 -0.033437
v -0.523543 4.982658 -0.061240
v -0.519754 4.972570 -0.099223
v -0.522514 4.969178 -0.152586
v -0.521219 4.981200 -0.208260
v -0.520523 4.987000 -0.251244
v -0.520116 4.993634 -0.279617
v -0.518960 4.986510 -0.289913
v -0.518531 4.978656 -0.280103
v -0.518824 4.971004 -0.251672
v -0.406679 4.967566 -0.152730
v -0.405440 4.960282 -0.109538
v -0.407077 4.973849 -0.076205
v -0.407844 4.983863 -0.053299
v -0.408322 4.990222 -0.044914
v -0.409187 4.996552 -0.052895
v -0.409041 4.993246 -0.075249
v -0.406332 4.975233 -0.105901
v -0.409382 4.981627 -0.150473
v -0.409185 4.996330 -0.195974
v -0.406548 4.994072 -0.233355
v -0.405648 5.001918 -0.255745
v -0.404597 4.997355 -0.263966
v -0.404340 4.989722 -0.256101
v -0.404708 4.978802 -0.233323
v -0.406316 4.976851 -0.197170
v -0.688672 4.932902 -0.169195
v -0.673104 4.935630 -0.168429
v -0.660563 4.943404 -0.164775
v -0.652109 4.947977 -0.163188
v -0.649230 4.950463 -0.162781
v -0.652467 4.951361 -0.163078
v -0.661226 4.949636 -0.164576
v -0.673961 4.943631 -0.168232
v -0.689577 4.941353 -0.169108
v -0.705976 4.946046 -0.165341
v -0.719464 4.946451 -0.163971
v -0.728244 4.944625 -0.163869
v -0.731188 4.942668 -0.163948
v -0.727886 4.941240 -0.163978
v -0.718804 4.940215 -0.164163
v -0.705121 4.937989 -0.165549
v -0.678917 4.932158 -0.641082
v -0.754214 4.930018 -0.222170
v -0.775032 4.933402 -0.222556
v -0.782817 4.939159 -0.222549
v -0.776408 4.946404 -0.222134
v -0.756758 4.954043 -0.221388
v -0.725689 4.950526 -0.220826
v -0.688969 4.947390 -0.220877
v -0.650061 4.945324 -0.220239
v -0.623375 4.962218 -0.218779
v -0.603518 4.964467 -0.218595
v -0.595764 4.958805 -0.218720
v -0.602142 4.951463 -0.219016
v -0.621145 4.941858 -0.219391
v -0.649290 4.927067 -0.220507
v -0.686277 4.925534 -0.221540
v -0.733422 4.930779 -0.393279
v -0.674431 4.922872 -0.391089
v -0.633193 4.930216 -0.391784
v -0.593394 4.946871 -0.391314
v -0.567768 4.959964 -0.391008
v -0.558961 4.968308 -0.390849
v -0.569301 4.974513 -0.390537
v -0.594210 4.966143 -0.390948
v -0.633539 4.958982 -0.391370
v -0.679262 4.937700 -0.391862
v -0.735271 4.952381 -0.392752
v -0.777349 4.949570 -0.394168
v -0.804990 4.949809 -0.395356
v -0.813796 4.941518 -0.396066
v -0.803446 4.935214 -0.395830
v -0.775338 4.931205 -0.394769
v -0.714560 4.932733 -0.506718
v -0.678991 4.928019 -0.505671
v -0.645460 4.934608 -0.507472
v -0.621566 4.950520 -0.506555
v -0.604419 4.958480 -0.506994
v -0.598642 4.963984 -0.507153
v -0.605421 4.967992 -0.506687
v -0.623283 4.967760 -0.506034
v -0.647003 4.953116 -0.506947
v -0.679261 4.943730 -0.505292
v -0.714953 4.945857 -0.505398
v -0.744215 4.946271 -0.508212
v -0.763001 4.949380 -0.509701
v -0.769069 4.944912 -0.510532
v -0.762147 4.940353 -0.510063
v -0.743601 4.938131 -0.508656
v -0.682792 4.918731 -0.276836
v -0.633829 4.921943 -0.277847
v -0.599040 4.942149 -0.276603
v -0.574598 4.955075 -0.275988
v -0.566162 4.963806 -0.275655
v -0.576230 4.970525 -0.275487
v -0.601110 4.963840 -0.275938
v -0.630883 4.948991 -0.277103
v -0.684974 4.943315 -0.275506
v -0.735708 4.949593 -0.277960
v -0.775530 4.948222 -0.279312
v -0.802045 4.946818 -0.280108
v -0.810485 4.938120 -0.280657
v -0.800410 4.931359 -0.280610
v -0.773313 4.927518 -0.279997
v -0.733173 4.926829 -0.279049
v -0.704396 4.933154 -0.561505
v -0.679740 4.930989 -0.559137
v -0.656301 4.935670 -0.560170
v -0.637068 4.944054 -0.563498
v -0.624462 4.947835 -0.565619
v -0.620366 4.951422 -0.567098
v -0.625115 4.954429 -0.567589
v -0.638290 4.956394 -0.567184
v -0.657952 4.952943 -0.566142
v -0.680480 4.943939 -0.562958
v -0.704933 4.941891 -0.566095
v -0.721207 4.942321 -0.564326
v -0.730721 4.936452 -0.563165
v -0.736107 4.933634 -0.563990
v -0.731236 4.930674 -0.562119
v -0.720737 4.930814 -0.561329
v -0.723047 4.933909 -0.222065
v -0.736261 4.927255 -0.336265
v -0.677951 4.917950 -0.333795
v -0.634316 4.931877 -0.334925
v -0.591516 4.947657 -0.333816
v -0.564083 4.958319 -0.333354
v -0.554865 4.966867 -0.333100
v -0.565667 4.973296 -0.332868
v -0.592852 4.966918 -0.333435
v -0.629054 4.951467 -0.336516
v -0.681478 4.940991 -0.333571
v -0.738255 4.945133 -0.335799
v -0.781618 4.944913 -0.336962
v -0.810626 4.947544 -0.337882
v -0.819837 4.939010 -0.338525
v -0.809041 4.932565 -0.338369
v -0.779835 4.928930 -0.337487
v -0.680119 4.931010 -0.448978
v -0.636326 4.929653 -0.449637
v -0.605182 4.947748 -0.448961
v -0.583871 4.960841 -0.448904
v -0.576441 4.968307 -0.448884
v -0.585222 4.973529 -0.448491
v -0.606910 4.967185 -0.448419
v -0.634778 4.944987 -0.449836
v -0.679837 4.945406 -0.447307
v -0.726916 4.953673 -0.448626
v -0.763606 4.946122 -0.451130
v -0.786847 4.950734 -0.452625
v -0.794355 4.945024 -0.453348
v -0.785517 4.938543 -0.453038
v -0.761464 4.930907 -0.451849
v -0.725404 4.934058 -0.450065
v -1.490235 3.865190 -0.105165
v -1.495549 3.861102 -0.116641
v -1.496581 3.860253 -0.129339
v -1.498027 3.859589 -0.137365
v -1.498430 3.860020 -0.140524
v -1.497131 3.861879 -0.138825
v -1.494932 3.864472 -0.132025
v -1.493471 3.866544 -0.120073
v -1.488127 3.870986 -0.108760
v -1.477804 3.878433 -0.101462
v -1.471217 3.882983 -0.093356
v -1.467902 3.884892 -0.086867
v -1.467136 3.884701 -0.084005
v -1.468796 3.882602 -0.085407
v -1.472861 3.878759 -0.090668
v -1.479899 3.872959 -0.098000
v -1.827231 4.045880 -0.000515
v -1.501253 3.907475 -0.049424
v -1.492304 3.917274 -0.037683
v -1.487961 3.923806 -0.035536
v -1.488864 3.926073 -0.043294
v -1.494894 3.923732 -0.059791
v -1.507955 3.910113 -0.078062
v -1.523695 3.894960 -0.099991
v -1.539635 3.879454 -0.124008
v -1.546215 3.880349 -0.149721
v -1.553795 3.874643 -0.163569
v -1.558192 3.868231 -0.165715
v -1.557236 3.865842 -0.157957
v -1.551600 3.866525 -0.140995
v -1.543760 3.867387 -0.115463
v -1.529601 3.880017 -0.090814
v -1.630333 3.967496 -0.023018
v -1.654584 3.940396 -0.057370
v -1.670556 3.930709 -0.087190
v -1.683269 3.927148 -0.120940
v -1.690982 3.926397 -0.143836
v -1.692833 3.928624 -0.153608
v -1.687135 3.936240 -0.150118
v -1.678854 3.939853 -0.129978
v -1.664418 3.949414 -0.101207
v -1.650205 3.952088 -0.061389
v -1.624919 3.982027 -0.032579
v -1.609193 3.995794 -0.003956
v -1.598631 4.006296 0.013882
v -1.597159 4.004321 0.023756
v -1.602493 3.996421 0.020180
v -1.614083 3.983343 0.003927
v -1.717706 4.006418 -0.009472
v -1.732511 3.990220 -0.030148
v -1.746247 3.983230 -0.054409
v -1.752259 3.984695 -0.077726
v -1.758033 3.983923 -0.092502
v -1.759427 3.985507 -0.098865
v -1.755519 3.990359 -0.096610
v -1.747768 3.996338 -0.085226
v -1.741573 3.995635 -0.062644
v -1.729017 4.000404 -0.037788
v -1.714011 4.014594 -0.015983
v -1.703896 4.026426 0.003187
v -1.696613 4.035752 0.014021
v -1.695594 4.035336 0.020293
v -1.699009 4.029707 0.017998
v -1.706074 4.021077 0.006899
v -1.571383 3.895977 -0.076747
v -1.591570 3.880960 -0.109402
v -1.600975 3.881201 -0.141875
v -1.608018 3.880643 -0.164005
v -1.609517 3.883185 -0.173770
v -1.603931 3.891097 -0.170673
v -1.595356 3.895813 -0.151370
v -1.586893 3.897239 -0.124758
v -1.564676 3.912255 -0.087749
v -1.544325 3.935445 -0.057814
v -1.529194 3.949319 -0.031357
v -1.519143 3.958195 -0.013524
v -1.517789 3.955759 -0.003721
v -1.523234 3.947735 -0.006853
v -1.534693 3.935304 -0.022437
v -1.550647 3.920133 -0.047991
v -1.760441 4.024499 -0.003348
v -1.769326 4.013346 -0.018606
v -1.778754 4.008420 -0.035655
v -1.787338 4.008307 -0.051296
v -1.793262 4.007094 -0.060720
v -1.795276 4.008546 -0.064757
v -1.793076 4.012395 -0.063083
v -1.786990 4.018229 -0.055718
v -1.778863 4.022602 -0.041692
v -1.769150 4.023543 -0.023604
v -1.761726 4.032179 -0.006225
v -1.753708 4.037585 0.003557
v -1.750145 4.036709 0.012255
v -1.749074 4.037121 0.017278
v -1.750342 4.032719 0.015180
v -1.754068 4.028747 0.008212
v -1.513208 3.898827 -0.071293
v -1.589651 3.943904 -0.032824
v -1.613703 3.916028 -0.066119
v -1.629660 3.909943 -0.100606
v -1.643329 3.904488 -0.135994
v -1.652156 3.901446 -0.158888
v -1.654068 3.903620 -0.169044
v -1.648193 3.911581 -0.165352
v -1.638692 3.917367 -0.144698
v -1.629060 3.921448 -0.113229
v -1.607528 3.932214 -0.075243
v -1.584958 3.956084 -0.040447
v -1.568012 3.971899 -0.012335
v -1.556226 3.984345 0.005138
v -1.554588 3.982329 0.015375
v -1.560190 3.974209 0.011602
v -1.572284 3.961053 -0.005495
v -1.691467 3.970387 -0.044175
v -1.710187 3.954103 -0.071360
v -1.718914 3.954493 -0.100331
v -1.725031 3.955382 -0.120409
v -1.726588 3.957583 -0.128837
v -1.721669 3.963971 -0.125880
v -1.713969 3.967563 -0.108907
v -1.707923 3.963618 -0.079841
v -1.687550 3.979012 -0.051824
v -1.667505 4.001747 -0.025471
v -1.655699 4.010924 0.002291
v -1.646293 4.022824 0.015237
v -1.644851 4.022070 0.023016
v -1.649548 4.014567 0.020477
v -1.660102 4.000526 0.008570
v -1.673030 3.988989 -0.016458
v -1.492238 3.884826 -0.111023
v -1.480672 3.879259 -0.114469
v -1.468354 3.879146 -0.117829
v -1.460613 3.878387 -0.120369
v -1.457731 3.878659 -0.121762
v -1.459718 3.880677 -0.121829
v -1.466709 3.883363 -0.120520
v -1.478586 3.884659 -0.117962
v -1.490083 3.890492 -0.114794
v -1.498018 3.902428 -0.111654
v -1.506341 3.909584 -0.108604
v -1.512747 3.912711 -0.106165
v -1.515371 3.912898 -0.104790
v -1.513641 3.910422 -0.104704
v -1.507987 3.905367 -0.105906
v -1.500126 3.896991 -0.108141
v -1.672776 3.734074 -0.430158
v -1.557856 3.898212 -0.134080
v -1.570804 3.910184 -0.132359
v -1.574138 3.917474 -0.133731
v -1.567363 3.918983 -0.137970
v -1.551499 3.914471 -0.144446
v -1.531687 3.897543 -0.147747
v -1.508226 3.877944 -0.152611
v -1.482687 3.858165 -0.157893
v -1.458864 3.856191 -0.169462
v -1.444822 3.848088 -0.173810
v -1.441524 3.840834 -0.172557
v -1.448262 3.839288 -0.168197
v -1.464182 3.842392 -0.160656
v -1.488164 3.846469 -0.149596
v -1.513737 3.862987 -0.143214
v -1.611479 3.835887 -0.253250
v -1.573813 3.803337 -0.258182
v -1.544215 3.787821 -0.269199
v -1.512114 3.779090 -0.283576
v -1.490681 3.774929 -0.293947
v -1.482054 3.775883 -0.299289
v -1.486827 3.784770 -0.300227
v -1.506302 3.791463 -0.292277
v -1.535010 3.805830 -0.282426
v -1.572562 3.814552 -0.264866
v -1.605541 3.850242 -0.262765
v -1.635074 3.868302 -0.255164
v -1.653903 3.881370 -0.251327
v -1.662731 3.880277 -0.246382
v -1.657765 3.871494 -0.245029
v -1.639890 3.855840 -0.247252
v -1.643175 3.793021 -0.333813
v -1.620555 3.773343 -0.336996
v -1.596779 3.760726 -0.347077
v -1.575350 3.759321 -0.358069
v -1.561521 3.755845 -0.365065
v -1.555956 3.756409 -0.368761
v -1.559001 3.762279 -0.369172
v -1.570731 3.770924 -0.365554
v -1.591634 3.773027 -0.355187
v -1.615521 3.783265 -0.344103
v -1.638684 3.801699 -0.339045
v -1.659183 3.815153 -0.336108
v -1.671300 3.825639 -0.335349
v -1.677117 3.825548 -0.332759
v -1.673784 3.819558 -0.331483
v -1.661572 3.809708 -0.332673
v -1.535496 3.840060 -0.177845
v -1.502202 3.818189 -0.188454
v -1.471992 3.814292 -0.203123
v -1.451279 3.810692 -0.213004
v -1.442706 3.812116 -0.218346
v -1.447189 3.821145 -0.219672
v -1.466118 3.828849 -0.212548
v -1.491224 3.833658 -0.201215
v -1.528501 3.856658 -0.188168
v -1.561288 3.884155 -0.184064
v -1.588827 3.902037 -0.177487
v -1.607280 3.913673 -0.172804
v -1.615931 3.912204 -0.167622
v -1.611371 3.903212 -0.166133
v -1.594292 3.888010 -0.168565
v -1.567366 3.868583 -0.174499
v -1.657948 3.771490 -0.372656
v -1.641263 3.759034 -0.374276
v -1.624529 3.750331 -0.381207
v -1.610316 3.745221 -0.390706
v -1.601528 3.740835 -0.396084
v -1.598225 3.740619 -0.399475
v -1.600618 3.744602 -0.400408
v -1.608613 3.752271 -0.398799
v -1.622427 3.759919 -0.393091
v -1.639095 3.766186 -0.382829
v -1.657307 3.775712 -0.379775
v -1.667323 3.784345 -0.375990
v -1.675102 3.785663 -0.370806
v -1.679929 3.786263 -0.369107
v -1.676893 3.782675 -0.367288
v -1.669533 3.777958 -0.368625
v -1.535771 3.885659 -0.141199
v -1.591939 3.852674 -0.212702
v -1.555067 3.819677 -0.216670
v -1.521920 3.806928 -0.231496
v -1.487847 3.796413 -0.245545
v -1.465930 3.789933 -0.254975
v -1.456925 3.790845 -0.260420
v -1.461966 3.800069 -0.261439
v -1.482378 3.809035 -0.254142
v -1.512725 3.815971 -0.242710
v -1.549904 3.835630 -0.226779
v -1.587321 3.864787 -0.220477
v -1.616776 3.885137 -0.213706
v -1.635641 3.900418 -0.210583
v -1.644790 3.899392 -0.205408
v -1.639604 3.890282 -0.204119
v -1.620947 3.874276 -0.206829
v -1.597901 3.793221 -0.300031
v -1.569388 3.771130 -0.307359
v -1.542515 3.767510 -0.320788
v -1.524058 3.765346 -0.330586
v -1.516687 3.766378 -0.335370
v -1.520706 3.773936 -0.336059
v -1.537189 3.780477 -0.329292
v -1.563493 3.779767 -0.314990
v -1.592411 3.802465 -0.305743
v -1.621670 3.829781 -0.302441
v -1.649567 3.841996 -0.294262
v -1.664174 3.855547 -0.293450
v -1.671310 3.855416 -0.289954
v -1.667381 3.847273 -0.288208
v -1.653328 3.831375 -0.287939
v -1.627554 3.816531 -0.294419
v -1.491005 3.885771 -0.108787
v -1.501993 3.892817 -0.106284
v -1.510877 3.901709 -0.108523
v -1.516668 3.907454 -0.109162
v -1.518404 3.910116 -0.109640
v -1.515773 3.909744 -0.110623
v -1.509225 3.905926 -0.111210
v -1.499844 3.898244 -0.109696
v -1.488690 3.891535 -0.112305
v -1.477330 3.888357 -0.121032
v -1.468025 3.883710 -0.125681
v -1.462088 3.879387 -0.127357
v -1.460325 3.876999 -0.127328
v -1.462984 3.877097 -0.125898
v -1.469680 3.879488 -0.122997
v -1.479485 3.882892 -0.117592
v -1.319407 4.013659 0.224929
v -1.424169 3.875501 -0.087717
v -1.408306 3.870981 -0.094190
v -1.401532 3.872490 -0.098429
v -1.404866 3.879779 -0.099802
v -1.417811 3.891757 -0.098087
v -1.441170 3.899611 -0.088999
v -1.468303 3.909820 -0.078146
v -1.497064 3.921362 -0.067612
v -1.513505 3.942212 -0.068081
v -1.527467 3.950522 -0.063864
v -1.534156 3.949103 -0.059587
v -1.530909 3.941721 -0.058253
v -1.518966 3.928447 -0.059309
v -1.501179 3.908527 -0.060265
v -1.474379 3.895148 -0.068648
v -1.374204 3.928470 0.037420
v -1.419229 3.942200 0.054354
v -1.447281 3.961672 0.062848
v -1.472867 3.987061 0.066601
v -1.488868 4.005116 0.068112
v -1.493616 4.014080 0.067129
v -1.485022 4.014963 0.061836
v -1.468552 4.000586 0.058787
v -1.441420 3.982190 0.051506
v -1.412473 3.951460 0.047979
v -1.368736 3.943282 0.028333
v -1.338370 3.927355 0.019372
v -1.317906 3.918465 0.012872
v -1.312939 3.909686 0.014221
v -1.321768 3.908589 0.019170
v -1.343277 3.914952 0.027318
v -1.344455 3.966356 0.121158
v -1.371490 3.974746 0.131540
v -1.393706 3.991351 0.139078
v -1.408123 4.010689 0.138633
v -1.418745 4.022364 0.140401
v -1.421754 4.028336 0.139928
v -1.416231 4.028803 0.136298
v -1.403623 4.022403 0.131248
v -1.389080 4.004036 0.131253
v -1.368289 3.985884 0.125217
v -1.342041 3.975338 0.115129
v -1.319755 3.966454 0.109277
v -1.304997 3.962718 0.104213
v -1.301195 3.957658 0.104909
v -1.307287 3.956594 0.108130
v -1.321662 3.960910 0.112850
v -1.457309 3.906084 -0.026371
v -1.491649 3.925281 -0.014056
v -1.513198 3.951326 -0.013512
v -1.528494 3.968778 -0.012464
v -1.532964 3.977848 -0.013814
v -1.524408 3.979233 -0.019130
v -1.507606 3.966090 -0.022786
v -1.488636 3.945590 -0.024112
v -1.451308 3.922722 -0.037242
v -1.412473 3.910687 -0.051207
v -1.383471 3.896548 -0.060172
v -1.364299 3.886751 -0.066027
v -1.359739 3.877759 -0.064539
v -1.368390 3.876290 -0.059356
v -1.388965 3.882550 -0.051222
v -1.418456 3.895420 -0.041106
v -1.330954 3.984634 0.162076
v -1.350096 3.990809 0.167702
v -1.365696 4.002411 0.172784
v -1.376647 4.015864 0.176962
v -1.384190 4.023430 0.180312
v -1.385870 4.027799 0.181055
v -1.381650 4.028486 0.179009
v -1.371893 4.025327 0.174524
v -1.358777 4.015892 0.169957
v -1.345517 4.000911 0.165252
v -1.327076 3.991970 0.161825
v -1.315905 3.986289 0.156156
v -1.310649 3.978521 0.155086
v -1.307012 3.974880 0.155326
v -1.311832 3.973902 0.156419
v -1.319687 3.977355 0.158563
v -1.445941 3.888853 -0.081107
v -1.394462 3.909848 -0.001959
v -1.439382 3.922266 0.015134
v -1.467680 3.947414 0.022053
v -1.495851 3.973020 0.026478
v -1.513704 3.989894 0.029279
v -1.518744 3.999118 0.028259
v -1.509741 4.000030 0.022816
v -1.491169 3.986357 0.018520
v -1.466950 3.963748 0.017083
v -1.432299 3.937628 0.005273
v -1.389613 3.921942 -0.009621
v -1.357895 3.907380 -0.020084
v -1.336066 3.899681 -0.028041
v -1.330880 3.890571 -0.026753
v -1.340029 3.889545 -0.021577
v -1.362188 3.896598 -0.013158
v -1.391555 3.961489 0.090353
v -1.423210 3.975543 0.102807
v -1.442334 3.998979 0.103598
v -1.455124 4.015635 0.104154
v -1.459002 4.023537 0.103241
v -1.451761 4.024219 0.098675
v -1.437394 4.012265 0.095360
v -1.421178 3.987178 0.097509
v -1.389506 3.971524 0.083770
v -1.353342 3.961863 0.069208
v -1.327406 3.944634 0.064228
v -1.309127 3.940472 0.057428
v -1.304575 3.933997 0.058145
v -1.312376 3.932240 0.062712
v -1.331731 3.934579 0.071090
v -1.357822 3.948611 0.078088
v -1.491693 3.869638 -0.106310
v -1.485802 3.875204 -0.095776
v -1.481337 3.884832 -0.088677
v -1.477941 3.890482 -0.083831
v -1.476391 3.892986 -0.082543
v -1.477046 3.892772 -0.085292
v -1.479687 3.889046 -0.091369
v -1.483646 3.880589 -0.099250
v -1.489332 3.875272 -0.110003
v -1.496230 3.876583 -0.122887
v -1.501836 3.874542 -0.132593
v -1.505619 3.871437 -0.138319
v -1.507246 3.869426 -0.139777
v -1.506516 3.869148 -0.136859
v -1.503493 3.870327 -0.129899
v -1.498398 3.871156 -0.119397
v -1.163639 3.666082 -0.196378
v -1.479458 3.830468 -0.164037
v -1.485492 3.828120 -0.180530
v -1.486395 3.830388 -0.188288
v -1.482052 3.836919 -0.186141
v -1.473102 3.846725 -0.174406
v -1.463589 3.851272 -0.150348
v -1.451521 3.857034 -0.122431
v -1.438802 3.864304 -0.093161
v -1.424840 3.882284 -0.079486
v -1.417180 3.888197 -0.065769
v -1.416175 3.885937 -0.058093
v -1.420622 3.879397 -0.060157
v -1.430234 3.868545 -0.070634
v -1.444270 3.851840 -0.086062
v -1.457201 3.842348 -0.112712
v -1.354036 3.761091 -0.184476
v -1.337144 3.769371 -0.138122
v -1.319626 3.783014 -0.110825
v -1.300399 3.803233 -0.087699
v -1.287253 3.817878 -0.073663
v -1.281523 3.825570 -0.070217
v -1.283400 3.827724 -0.079937
v -1.294686 3.816426 -0.095177
v -1.310698 3.802836 -0.121378
v -1.333517 3.778155 -0.147161
v -1.348045 3.775728 -0.193517
v -1.362936 3.764093 -0.223500
v -1.371865 3.757768 -0.244002
v -1.377197 3.749873 -0.247581
v -1.375727 3.747892 -0.237704
v -1.367769 3.751678 -0.215526
v -1.268611 3.717189 -0.194846
v -1.258220 3.722099 -0.166972
v -1.242925 3.733078 -0.145255
v -1.229900 3.749545 -0.133374
v -1.220919 3.758516 -0.123826
v -1.216970 3.763468 -0.121631
v -1.218399 3.764953 -0.127928
v -1.225272 3.761219 -0.140744
v -1.237827 3.745659 -0.152954
v -1.253478 3.732975 -0.172763
v -1.265399 3.726674 -0.199598
v -1.273728 3.719411 -0.221682
v -1.278371 3.716836 -0.236821
v -1.281405 3.712101 -0.239808
v -1.280748 3.710675 -0.233014
v -1.275846 3.713772 -0.218387
v -1.420108 3.814398 -0.119133
v -1.400967 3.826740 -0.084772
v -1.382901 3.848648 -0.066424
v -1.370442 3.863057 -0.053128
v -1.364839 3.871008 -0.050055
v -1.366353 3.873511 -0.059793
v -1.377054 3.863357 -0.075628
v -1.391653 3.846240 -0.092234
v -1.413819 3.831355 -0.129326
v -1.428123 3.823628 -0.169122
v -1.441790 3.813496 -0.197965
v -1.451122 3.806459 -0.216972
v -1.456567 3.798434 -0.220103
v -1.455213 3.795998 -0.210300
v -1.447251 3.799487 -0.189014
v -1.433861 3.808100 -0.159278
v -1.227148 3.695856 -0.198896
v -1.220719 3.700728 -0.179633
v -1.210157 3.708553 -0.164432
v -1.198311 3.717008 -0.154112
v -1.191143 3.721401 -0.146716
v -1.187505 3.724102 -0.145327
v -1.187879 3.724924 -0.149980
v -1.192202 3.723600 -0.160221
v -1.201027 3.717439 -0.173107
v -1.214148 3.707784 -0.185638
v -1.221344 3.699732 -0.203390
v -1.228206 3.697279 -0.215055
v -1.234291 3.691705 -0.219640
v -1.236553 3.688252 -0.222723
v -1.237070 3.688089 -0.217713
v -1.233838 3.690796 -0.209939
v -1.467190 3.839915 -0.142677
v -1.395436 3.782850 -0.173501
v -1.379432 3.790146 -0.127082
v -1.358625 3.808629 -0.100502
v -1.339056 3.829175 -0.074737
v -1.326163 3.842612 -0.058473
v -1.320287 3.850573 -0.054780
v -1.322200 3.852747 -0.064936
v -1.333541 3.842255 -0.082588
v -1.349302 3.822502 -0.104063
v -1.373361 3.805274 -0.137928
v -1.390662 3.794876 -0.181315
v -1.405344 3.784849 -0.213119
v -1.414166 3.779984 -0.235427
v -1.419768 3.771865 -0.239200
v -1.418130 3.769849 -0.228963
v -1.409537 3.774050 -0.206156
v -1.296675 3.748553 -0.157167
v -1.281098 3.756799 -0.124856
v -1.264622 3.776226 -0.108523
v -1.252837 3.789829 -0.097687
v -1.247787 3.796562 -0.094957
v -1.249484 3.798414 -0.103169
v -1.259300 3.789410 -0.116690
v -1.275434 3.767557 -0.129304
v -1.293053 3.759208 -0.161814
v -1.306194 3.754128 -0.199426
v -1.319961 3.739935 -0.223990
v -1.325695 3.737425 -0.242924
v -1.329719 3.731573 -0.246490
v -1.328895 3.729177 -0.237637
v -1.323643 3.729657 -0.217083
v -1.311033 3.740384 -0.191538
v 2.192299 3.240692 -0.050580
v 2.189656 3.241463 -0.048638
v 2.186520 3.241880 -0.047953
v 2.184568 3.242285 -0.047377
v 2.183789 3.242514 -0.047317
v 2.184151 3.242482 -0.047937
v 2.185752 3.242244 -0.048983
v 2.188676 3.241943 -0.049961
v 2.191274 3.241222 -0.051975
v 2.192656 3.240042 -0.055221
v 2.194403 3.239169 -0.057348
v 2.195889 3.238609 -0.058409
v 2.196579 3.238350 -0.058563
v 2.196306 3.238412 -0.057850
v 2.195171 3.238803 -0.056318
v 2.193644 3.239561 -0.053890
v 2.422202 3.788858 0.013938
v 2.283168 3.282979 -0.092640
v 2.298106 3.279045 -0.114213
v 2.300019 3.279249 -0.126238
v 2.288638 3.283530 -0.126901
v 2.265676 3.291263 -0.116085
v 2.242163 3.297782 -0.085233
v 2.213904 3.306733 -0.049595
v 2.182616 3.315936 -0.013006
v 2.145991 3.328606 -0.004087
v 2.127446 3.334827 0.011700
v 2.125539 3.334791 0.023626
v 2.136915 3.330339 0.024390
v 2.160730 3.321548 0.015844
v 2.196726 3.308941 0.003738
v 2.229477 3.299246 -0.027933
v 2.348406 3.486801 -0.057927
v 2.304200 3.497374 0.001619
v 2.264069 3.512638 0.032165
v 2.217119 3.529992 0.053133
v 2.184989 3.542136 0.064553
v 2.170841 3.547832 0.065097
v 2.174391 3.547158 0.050362
v 2.202187 3.537279 0.035447
v 2.241114 3.523909 0.006560
v 2.296749 3.503034 -0.015649
v 2.332395 3.494575 -0.078600
v 2.370626 3.483384 -0.113670
v 2.394195 3.477190 -0.138513
v 2.408568 3.472153 -0.139049
v 2.404822 3.472156 -0.124271
v 2.383944 3.477073 -0.095688
v 2.386236 3.623933 -0.031643
v 2.359671 3.630646 0.004242
v 2.327147 3.644740 0.028656
v 2.293915 3.656859 0.035993
v 2.273371 3.665401 0.044400
v 2.264194 3.669453 0.044756
v 2.266442 3.668685 0.035122
v 2.281290 3.662881 0.019269
v 2.313359 3.651327 0.010976
v 2.347127 3.636603 -0.009830
v 2.375408 3.627703 -0.043646
v 2.400989 3.623010 -0.069934
v 2.414978 3.620800 -0.089340
v 2.424050 3.618238 -0.090768
v 2.421669 3.617739 -0.080615
v 2.407210 3.620341 -0.062195
v 2.258919 3.361313 -0.013424
v 2.215772 3.377384 0.027696
v 2.169803 3.393915 0.040985
v 2.138649 3.405307 0.051463
v 2.124419 3.410857 0.051320
v 2.127398 3.410637 0.036390
v 2.153839 3.401505 0.020025
v 2.191271 3.388479 0.006516
v 2.240407 3.369296 -0.037089
v 2.279122 3.360646 -0.087788
v 2.314276 3.350600 -0.122109
v 2.338025 3.343588 -0.144540
v 2.352340 3.338299 -0.144407
v 2.349282 3.338256 -0.129455
v 2.329335 3.343480 -0.101880
v 2.295761 3.353234 -0.065428
v 2.404040 3.690240 -0.017546
v 2.383944 3.693449 0.006201
v 2.361039 3.703071 0.023180
v 2.339813 3.715703 0.033367
v 2.327243 3.723208 0.041543
v 2.321654 3.727530 0.042206
v 2.323467 3.728018 0.035362
v 2.332746 3.724707 0.021800
v 2.351493 3.716628 0.007122
v 2.376049 3.702992 -0.005457
v 2.399725 3.698992 -0.025245
v 2.412169 3.692612 -0.040368
v 2.424285 3.686215 -0.043848
v 2.431461 3.684514 -0.046116
v 2.428836 3.682484 -0.039339
v 2.419535 3.684540 -0.030139
v 2.253861 3.293104 -0.068159
v 2.325859 3.418673 -0.062961
v 2.283207 3.428159 -0.002824
v 2.236005 3.447302 0.024130
v 2.186929 3.464389 0.048492
v 2.155155 3.475854 0.063650
v 2.140452 3.481637 0.064375
v 2.144248 3.481020 0.049035
v 2.172433 3.471509 0.030348
v 2.216673 3.458666 0.011801
v 2.267598 3.436411 -0.026232
v 2.312982 3.424944 -0.080488
v 2.350092 3.414171 -0.119007
v 2.372761 3.408274 -0.147201
v 2.387636 3.402947 -0.147893
v 2.383668 3.403107 -0.132584
v 2.361657 3.408691 -0.103328
v 2.330627 3.566048 -0.004948
v 2.295306 3.578396 0.035520
v 2.254361 3.593703 0.047454
v 2.225972 3.604939 0.055036
v 2.213749 3.610051 0.055132
v 2.216740 3.609313 0.042647
v 2.239977 3.600602 0.028791
v 2.281821 3.585369 0.023464
v 2.318044 3.570124 -0.017498
v 2.351548 3.561995 -0.066781
v 2.389586 3.551604 -0.092757
v 2.406111 3.548785 -0.117470
v 2.417336 3.545187 -0.119108
v 2.414964 3.544611 -0.105536
v 2.400329 3.546763 -0.077413
v 2.366694 3.556000 -0.048065
v 2.148231 3.131114 -0.057366
v 2.145229 3.131990 -0.055161
v 2.141668 3.132462 -0.054384
v 2.139452 3.132923 -0.053730
v 2.138566 3.133183 -0.053661
v 2.138978 3.133147 -0.054365
v 2.140796 3.132876 -0.055553
v 2.144116 3.132534 -0.056663
v 2.147067 3.131716 -0.058950
v 2.148636 3.130376 -0.062636
v 2.150621 3.129384 -0.065052
v 2.152308 3.128749 -0.066257
v 2.153091 3.128455 -0.066432
v 2.152782 3.128524 -0.065623
v 2.151493 3.128969 -0.063882
v 2.149759 3.129830 -0.061125
v 0.507679 3.738322 1.374549
v 0.542949 3.588232 1.520289
v 0.610906 3.721101 1.406112
v -0.845581 2.973965 1.150382
v -1.026050 2.973965 0.993939
v -1.013344 2.959368 0.990118
v -0.845581 3.588232 1.150382
v -1.018905 3.734723 0.979315
vn -0.2155 -0.3475 0.9126
vn -0.0621 -0.3525 0.9338
vn -0.2707 -0.3784 0.8852
vn -0.4087 -0.3264 0.8523
vn -0.5643 -0.2665 0.7814
vn -0.6565 0.5194 -0.5471
vn -0.0444 0.5429 -0.8386
vn -0.4863 0.5721 -0.6605
vn -0.0661 0.5426 -0.8374
vn 0.1729 0.4759 -0.8623
vn 0.0582 0.4398 -0.8962
vn -0.1289 0.4212 -0.8978
vn 0.0233 0.5615 -0.8272
vn 0.2912 0.7171 -0.6332
vn 0.1534 0.6749 -0.7218
vn 0.2291 0.7381 -0.6346
vn 0.5083 0.0155 0.8610
vn 0.4329 0.0759 0.8982
vn 0.4900 0.0306 0.8712
vn 0.1760 -0.3916 0.9032
vn 0.1313 -0.3742 0.9180
vn 0.1359 -0.3429 0.9295
vn 0.3583 0.1059 -0.9276
vn 0.4449 0.4039 -0.7993
vn 0.2738 0.3895 -0.8794
vn 0.0609 -0.3178 0.9462
vn -0.3513 -0.6505 0.6734
vn -0.3444 -0.7771 0.5267
vn -0.4659 -0.7683 0.4390
vn -0.2845 -0.9330 0.2204
vn 0.1876 -0.2801 0.9415
vn 0.1527 -0.2650 0.9521
vn 0.0743 -0.2811 0.9568
vn 0.0730 -0.3033 0.9501
vn -0.1752 -0.3634 0.9150
vn -0.1976 -0.3581 0.9125
vn 0.1847 -0.2866 0.9401
vn 0.1880 -0.2620 0.9466
vn 0.4401 -0.2105 0.8730
vn 0.4311 -0.1103 0.8955
vn 0.6012 -0.1428 0.7862
vn 0.5691 -0.0139 0.8222
vn 0.5973 0.3766 -0.7081
vn 0.5256 0.5174 -0.6753
vn 0.5318 0.5079 -0.6776
vn 0.5954 0.3814 -0.7071
vn -0.1141 0.3176 -0.9413
vn -0.1062 0.3056 -0.9462
vn -0.1712 0.2840 -0.9434
vn -0.1433 0.3077 -0.9406
vn -0.1606 0.3188 -0.9341
vn -0.1486 0.2824 -0.9477
vn -0.0653 0.3438 -0.9368
vn -0.0652 0.3171 -0.9462
vn 0.1830 0.3671 -0.9120
vn 0.1917 0.3949 -0.8985
vn 0.1921 0.3733 -0.9076
vn 0.2024 0.3682 -0.9075
vn 0.1437 0.3780 -0.9146
vn 0.1770 0.3552 -0.9179
vn -0.5883 0.0998 -0.8025
vn -0.6075 0.2315 -0.7599
vn -0.6091 0.2416 -0.7554
vn -0.5876 0.0946 -0.8036
vn -0.4575 -0.4196 0.7840
vn -0.4925 -0.3165 0.8107
vn -0.6110 -0.2952 0.7346
vn -0.5846 -0.4253 0.6909
vn -0.2923 -0.3848 0.8755
vn -0.3222 -0.3634 0.8742
vn 0.1510 -0.2857 0.9464
vn 0.1870 -0.3126 0.9313
vn 0.0957 -0.3186 0.9430
vn 0.1219 -0.2929 0.9484
vn -0.2257 -0.3244 0.9186
vn -0.1899 -0.3144 0.9301
vn 0.1965 -0.2330 0.9524
vn 0.2022 -0.3065 0.9301
vn 0.4399 -0.0431 0.8970
vn 0.4312 -0.1052 0.8961
vn 0.5633 0.0743 0.8229
vn 0.5649 0.0470 0.8239
vn 0.4374 0.6080 -0.6625
vn 0.0670 0.5742 -0.8159
vn 0.3295 0.6986 -0.6351
vn 0.4497 0.5996 -0.6620
vn -0.1325 0.3455 -0.9290
vn -0.1177 0.4185 -0.9006
vn -0.2307 0.2783 -0.9324
vn -0.1467 0.3526 -0.9242
vn -0.1453 0.3897 -0.9094
vn -0.1132 0.3261 -0.9385
vn -0.0398 0.3536 -0.9345
vn 0.2384 0.3569 -0.9032
vn 0.2450 0.3361 -0.9094
vn 0.2458 0.3592 -0.9003
vn 0.1655 0.3930 -0.9045
vn 0.1399 0.3427 -0.9290
vn -0.3583 0.4502 -0.8179
vn -0.6187 0.3367 -0.7098
vn -0.6295 0.4187 -0.6545
vn -0.6190 0.3483 -0.7039
vn -0.5214 -0.2519 0.8153
vn -0.4785 -0.3123 0.8207
vn -0.6122 -0.2613 0.7463
vn -0.6292 -0.2182 0.7460
vn -0.3917 -0.2970 0.8708
vn -0.3676 -0.3290 0.8698
vn -0.0849 -0.6347 0.7681
vn -0.1768 -0.4286 0.8860
vn -0.3127 -0.4675 0.8268
vn -0.2468 -0.6933 0.6771
vn -0.4425 -0.5465 0.7110
vn -0.5582 -0.5701 0.6028
vn -0.4562 -0.3322 -0.8255
vn -0.5606 -0.0672 -0.8254
vn -0.5539 -0.0997 -0.8266
vn -0.3707 -0.4634 -0.8049
vn 0.0678 0.3509 -0.9340
vn 0.1067 0.3854 -0.9166
vn 0.2022 0.4254 -0.8821
vn 0.1766 0.4053 -0.8970
vn 0.1720 0.4340 -0.8844
vn 0.1342 0.5022 -0.8543
vn -0.1258 0.3634 -0.9231
vn -0.1611 0.3059 -0.9383
vn -0.1792 0.3767 -0.9088
vn -0.1991 0.3106 -0.9294
vn -0.0687 0.3745 -0.9247
vn 0.0710 0.1933 -0.9786
vn -0.0540 0.3552 -0.9332
vn 0.4667 -0.0181 -0.8842
vn 0.6587 0.1884 -0.7285
vn 0.6495 0.2206 -0.7277
vn 0.6788 -0.0656 -0.7314
vn 0.6851 -0.4929 0.5363
vn 0.6550 -0.2812 0.7014
vn 0.4868 -0.3267 0.8101
vn 0.5274 -0.5566 0.6419
vn 0.1941 -0.3516 0.9158
vn 0.2143 -0.4896 0.8452
vn 0.1984 -0.3575 0.9126
vn 0.1876 -0.4431 0.8766
vn 0.2309 -0.4899 0.8406
vn 0.1532 -0.3702 0.9162
vn -0.2583 -0.6030 -0.7548
vn -0.0497 0.2627 -0.9636
vn 0.2344 0.4654 -0.8535
vn 0.0971 0.4069 -0.9083
vn -0.1648 0.2753 -0.9471
vn -0.2351 0.2598 -0.9366
vn -0.0470 0.2566 -0.9654
vn 0.6168 -0.4010 -0.6773
vn 0.6325 -0.7131 0.3023
vn 0.3508 -0.4070 0.8434
vn 0.1828 -0.3882 0.9033
vn 0.2939 -0.3644 0.8836
vn 0.2215 -0.4408 0.8698
vn -0.1055 -0.5605 0.8214
vn -0.3040 -0.6115 0.7305
vn 0.2234 -0.9165 -0.3318
vn -0.3625 0.2421 -0.9000
vn -0.1636 0.3028 -0.9389
vn 0.4831 -0.1875 0.8553
vn 0.3546 -0.2379 0.9042
vn 0.1881 0.3740 -0.9081
vn 0.2392 -0.2768 0.9307
vn 0.1934 0.3742 -0.9069
vn 0.3231 -0.2495 0.9129
vn -0.1835 0.2943 -0.9379
vn -0.2641 -0.3815 0.8858
vn 0.1807 -0.2931 0.9389
vn -0.2468 0.2762 -0.9289
vn -0.3941 -0.3930 0.8308
vn -0.0197 0.3375 -0.9411
vn -0.4730 -0.3955 0.7873
vn -0.5545 -0.3948 0.7326
vn -0.2574 -0.0000 0.9663
vn -0.0000 -0.0000 -1.0000
vn -0.9809 -0.0000 -0.1947
vn -0.0000 -1.0000 -0.0000
vn -0.0334 -0.9916 0.1252
vn 0.1461 -0.9821 -0.1185
vn -0.0341 0.9913 0.1271
vn -0.1787 -0.9833 -0.0355
vn 0.8593 -0.0000 0.5114
vn -0.1787 0.9833 -0.0355
vn -0.7310 -0.0000 -0.6824
vn 0.9924 0.0017 -0.1229
vn 0.7731 -0.0000 -0.6343
vn -0.0000 1.0000 -0.0000
vn -0.9159 0.0082 0.4013
vn -0.6827 0.6704 0.2908
vn -0.6827 -0.6704 0.2908
vn 0.3569 0.5424 -0.7606
vn 0.4224 -0.0012 -0.9064
vn 0.5584 -0.0000 -0.8296
vn -0.5902 -0.0000 -0.8073
vn 0.9697 -0.0000 0.2444
vn -0.9477 -0.0000 0.3190
vn 0.2592 -0.9636 0.0652
vn 0.9364 0.0001 -0.3510
vn 0.1461 0.9651 -0.2172
vn 0.1771 -0.0000 0.9842
vn 0.0470 0.9640 0.2618
vn -0.2465 -0.9656 0.0830
vn -0.9531 -0.0000 -0.3026
vn -0.1535 0.9656 -0.2100
vn 0.2548 0.8929 0.3712
vn 0.2618 0.8456 0.4653
vn 0.6833 -0.0000 0.7302
vn 0.8354 0.0014 -0.5496
vn -0.0917 -0.1063 0.9901
vn 0.2726 0.0006 -0.9621
vn -0.3951 -0.0004 -0.9186
vn 0.9991 0.0015 -0.0426
vn 0.5732 0.0007 0.8194
vn -0.5682 -0.0888 0.8181
vn 0.9179 0.0013 0.3969
vn -0.1685 0.9794 -0.1115
vn 0.0015 -1.0000 -0.0002
vn 0.1227 -0.9753 0.1839
vn -0.8312 -0.0011 -0.5560
vn 0.1017 -0.9208 -0.3766
vn -0.7496 -0.4915 -0.4433
vn 0.0460 0.9848 -0.1674
vn 0.0391 0.9116 -0.4092
vn 0.1057 0.9199 -0.3777
vn -0.1066 0.9639 -0.2442
vn -0.5008 -0.7799 0.3755
vn -0.9999 -0.0015 -0.0141
vn -0.0015 1.0000 0.0002
vn 0.0120 0.9996 0.0236
vn 0.1040 0.9831 0.1509
vn -0.8494 -0.0014 0.5277
vn -0.8448 0.0052 0.5351
vn 0.1965 0.8879 0.4161
vn -0.1348 -0.0469 0.9898
vn 0.2074 0.3386 -0.9178
vn -0.9865 0.0162 -0.1629
vn 0.8878 -0.2699 0.3729
vn -0.0809 -0.6306 -0.7719
vn -0.0479 -0.5417 -0.8392
vn -0.9565 0.2668 -0.1177
vn 0.0366 0.5104 0.8591
vn -0.2415 -0.9510 -0.1931
vn 0.9565 -0.2668 0.1177
vn 0.2718 0.6688 -0.6920
vn 0.2915 0.8892 -0.3526
vn -0.8727 0.4883 -0.0057
vn -0.5709 0.7043 -0.4220
vn -0.6002 0.6478 -0.4691
vn -0.1633 -0.8244 -0.5420
vn -0.5491 0.6872 -0.4756
vn 0.9891 -0.0763 -0.1259
vn 0.9966 -0.0233 0.0788
vn -0.8866 -0.1701 -0.4302
vn 0.7458 -0.6255 -0.2293
vn 0.8636 -0.4999 0.0647
vn 0.0164 -0.8956 -0.4446
vn -0.4270 0.0607 -0.9022
vn -0.8680 0.1183 -0.4823
vn 0.9586 0.0963 0.2681
vn 0.4202 0.0616 -0.9053
vn 0.3653 -0.9229 -0.1220
vn -0.9840 0.0919 0.1523
vn 0.2163 0.7663 0.6049
vn -0.4013 -0.9041 -0.1468
vn -0.3228 -0.9010 0.2899
vn -0.2576 0.0732 0.9635
vn -0.5689 0.6370 0.5201
vn -0.0142 0.9999 0.0095
vn 0.0097 0.0851 -0.9963
vn -0.9277 0.1894 -0.3216
vn -0.0089 0.3634 -0.9316
vn 0.9102 0.1132 -0.3983
vn 0.6211 0.7328 -0.2779
vn 0.4917 0.1232 0.8620
vn 0.1736 -0.9366 0.3043
vn 0.2376 0.9687 -0.0721
vn -0.0860 -0.9954 0.0431
vn 0.2373 -0.9714 -0.0016
vn -0.2367 -0.9714 0.0171
vn 0.4205 0.0805 -0.9037
vn 0.0064 -0.7001 -0.7140
vn -0.0000 -0.9972 -0.0741
vn 0.4303 -0.8976 0.0956
vn -0.4270 0.1027 -0.8984
vn 0.0117 0.0854 -0.9963
vn 0.0104 0.0863 -0.9962
vn -0.0495 -0.9954 0.0818
vn 0.0383 0.9915 -0.1247
vn -0.0515 0.9909 -0.1243
vn 0.0696 -0.9970 0.0346
vn 0.2013 0.9775 -0.0631
vn -0.3752 0.9269 0.0092
vn -0.0000 0.9893 -0.1459
vn -0.2028 -0.9792 0.0075
vn 0.9522 0.1154 -0.2827
vn -0.4459 0.8944 0.0355
vn -0.0000 0.9885 -0.1514
vn -0.9006 0.1018 -0.4225
vn 0.0448 -0.9954 0.0846
vn -0.0590 0.9949 -0.0820
vn 0.0850 0.9902 -0.1109
vn -0.1951 -0.9808 -0.0000
vn -0.5556 -0.8315 -0.0000
vn -0.8315 -0.5556 -0.0000
vn -0.9808 -0.1951 -0.0000
vn -0.9808 0.1951 -0.0000
vn -0.8315 0.5556 -0.0000
vn -0.5556 0.8315 -0.0000
vn -0.1951 0.9808 -0.0000
vn 0.1951 0.9808 -0.0000
vn 0.5556 0.8315 -0.0000
vn 0.8315 0.5556 -0.0000
vn 0.9808 0.1951 -0.0000
vn 0.9808 -0.1951 -0.0000
vn 0.8315 -0.5556 -0.0000
vn 0.5556 -0.8315 -0.0000
vn 0.1951 -0.9808 -0.0000
vn -0.1498 -0.9628 0.2250
vn -0.5524 -0.0000 -0.8336
vn -0.1498 0.9628 0.2250
vn -0.9997 -0.0000 -0.0235
vn 0.9657 -0.0000 -0.2598
vn 0.1054 0.9500 -0.2939
vn 0.2456 0.9671 -0.0661
vn 0.2519 -0.9654 -0.0677
vn -0.8856 0.0001 -0.4644
vn -0.1557 0.9594 -0.2351
vn 0.3373 -0.0001 -0.9414
vn -0.5544 -0.0000 0.8323
vn -0.8996 -0.0000 0.4366
vn 0.4069 -0.0000 0.9135
vn -0.0501 0.8038 0.5928
vn -0.1256 0.0151 0.9920
vn 0.1035 0.9671 0.2323
vn 0.9429 0.0015 -0.3330
vn -0.0374 0.9810 0.1902
vn -0.1856 -0.0005 0.9826
vn -0.1671 -0.0000 -0.9859
vn -0.1028 0.9823 0.1563
vn 0.1311 -0.9792 0.1550
vn -0.9946 -0.0015 0.1038
vn 0.3297 0.0007 -0.9441
vn 0.1120 0.9929 -0.0399
vn -0.9045 -0.0013 -0.4265
vn 0.9947 0.0015 0.1029
vn 0.1195 -0.9928 0.0120
vn -0.1158 -0.9917 -0.0556
vn -0.1100 -0.9939 0.0114
vn 0.1908 -0.7894 -0.5835
vn 0.0776 0.9710 -0.2260
vn 0.0348 0.8911 -0.4525
vn -0.0728 0.9039 -0.4214
vn -0.0336 0.9813 -0.1894
vn 0.1001 0.9912 0.0871
vn 0.1145 0.9933 0.0122
vn 0.0968 0.9778 -0.1860
vn 0.1110 -0.9666 0.2311
vn 0.2044 -0.9498 0.2369
vn 0.3711 0.0004 0.9286
vn -0.2584 0.9038 0.3412
vn -0.6019 -0.0011 0.7986
vn -0.1173 0.9930 0.0123
vn 0.0133 -0.9441 0.3295
vn 0.5065 -0.0000 -0.8622
vn 0.6851 -0.0000 0.7284
vn 0.9944 -0.0000 0.1060
vn -0.0401 -0.8793 -0.4745
vn 0.4316 -0.8770 -0.2109
vn 0.3183 -0.8856 0.3384
vn -0.9404 -0.0000 0.3401
vn 0.1670 -0.9441 -0.2843
vn -0.0843 -0.0000 -0.9964
vn 0.1750 0.9384 -0.2981
vn 0.8985 0.0001 -0.4389
vn -0.6060 0.7647 0.2192
vn 0.0134 0.9435 0.3310
vn -0.0531 -0.0612 0.9967
vn 0.3279 -0.9441 0.0350
vn -0.2109 -0.9441 -0.2535
vn -0.6397 -0.0000 -0.7686
vn 0.0262 0.7630 0.6458
vn -0.3101 0.9441 0.1122
vn -0.5353 -0.8220 -0.1943
vn -0.5117 -0.3978 0.7615
vn -0.5207 -0.8182 0.2436
vn -0.5053 -0.0445 0.8618
vn -0.6099 -0.7397 0.2844
vn -0.9692 -0.0000 0.2464
vn 0.1915 0.9743 -0.1185
vn 0.5674 -0.0000 0.8235
vn -0.0857 -0.9713 0.2217
vn -0.0152 -0.9748 -0.2226
vn 0.8503 -0.0000 -0.5263
vn -0.0683 -0.0000 -0.9977
vn -0.3607 -0.0000 0.9327
vn -0.2173 -0.9745 0.0552
vn 0.1256 -0.9752 0.1822
vn 0.4143 0.8733 -0.2564
vn -0.0330 0.8752 -0.4826
vn -0.0152 0.9748 -0.2226
vn -0.6437 0.7608 -0.0829
vn -0.3984 -0.9153 0.0583
vn 0.6619 -0.7450 0.0823
vn 0.0352 -0.0788 -0.9963
vn 0.1898 -0.1763 0.9659
vn 0.1406 -0.9866 0.0830
vn 0.1897 0.9793 -0.0708
vn 0.9746 -0.2181 0.0517
vn 0.0275 0.3887 0.9209
vn -0.1072 -0.3951 -0.9124
vn -0.9973 0.0613 -0.0401
vn -0.3291 -0.1053 -0.9384
vn -0.2929 0.0284 -0.9557
vn -0.3086 -0.0530 -0.9497
vn -0.0352 0.0788 0.9963
vn -0.3591 0.1765 0.9165
vn -0.4097 0.1378 0.9017
vn -0.8523 -0.5229 0.0113
vn 0.1723 0.6371 -0.7513
vn 0.0942 0.2395 -0.9663
vn 0.1427 0.7733 0.6177
vn 0.9510 0.3091 0.0092
vn -0.2313 -0.9728 -0.0129
vn 0.0067 0.9908 0.1354
vn 0.0997 -0.0106 -0.9950
vn -0.4406 -0.8909 0.1105
vn -0.8531 0.1964 0.4833
vn 0.2313 0.9728 0.0129
vn 0.4671 0.8824 -0.0564
vn 0.9145 -0.2218 0.3384
vn -0.9267 0.2243 -0.3017
vn 0.5618 -0.1443 0.8145
vn 0.3449 0.9133 -0.2167
vn -0.2924 0.0821 -0.9528
vn 0.9390 -0.2197 -0.2647
vn -0.3284 -0.5008 0.8009
vn -0.3189 -0.0028 0.9478
vn -0.0761 -0.9766 0.2011
vn -0.1522 -0.9326 -0.3273
vn -0.1028 -0.9666 -0.2347
vn 0.4755 -0.1016 -0.8738
vn -0.8235 -0.4010 0.4014
vn 0.6688 0.6027 -0.4353
vn 0.0669 -0.7713 -0.6329
vn -0.9240 -0.1729 0.3411
vn -0.5017 0.8450 -0.1853
vn 0.8235 0.4010 -0.4014
vn 0.9380 0.1954 -0.2864
vn 0.5302 -0.2919 0.7960
vn -0.5376 0.3254 -0.7778
vn 0.3204 0.2553 0.9122
vn 0.8679 0.1518 -0.4729
vn -0.1621 -0.5118 -0.8437
vn 0.5498 -0.7385 0.3903
vn -0.5793 0.4746 0.6627
vn -0.2386 0.8317 0.5014
vn -0.7108 -0.3199 0.6264
vn -0.7378 -0.6444 0.2010
vn -0.7239 -0.6177 0.3072
vn 0.2850 -0.9041 -0.3183
vn 0.9510 -0.2979 -0.0829
vn -0.1536 0.9864 0.0583
vn -0.9580 0.2748 0.0823
vn -0.0720 0.0477 -0.9963
vn -0.2547 0.0473 0.9659
vn -0.6470 0.7580 0.0830
vn 0.3642 -0.9286 -0.0708
vn -0.9399 -0.3376 0.0517
vn 0.1850 -0.3430 0.9209
vn -0.1210 0.3911 -0.9124
vn 0.8751 0.4822 -0.0401
vn 0.2215 0.2651 -0.9384
vn 0.2626 0.1328 -0.9557
vn 0.2322 0.2100 -0.9497
vn 0.0720 -0.0477 0.9963
vn 0.3978 0.0432 0.9165
vn 0.4198 0.1030 0.9017
vn 0.4399 0.8980 0.0113
vn 0.1956 -0.6303 -0.7513
vn 0.0486 -0.2527 -0.9663
vn 0.2935 -0.7296 0.6177
vn -0.6377 -0.7702 0.0092
vn 0.4872 -0.8551 0.1775
vn 0.6182 0.1118 0.7780
vn -0.4993 -0.3970 -0.7701
vn 0.6137 0.5145 -0.5989
vn -0.5421 -0.2474 0.8031
vn -0.6492 0.5759 -0.4968
vn -0.6698 0.4832 -0.5638
vn 0.7295 0.2868 -0.6209
vn 0.6747 -0.4507 0.5845
vn -0.3611 0.9325 0.0064
vn -0.7295 -0.2868 0.6209
vn -0.2730 -0.7104 -0.6487
vn -0.0017 -0.9071 -0.4209
vn 0.8310 0.0548 -0.5536
vn 0.4858 -0.2892 -0.8248
vn 0.4554 -0.2258 -0.8612
vn -0.5514 0.7837 -0.2860
vn 0.4333 -0.2865 -0.8545
vn -0.8012 -0.4651 0.3765
vn -0.6703 -0.5139 0.5353
vn 0.3130 0.6184 -0.7209
vn -0.9320 0.1290 0.3387
vn -0.7974 -0.0402 0.6021
vn -0.0277 -0.0306 0.9991
vn -0.0002 -0.1783 0.9840
vn -0.4751 -0.2704 0.8373
vn -0.5129 -0.1248 0.8493
vn -0.8123 -0.3470 0.4687
vn -0.8576 -0.2030 0.4726
vn -0.9216 -0.3875 -0.0231
vn -0.9692 -0.2444 -0.0300
vn -0.7736 -0.3809 -0.5063
vn -0.8180 -0.2377 -0.5238
vn -0.4081 -0.3292 -0.8515
vn -0.4445 -0.1848 -0.8765
vn 0.0771 -0.2461 -0.9662
vn 0.0514 -0.0999 -0.9937
vn 0.5520 -0.1539 -0.8195
vn 0.5366 -0.0057 -0.8438
vn 0.8892 -0.0774 -0.4509
vn 0.8812 0.0725 -0.4671
vn 0.9985 -0.0369 0.0409
vn 0.9929 0.1138 0.0354
vn 0.8505 -0.0434 0.5242
vn 0.8417 0.1072 0.5293
vn -0.0670 0.9841 0.1646
vn -0.1824 0.9643 0.1919
vn -0.1753 0.8795 0.4425
vn 0.0629 0.9203 0.3862
vn 0.4850 -0.0952 0.8693
vn 0.4681 0.0543 0.8820
vn 0.1781 -0.9831 0.0413
vn 0.4753 0.0013 0.8798
vn 0.4532 0.1419 0.8801
vn -0.0436 0.0568 0.9974
vn -0.0180 -0.0832 0.9964
vn 0.8470 0.0539 0.5288
vn 0.8275 0.1949 0.5266
vn 0.9975 0.0605 0.0375
vn 0.9790 0.2016 0.0318
vn 0.8864 0.0194 -0.4626
vn 0.8671 0.1601 -0.4717
vn 0.5435 -0.0585 -0.8374
vn 0.5218 0.0818 -0.8492
vn 0.0607 -0.1522 -0.9865
vn 0.0356 -0.0126 -0.9993
vn -0.4327 -0.2367 -0.8699
vn -0.4612 -0.0977 -0.8819
vn -0.8044 -0.2893 -0.5189
vn -0.8355 -0.1507 -0.5285
vn -0.9548 -0.2959 -0.0276
vn -0.9870 -0.1574 -0.0337
vn -0.8437 -0.2548 0.4725
vn -0.8751 -0.1159 0.4699
vn -0.5008 -0.1769 0.8473
vn -0.5298 -0.0375 0.8473
vn -0.0034 -0.1618 0.9868
vn -0.4799 -0.2543 0.8397
vn -0.8184 -0.3311 0.4697
vn -0.9280 -0.3717 -0.0239
vn -0.7795 -0.3652 -0.5089
vn -0.4126 -0.3133 -0.8553
vn 0.0743 -0.2299 -0.9704
vn 0.5509 -0.1374 -0.8232
vn 0.8893 -0.0605 -0.4533
vn 0.9990 -0.0199 0.0403
vn 0.8505 -0.0265 0.5253
vn 0.4836 -0.0784 0.8718
vn -0.2954 0.9424 0.1570
vn 0.0200 0.9964 0.0825
vn 0.0552 0.9979 -0.0325
vn 0.0292 0.9883 -0.1496
vn -0.0511 0.9701 -0.2373
vn -0.1640 0.9482 -0.2722
vn -0.2795 0.9284 -0.2449
vn -0.3665 0.9161 -0.1627
vn -0.4017 0.9145 -0.0478
vn -0.3757 0.9242 0.0693
vn -0.5550 0.7800 -0.2892
vn -0.6277 0.7768 -0.0519
vn 0.2424 0.9457 0.2167
vn 0.8386 -0.2032 0.5055
vn 0.9793 -0.1970 0.0457
vn 0.9992 -0.0088 0.0400
vn 0.8503 -0.0153 0.5260
vn -0.3589 -0.4751 -0.8034
vn -0.7067 -0.5243 -0.4750
vn -0.7833 -0.3548 -0.5105
vn -0.4156 -0.3027 -0.8577
vn -0.5740 0.7966 0.1895
vn 0.3150 0.9489 -0.0205
vn 0.0291 -0.3315 0.9430
vn 0.4907 -0.2525 0.8339
vn 0.4826 -0.0674 0.8732
vn -0.0054 -0.1509 0.9885
vn -0.4084 0.8342 0.3705
vn 0.5545 -0.3084 -0.7729
vn 0.1027 -0.3961 -0.9125
vn 0.0724 -0.2192 -0.9730
vn 0.5500 -0.1265 -0.8255
vn -0.7436 -0.4921 0.4528
vn -0.4227 -0.4192 0.8035
vn -0.4830 -0.2436 0.8410
vn -0.8222 -0.3207 0.4703
vn 0.2614 0.9290 -0.2620
vn 0.6295 0.7770 -0.0021
vn 0.5447 0.7456 -0.3840
vn 0.2827 0.6861 -0.6703
vn 0.0958 0.8914 -0.4430
vn -0.0861 0.6145 -0.7842
vn -0.1373 0.8461 -0.5150
vn -0.4629 0.5500 -0.6952
vn -0.3755 0.8054 -0.4587
vn -0.7468 0.5098 -0.4271
vn -0.8617 0.5047 -0.0518
vn -0.1462 0.6672 0.7304
vn 0.2307 0.7317 0.6414
vn -0.5149 0.5956 0.6165
vn -0.7769 0.5361 0.3302
vn 0.5146 0.7719 0.3733
vn -0.8475 -0.5305 -0.0152
vn -0.9321 -0.3613 -0.0244
vn 0.8754 -0.2355 -0.4222
vn 0.8893 -0.0494 -0.4547
vn 0.7964 0.3156 0.5159
vn 0.9463 0.3222 0.0263
vn 0.8418 0.5396 0.0146
vn 0.7016 0.5334 0.4724
vn -0.8880 0.0080 0.4597
vn -0.5464 0.0856 0.8331
vn -0.5542 0.3184 0.7691
vn -0.8736 0.2458 0.4199
vn 0.4261 0.2632 0.8655
vn 0.3553 0.4844 0.7994
vn -0.9987 -0.0329 -0.0385
vn -0.9771 0.2075 -0.0460
vn -0.0654 0.1790 0.9817
vn -0.1043 0.4057 0.9080
vn -0.8488 -0.0263 -0.5280
vn -0.8370 0.2137 -0.5038
vn -0.4785 0.0261 -0.8777
vn -0.4907 0.2627 -0.8308
vn 0.0130 0.1103 -0.9938
vn -0.0310 0.3414 -0.9394
vn 0.4940 0.2036 -0.8453
vn 0.4188 0.4287 -0.8005
vn 0.8356 0.2812 -0.4719
vn 0.7383 0.5013 -0.4513
vn 0.1390 -0.9895 0.0399
vn 0.1434 -0.9878 0.0599
vn -0.2135 -0.9471 0.2396
vn -0.2616 -0.9649 0.0232
vn 0.2110 -0.9755 0.0622
vn 0.2170 -0.9753 0.0425
vn 0.5832 -0.8107 0.0513
vn 0.5181 -0.8135 0.2640
vn 0.1598 -0.9871 0.0063
vn 0.1450 -0.9892 0.0203
vn -0.1965 -0.9620 -0.1894
vn -0.0356 -0.9393 -0.3413
vn 0.1764 -0.9810 0.0808
vn 0.1961 -0.9776 0.0762
vn 0.3573 -0.8363 0.4158
vn 0.1438 -0.8729 0.4663
vn 0.1988 -0.9800 0.0076
vn 0.1795 -0.9837 0.0016
vn 0.1779 -0.9027 -0.3917
vn 0.3868 -0.8622 -0.3272
vn 0.1571 -0.9847 0.0749
vn -0.0651 -0.9134 0.4018
vn 0.2125 -0.9769 0.0226
vn 0.5352 -0.8285 -0.1650
vn -0.3408 -0.8916 0.2981
vn -0.4035 -0.9148 0.0158
vn 0.6985 -0.7136 0.0525
vn 0.6136 -0.7174 0.3299
vn -0.3186 -0.9111 -0.2616
vn -0.1088 -0.8814 -0.4597
vn 0.4038 -0.7471 0.5280
vn 0.1253 -0.7948 0.5938
vn 0.1697 -0.8337 -0.5255
vn 0.4423 -0.7808 -0.4413
vn -0.1472 -0.8477 0.5097
vn 0.6358 -0.7368 -0.2297
vn 0.3711 -0.9137 0.1658
vn 0.4072 -0.9121 0.0479
vn 0.0640 -0.9834 -0.1699
vn -0.0252 -0.9960 -0.0856
vn 0.1635 -0.9466 0.2780
vn 0.2819 -0.9263 0.2500
vn 0.2983 -0.9406 -0.1621
vn 0.1824 -0.9631 -0.1978
vn -0.0346 -0.9877 0.1523
vn 0.0477 -0.9690 0.2422
vn -0.0613 -0.9976 0.0323
vn 0.3806 -0.9219 -0.0721
vn 0.8812 0.0725 -0.4672
vn 0.8671 0.1602 -0.4717
vn -0.4127 -0.3133 -0.8553
vn -0.0510 0.9701 -0.2373
vn -0.7435 -0.4921 0.4528
vn 0.6295 0.7770 -0.0020
vn -0.0860 0.6145 -0.7842
vn -0.1461 0.6672 0.7304
vn -0.8475 -0.5306 -0.0152
vn -0.8880 0.0081 0.4597
vn 0.4188 0.4288 -0.8005
vn 0.6358 -0.7369 -0.2297
vn -0.8478 0.2778 0.4517
vn -0.8729 0.1301 0.4702
vn -0.9973 0.0714 -0.0162
vn -0.9749 0.2178 -0.0453
vn -0.8711 -0.0608 -0.4874
vn -0.8459 0.0828 -0.5269
vn -0.5280 -0.2310 -0.8172
vn -0.4953 -0.0912 -0.8639
vn -0.0600 -0.3937 -0.9173
vn -0.0171 -0.2575 -0.9661
vn 0.4074 -0.5052 -0.7607
vn 0.4606 -0.3714 -0.8062
vn 0.7491 -0.5357 -0.3896
vn 0.8097 -0.4026 -0.4269
vn 0.8735 -0.4770 0.0968
vn 0.9369 -0.3426 0.0701
vn 0.7473 -0.3448 0.5680
vn 0.8079 -0.2075 0.5516
vn 0.4042 -0.1746 0.8978
vn 0.4573 -0.0335 0.8887
vn -0.0637 -0.0119 0.9979
vn -0.0209 0.1327 0.9909
vn 0.1672 0.9859 0.0089
vn 0.0859 0.9931 -0.0794
vn -0.1466 0.9881 0.0471
vn 0.0212 0.9731 0.2294
vn -0.5312 0.0996 0.8414
vn -0.4986 0.2467 0.8310
vn -0.2867 -0.9396 0.1868
vn -0.5115 0.1950 0.8369
vn -0.4741 0.3308 0.8160
vn -0.8240 0.3620 0.4359
vn -0.8590 0.2260 0.4595
vn -0.0362 0.0816 0.9960
vn 0.0046 0.2166 0.9763
vn 0.4396 -0.0838 0.8943
vn 0.4837 0.0500 0.8738
vn 0.7884 -0.2569 0.5589
vn 0.8350 -0.1243 0.5361
vn 0.9168 -0.3913 0.0798
vn 0.9642 -0.2596 0.0536
vn 0.7903 -0.4510 -0.4147
vn 0.8368 -0.3198 -0.4443
vn 0.4429 -0.4200 -0.7921
vn 0.4870 -0.2885 -0.8244
vn -0.0324 -0.3066 -0.9513
vn 0.0083 -0.1743 -0.9846
vn -0.5083 -0.1412 -0.8495
vn -0.4708 -0.0078 -0.8822
vn -0.8571 0.0319 -0.5142
vn -0.8221 0.1665 -0.5445
vn -0.9854 0.1663 -0.0351
vn -0.9513 0.3019 -0.0620
vn -0.8711 0.1470 0.4686
vn -0.9959 0.0880 -0.0195
vn -0.8692 -0.0446 -0.4924
vn -0.5249 -0.2155 -0.8234
vn -0.0553 -0.3788 -0.9238
vn 0.4139 -0.4907 -0.7667
vn 0.7569 -0.5213 -0.3942
vn 0.8817 -0.4624 0.0939
vn 0.7550 -0.3297 0.5668
vn 0.4107 -0.1588 0.8978
vn -0.0590 0.0044 0.9982
vn -0.5281 0.1164 0.8412
vn 0.0563 0.9792 -0.1951
vn 0.2784 0.9593 0.0462
vn 0.3898 0.9206 0.0224
vn 0.4714 0.8801 -0.0561
vn 0.5015 0.8487 -0.1682
vn 0.4719 0.8347 -0.2840
vn 0.3906 0.8420 -0.3723
vn 0.2793 0.8685 -0.4095
vn 0.1680 0.9072 -0.3857
vn 0.0863 0.9477 -0.3072
vn 0.2525 0.7309 -0.6341
vn 0.0228 0.8108 -0.5849
vn 0.2507 0.9183 0.3062
vn -0.1079 -0.1660 0.9802
vn 0.3374 -0.3208 0.8850
vn 0.4149 -0.1485 0.8977
vn -0.0558 0.0152 0.9983
vn 0.3404 -0.6354 -0.6930
vn -0.1043 -0.5293 -0.8420
vn -0.0521 -0.3689 -0.9280
vn 0.4181 -0.4811 -0.7706
vn -0.1457 0.8943 -0.4230
vn 0.4805 0.8385 0.2571
vn -0.8777 -0.0309 0.4781
vn -0.5526 -0.0599 0.8313
vn -0.5260 0.1273 0.8409
vn -0.8697 0.1580 0.4675
vn -0.2076 0.9592 -0.1916
vn 0.7839 -0.6086 0.1228
vn 0.6656 -0.6645 -0.3399
vn 0.7618 -0.5117 -0.3972
vn 0.8869 -0.4527 0.0920
vn -0.8760 -0.2126 -0.4330
vn -0.9961 -0.0868 0.0154
vn -0.9949 0.0990 -0.0217
vn -0.8679 -0.0340 -0.4956
vn 0.6489 0.7549 0.0952
vn 0.5489 0.6344 0.5443
vn 0.8154 0.5022 0.2881
vn 0.9134 0.3995 -0.0779
vn 0.7109 0.6900 -0.1362
vn 0.8168 0.3539 -0.4556
vn 0.6498 0.6612 -0.3750
vn 0.5514 0.3776 -0.7439
vn 0.4820 0.6761 -0.5572
vn 0.1883 0.4642 -0.8655
vn -0.1751 0.5906 -0.7878
vn -0.4430 0.8711 0.2121
vn -0.1776 0.8474 0.5004
vn -0.5396 0.8255 -0.1656
vn -0.4416 0.7228 -0.5316
vn 0.1855 0.7608 0.6220
vn -0.5496 -0.3745 -0.7468
vn -0.5228 -0.2053 -0.8274
vn 0.6638 -0.4828 0.5712
vn 0.7599 -0.3197 0.5659
vn 0.0403 0.3316 0.9426
vn 0.5144 0.1668 0.8412
vn 0.5505 0.3838 0.7414
vn 0.1072 0.5379 0.8362
vn -0.7775 0.2821 -0.5620
vn -0.9054 0.4160 -0.0847
vn -0.7772 0.6168 -0.1245
vn -0.6576 0.4916 -0.5709
vn -0.4332 0.4446 0.7840
vn -0.3357 0.6435 0.6879
vn -0.4300 0.1096 -0.8962
vn -0.3326 0.3303 -0.8833
vn -0.7794 0.4755 0.4080
vn -0.6594 0.6724 0.3363
vn 0.0441 -0.0552 -0.9975
vn 0.1107 0.1762 -0.9781
vn 0.5176 -0.1681 -0.8389
vn 0.5535 0.0705 -0.8298
vn 0.8638 -0.1990 -0.4629
vn 0.8773 0.0416 -0.4782
vn 0.9898 -0.1396 0.0297
vn 0.9951 0.0973 -0.0175
vn 0.8619 -0.0056 0.5071
vn 0.8755 0.2225 0.4289
vn -0.3054 -0.9400 0.1518
vn -0.3194 -0.9331 0.1652
vn -0.6149 -0.7860 -0.0635
vn -0.4640 -0.8609 -0.2086
vn -0.2866 -0.9311 0.2255
vn -0.2676 -0.9377 0.2215
vn -0.0538 -0.8361 0.5460
vn -0.2597 -0.7645 0.5900
vn -0.2674 -0.9512 0.1541
vn -0.2864 -0.9466 0.1477
vn -0.2581 -0.9325 -0.2527
vn -0.0524 -0.9816 -0.1838
vn -0.3194 -0.9254 0.2041
vn -0.3056 -0.9266 0.2192
vn -0.4654 -0.7154 0.5211
vn -0.6158 -0.7020 0.3578
vn -0.2485 -0.9500 0.1889
vn -0.2536 -0.9524 0.1692
vn 0.0979 -0.9950 -0.0205
vn 0.1527 -0.9691 0.1935
vn -0.3245 -0.9278 0.1843
vn -0.6705 -0.7278 0.1438
vn -0.2536 -0.9447 0.2081
vn 0.0971 -0.9110 0.4008
vn -0.7019 -0.6967 -0.1482
vn -0.5050 -0.7944 -0.3375
vn 0.0301 -0.7620 0.6469
vn -0.2385 -0.6686 0.7043
vn -0.2364 -0.8878 -0.3949
vn 0.0319 -0.9518 -0.3051
vn -0.5068 -0.6046 0.6145
vn -0.7030 -0.5871 0.4014
vn 0.2280 -0.9693 -0.0920
vn 0.2994 -0.9356 0.1871
vn -0.7744 -0.6208 0.1223
vn 0.2270 -0.8597 0.4576
vn -0.2789 -0.8660 0.4151
vn -0.1647 -0.9057 0.3906
vn -0.1640 -0.9864 -0.0141
vn -0.2780 -0.9592 -0.0523
vn -0.4764 -0.8313 0.2863
vn -0.3930 -0.8388 0.3769
vn -0.0502 -0.9795 0.1952
vn -0.0806 -0.9938 0.0765
vn -0.4759 -0.8779 0.0526
vn -0.5067 -0.8457 0.1676
vn -0.3922 -0.9195 -0.0278
vn -0.0810 -0.9472 0.3102
vn -0.8849 -0.0332 0.4646
vn -0.8818 -0.1813 0.4353
vn -0.9930 -0.1061 -0.0520
vn -0.9985 0.0436 -0.0333
vn -0.8442 -0.0595 -0.5327
vn -0.8464 0.0912 -0.5246
vn -0.4753 -0.0540 -0.8782
vn -0.4694 0.0969 -0.8776
vn 0.0149 -0.0911 -0.9957
vn 0.0315 0.0590 -0.9978
vn 0.4950 -0.1608 -0.8539
vn 0.5221 -0.0122 -0.8528
vn 0.8364 -0.2444 -0.4907
vn 0.8709 -0.0977 -0.4816
vn 0.9475 -0.3196 -0.0034
vn 0.9845 -0.1746 0.0163
vn 0.7987 -0.3662 0.4774
vn 0.8324 -0.2222 0.5076
vn 0.4298 -0.3717 0.8229
vn 0.4555 -0.2278 0.8606
vn -0.0604 -0.3346 0.9404
vn -0.0455 -0.1899 0.9807
vn -0.0208 0.9468 0.3212
vn -0.1020 0.9667 0.2348
vn -0.3294 0.8809 0.3398
vn -0.1618 0.8399 0.5181
vn -0.5405 -0.2649 0.7986
vn -0.5361 -0.1187 0.8358
vn -0.1053 -0.9861 -0.1281
vn -0.5390 -0.1710 0.8247
vn -0.5277 -0.0312 0.8488
vn -0.8772 0.0545 0.4769
vn -0.8861 -0.0860 0.4554
vn -0.0509 -0.2419 0.9690
vn -0.0362 -0.1025 0.9941
vn 0.4475 -0.2796 0.8494
vn 0.4657 -0.1405 0.8737
vn 0.8226 -0.2740 0.4982
vn 0.8434 -0.1348 0.5200
vn 0.9739 -0.2266 0.0094
vn 0.9958 -0.0871 0.0278
vn 0.8609 -0.1502 -0.4861
vn 0.8820 -0.0102 -0.4712
vn 0.5138 -0.0651 -0.8554
vn 0.5325 0.0755 -0.8431
vn 0.0257 0.0057 -0.9997
vn 0.0409 0.1469 -0.9883
vn -0.4727 0.0434 -0.8801
vn -0.4610 0.1848 -0.8680
vn -0.8478 0.0379 -0.5289
vn -0.8387 0.1792 -0.5143
vn -0.9992 -0.0095 -0.0400
vn -0.9911 0.1315 -0.0220
vn -0.8832 -0.1647 0.4391
vn -0.9948 -0.0893 -0.0499
vn -0.8454 -0.0425 -0.5324
vn -0.4752 -0.0370 -0.8791
vn 0.0168 -0.0742 -0.9971
vn 0.4986 -0.1442 -0.8547
vn 0.8412 -0.2281 -0.4902
vn 0.9528 -0.3036 -0.0011
vn 0.8035 -0.3503 0.4814
vn 0.4332 -0.3559 0.8281
vn -0.0588 -0.3187 0.9460
vn -0.5406 -0.2487 0.8037
vn -0.1285 0.9846 0.1189
vn 0.0935 0.9302 0.3550
vn 0.2101 0.9214 0.3270
vn 0.2979 0.9227 0.2448
vn 0.3333 0.9338 0.1304
vn 0.3068 0.9516 0.0145
vn 0.2256 0.9716 -0.0720
vn 0.1114 0.9881 -0.1057
vn -0.0053 0.9970 -0.0777
vn -0.0930 0.9957 0.0045
vn 0.1109 0.9252 -0.3628
vn -0.1298 0.9434 -0.3051
vn 0.0739 0.8057 0.5878
vn -0.0748 -0.4808 0.8737
vn 0.3916 -0.5160 0.7618
vn 0.4354 -0.3454 0.8314
vn -0.0577 -0.3081 0.9496
vn 0.4536 -0.3153 -0.8335
vn -0.0032 -0.2490 -0.9685
vn 0.0180 -0.0631 -0.9978
vn 0.5009 -0.1332 -0.8552
vn -0.3109 0.9407 -0.1355
vn 0.3146 0.7874 0.5300
vn -0.8564 -0.3349 0.3931
vn -0.5316 -0.4144 0.7387
vn -0.5406 -0.2380 0.8069
vn -0.8839 -0.1539 0.4416
vn -0.3840 0.9179 0.1005
vn 0.8842 -0.4665 -0.0243
vn 0.7784 -0.3949 -0.4879
vn 0.8443 -0.2174 -0.4898
vn 0.9561 -0.2930 0.0003
vn -0.8205 -0.2190 -0.5280
vn -0.9621 -0.2633 -0.0705
vn -0.9958 -0.0782 -0.0486
vn -0.8461 -0.0314 -0.5321
vn 0.4957 0.7901 0.3604
vn 0.4201 0.5194 0.7441
vn 0.7066 0.5237 0.4758
vn 0.8222 0.5599 0.1024
vn 0.5688 0.8130 0.1244
vn 0.7359 0.6183 -0.2761
vn 0.5142 0.8499 -0.1149
vn 0.4708 0.6832 -0.5582
vn 0.3466 0.8910 -0.2932
vn 0.0979 0.7374 -0.6683
vn -0.2828 0.7662 -0.5771
vn -0.5986 0.6673 0.4431
vn -0.3335 0.6023 0.7252
vn -0.6850 0.7257 0.0647
vn -0.5694 0.7619 -0.3088
vn 0.0394 0.5482 0.8354
vn -0.4695 -0.2138 -0.8566
vn -0.4750 -0.0258 -0.8796
vn 0.7426 -0.5108 0.4331
vn 0.8064 -0.3399 0.4839
vn -0.0226 0.0217 0.9995
vn 0.4739 -0.0158 0.8804
vn 0.4687 0.2242 0.8544
vn 0.0044 0.2593 0.9658
vn -0.8166 0.3004 -0.4928
vn -0.9674 0.2532 -0.0058
vn -0.8792 0.4758 0.0257
vn -0.7382 0.5200 -0.4298
vn -0.5090 0.0923 0.8558
vn -0.4505 0.3254 0.8314
vn -0.4429 0.3060 -0.8427
vn -0.3887 0.5252 -0.7570
vn -0.8548 0.1771 0.4879
vn -0.7738 0.4046 0.4873
vn 0.0536 0.2684 -0.9618
vn 0.0757 0.4901 -0.8684
vn 0.5400 0.1978 -0.8181
vn 0.5305 0.4240 -0.7340
vn 0.8858 0.1131 -0.4502
vn 0.8539 0.3448 -0.3899
vn 0.9984 0.0369 0.0435
vn 0.9592 0.2736 0.0717
vn 0.8476 -0.0103 0.5305
vn 0.8182 0.2294 0.5272
vn -0.1236 -0.9789 -0.1626
vn -0.1386 -0.9791 -0.1486
vn -0.4565 -0.8230 -0.3379
vn -0.2942 -0.8206 -0.4899
vn -0.1068 -0.9903 -0.0887
vn -0.0868 -0.9918 -0.0935
vn 0.1040 -0.9604 0.2585
vn -0.1117 -0.9441 0.3102
vn -0.0842 -0.9833 -0.1616
vn -0.1037 -0.9804 -0.1674
vn -0.0785 -0.8369 -0.5417
vn 0.1327 -0.8676 -0.4792
vn -0.1401 -0.9841 -0.1092
vn -0.1262 -0.9875 -0.0945
vn -0.3229 -0.9134 0.2478
vn -0.4731 -0.8766 0.0880
vn -0.0658 -0.9897 -0.1271
vn -0.0703 -0.9867 -0.1468
vn 0.2829 -0.9044 -0.3194
vn 0.3318 -0.9375 -0.1050
vn -0.1446 -0.9810 -0.1290
vn -0.5220 -0.8435 -0.1264
vn -0.0719 -0.9916 -0.1075
vn 0.2663 -0.9580 0.1065
vn -0.5587 -0.7287 -0.3960
vn -0.3469 -0.7256 -0.5943
vn 0.1725 -0.9079 0.3820
vn -0.1088 -0.8866 0.4495
vn -0.0656 -0.7468 -0.6618
vn 0.2099 -0.7868 -0.5804
vn -0.3844 -0.8466 0.3681
vn -0.5803 -0.7986 0.1596
vn 0.4059 -0.8348 -0.3719
vn 0.4697 -0.8780 -0.0922
vn -0.6441 -0.7554 -0.1201
vn 0.3843 -0.9047 0.1838
vn -0.1115 -0.9875 0.1118
vn 0.0082 -0.9965 0.0831
vn 0.0241 -0.9450 -0.3261
vn -0.0931 -0.9280 -0.3607
vn -0.3119 -0.9500 -0.0115
vn -0.2286 -0.9705 0.0772
vn 0.1345 -0.9838 -0.1185
vn 0.1073 -0.9655 -0.2374
vn -0.3027 -0.9203 -0.2477
vn -0.3390 -0.9317 -0.1304
vn -0.2127 -0.9190 -0.3320
vn 0.0982 -0.9952 -0.0012
vn -0.1153 -0.9933 -0.0074
vn 0.0361 -0.9985 -0.0402
vn -0.1790 -0.9833 -0.0317
vn -0.3090 -0.9503 0.0378
vn -0.4609 -0.8809 0.1075
vn -0.6362 0.6122 0.4695
vn -0.0888 0.9591 0.2688
vn -0.4812 0.7540 0.4471
vn -0.1097 0.9555 0.2738
vn 0.1057 0.9829 0.1510
vn -0.0178 0.9909 0.1332
vn -0.2026 0.9665 0.1574
vn -0.0179 0.9615 0.2743
vn 0.3028 0.8576 0.4158
vn 0.1466 0.9127 0.3815
vn 0.2461 0.8591 0.4488
vn 0.6424 -0.7510 0.1529
vn 0.5865 -0.7746 0.2368
vn 0.6291 -0.7576 0.1740
vn 0.2544 -0.9571 -0.1388
vn 0.2168 -0.9702 -0.1082
vn 0.2289 -0.9704 -0.0768
vn -0.0049 0.0407 -0.9992
vn 0.1636 -0.9860 -0.0319
vn -0.3201 -0.8378 -0.4423
vn -0.3926 -0.8349 -0.3858
vn -0.5234 -0.7427 -0.4176
vn -0.4736 -0.6929 -0.5437
vn 0.2923 -0.9560 -0.0265
vn 0.2630 -0.9648 -0.0016
vn 0.1850 -0.9827 0.0024
vn 0.1785 -0.9837 -0.0199
vn -0.0787 -0.9964 -0.0305
vn -0.0999 -0.9948 -0.0213
vn 0.2881 -0.9571 -0.0324
vn 0.2967 -0.9549 -0.0083
vn 0.5376 -0.8423 -0.0384
vn 0.5508 -0.8322 0.0633
vn 0.6911 -0.7218 -0.0371
vn 0.6892 -0.7175 0.1005
vn 0.5253 0.8509 0.0088
vn 0.4867 0.8578 0.1654
vn 0.4907 0.8575 0.1545
vn 0.5246 0.8512 0.0140
vn -0.2143 0.9757 0.0450
vn -0.2097 0.9773 0.0306
vn -0.2760 0.9608 0.0259
vn -0.2443 0.9688 0.0426
vn -0.2579 0.9644 0.0586
vn -0.2552 0.9667 0.0181
vn -0.1615 0.9851 0.0597
vn -0.1678 0.9853 0.0321
vn 0.0874 0.9956 0.0330
vn 0.1031 0.9928 0.0609
vn 0.0981 0.9945 0.0380
vn 0.1072 0.9938 0.0311
vn 0.0508 0.9974 0.0512
vn 0.0785 0.9967 0.0217
vn -0.6891 0.7246 -0.0106
vn -0.6767 0.7249 0.1286
vn -0.6757 0.7238 0.1397
vn -0.6895 0.7241 -0.0159
vn -0.3847 -0.9212 -0.0579
vn -0.3955 -0.9169 0.0536
vn -0.5195 -0.8510 0.0776
vn -0.5247 -0.8490 -0.0620
vn -0.2027 -0.9786 -0.0357
vn -0.2280 -0.9736 -0.0095
vn 0.2566 -0.9663 -0.0221
vn 0.2841 -0.9569 -0.0596
vn 0.1966 -0.9796 -0.0413
vn 0.2275 -0.9735 -0.0217
vn -0.1200 -0.9926 0.0181
vn -0.0816 -0.9964 0.0227
vn 0.3112 -0.9502 0.0185
vn 0.2998 -0.9523 -0.0577
vn 0.5716 -0.8110 0.1242
vn 0.5519 -0.8311 0.0681
vn 0.6996 -0.6904 0.1840
vn 0.6964 -0.6999 0.1586
vn 0.4198 0.8655 0.2731
vn 0.0286 0.9597 0.2797
vn 0.3362 0.8574 0.3896
vn 0.4302 0.8637 0.2627
vn -0.2251 0.9712 0.0786
vn -0.1927 0.9695 0.1515
vn -0.3328 0.9423 0.0371
vn -0.2367 0.9674 0.0898
vn -0.2261 0.9656 0.1284
vn -0.2115 0.9759 0.0535
vn -0.1347 0.9888 0.0638
vn 0.1408 0.9899 0.0137
vn 0.1424 0.9898 -0.0089
vn 0.1489 0.9887 0.0150
vn 0.0765 0.9951 0.0632
vn 0.0384 0.9992 0.0150
vn -0.4060 0.8764 0.2591
vn -0.6602 0.7105 0.2436
vn -0.6465 0.6837 0.3385
vn -0.6574 0.7087 0.2561
vn -0.4111 -0.9034 0.1215
vn -0.3795 -0.9234 0.0573
vn -0.5125 -0.8513 0.1129
vn -0.5213 -0.8389 0.1567
vn -0.2841 -0.9565 0.0668
vn -0.2666 -0.9633 0.0313
vn -0.0686 -0.9595 -0.2733
vn -0.0969 -0.9903 -0.0992
vn -0.2457 -0.9616 -0.1223
vn -0.2550 -0.9152 -0.3121
vn -0.4055 -0.8918 -0.2006
vn -0.5402 -0.8100 -0.2283
vn -0.6531 0.6623 -0.3672
vn -0.6961 0.6954 -0.1787
vn -0.6956 0.6868 -0.2108
vn -0.6226 0.6619 -0.4174
vn -0.0293 0.9986 0.0430
vn 0.0160 0.9977 0.0657
vn 0.1216 0.9883 0.0917
vn 0.1092 0.9897 0.0926
vn 0.0935 0.9900 0.1057
vn 0.0622 0.9891 0.1335
vn -0.2143 0.9721 0.0955
vn -0.2629 0.9638 0.0442
vn -0.2612 0.9573 0.1240
vn -0.3000 0.9521 0.0592
vn -0.1572 0.9832 0.0925
vn -0.0882 0.9955 -0.0349
vn -0.1479 0.9866 0.0688
vn 0.2959 0.9223 -0.2487
vn 0.5475 0.8159 -0.1858
vn 0.5446 0.8245 -0.1536
vn 0.5272 0.7764 -0.3454
vn 0.6769 -0.6233 -0.3915
vn 0.7039 -0.6809 -0.2025
vn 0.5514 -0.8156 -0.1753
vn 0.5272 -0.7775 -0.3428
vn 0.2814 -0.9542 -0.1019
vn 0.2629 -0.9427 -0.2055
vn 0.2839 -0.9526 -0.1094
vn 0.2833 -0.9429 -0.1749
vn 0.2784 -0.9391 -0.2013
vn 0.2385 -0.9649 -0.1100
vn -0.5742 0.6573 -0.4881
vn -0.0661 0.9964 -0.0524
vn 0.1648 0.9784 0.1250
vn 0.2899 0.9311 0.2212
vn -0.2032 0.9791 -0.0087
vn -0.2831 0.9591 -0.0081
vn -0.3281 0.9446 -0.0034
vn -0.1618 0.9834 -0.0821
vn 0.2287 0.9193 -0.3202
vn 0.4727 0.7440 -0.4723
vn 0.6185 -0.5913 -0.5175
vn 0.4368 -0.8135 -0.3839
vn 0.2293 -0.9482 -0.2197
vn 0.3136 -0.9314 -0.1848
vn 0.2963 -0.9307 -0.2144
vn -0.0356 -0.9507 -0.3081
vn -0.2392 -0.8914 -0.3849
vn 0.0779 -0.9650 -0.2505
vn 0.1126 -0.9885 -0.1014
vn 0.1007 -0.9446 -0.3123
vn 0.0274 -0.8993 -0.4365
vn -0.0488 -0.8150 -0.5775
vn -0.5195 0.6576 -0.5456
vn -0.3384 0.9400 0.0440
vn -0.5057 0.7781 -0.3727
vn -0.3433 0.9390 0.0228
vn -0.2204 0.9455 0.2397
vn -0.2046 0.9716 0.1185
vn -0.2290 0.9711 -0.0679
vn -0.3432 0.9322 0.1145
vn -0.4733 0.7754 0.4180
vn -0.4448 0.8537 0.2708
vn -0.5070 0.7822 0.3621
vn -0.0911 -0.8410 0.5334
vn -0.1738 -0.8627 0.4748
vn -0.1118 -0.8472 0.5193
vn 0.2104 -0.9702 0.1206
vn 0.1804 -0.9802 0.0815
vn 0.1493 -0.9844 0.0934
vn 0.9935 0.1139 -0.0003
vn 0.1048 -0.9941 0.0267
vn 0.4982 -0.7515 -0.4325
vn 0.4407 -0.7429 -0.5039
vn 0.4644 -0.6316 -0.6208
vn 0.5871 -0.5799 -0.5649
vn 0.0987 -0.9825 0.1583
vn 0.0742 -0.9890 0.1281
vn 0.0707 -0.9963 0.0483
vn 0.0929 -0.9948 0.0418
vn 0.1015 -0.9714 -0.2147
vn 0.0920 -0.9675 -0.2355
vn 0.1046 -0.9825 0.1540
vn 0.0805 -0.9834 0.1629
vn 0.1051 -0.9028 0.4169
vn 0.0030 -0.9021 0.4314
vn 0.0967 -0.8049 0.5855
vn -0.0408 -0.8105 0.5844
vn -0.0645 0.7681 0.6371
vn -0.2215 0.7687 0.6000
vn -0.2106 0.7687 0.6039
vn -0.0697 0.7682 0.6365
vn -0.1177 0.9899 -0.0783
vn -0.1035 0.9919 -0.0735
vn -0.0983 0.9850 -0.1415
vn -0.1151 0.9874 -0.1089
vn -0.1309 0.9837 -0.1230
vn -0.0907 0.9886 -0.1201
vn -0.1325 0.9909 -0.0247
vn -0.1050 0.9940 -0.0310
vn -0.1039 0.9692 0.2233
vn -0.1314 0.9622 0.2385
vn -0.1087 0.9662 0.2337
vn -0.1016 0.9648 0.2426
vn -0.1225 0.9746 0.1873
vn -0.0927 0.9723 0.2145
vn -0.0493 0.8109 -0.5831
vn -0.1881 0.7993 -0.5707
vn -0.1991 0.7972 -0.5699
vn -0.0441 0.8108 -0.5836
vn 0.1200 -0.8532 -0.5075
vn 0.0084 -0.8556 -0.5176
vn -0.0217 -0.7753 -0.6312
vn 0.1173 -0.7624 -0.6363
vn 0.1040 -0.9364 -0.3351
vn 0.0773 -0.9299 -0.3595
vn 0.0947 -0.9881 0.1215
vn 0.1317 -0.9799 0.1500
vn 0.1142 -0.9916 0.0603
vn 0.0944 -0.9913 0.0917
vn 0.0523 -0.9655 -0.2551
vn 0.0484 -0.9749 -0.2175
vn 0.0537 -0.9826 0.1779
vn 0.1296 -0.9775 0.1662
vn -0.0590 -0.8885 0.4551
vn -0.0018 -0.9015 0.4327
vn -0.1259 -0.7912 0.5984
vn -0.0999 -0.7983 0.5939
vn -0.3303 0.7777 0.5349
vn -0.3480 0.9237 0.1604
vn -0.4467 0.7726 0.4511
vn -0.3196 0.7751 0.5450
vn -0.1510 0.9845 -0.0896
vn -0.2232 0.9731 -0.0576
vn -0.1088 0.9737 -0.2002
vn -0.1621 0.9815 -0.1016
vn -0.2003 0.9755 -0.0913
vn -0.1262 0.9891 -0.0755
vn -0.1366 0.9906 0.0023
vn -0.0836 0.9577 0.2754
vn -0.0611 0.9590 0.2769
vn -0.0848 0.9553 0.2832
vn -0.1341 0.9679 0.2124
vn -0.0867 0.9807 0.1751
vn -0.3262 0.9024 -0.2816
vn -0.3016 0.7744 -0.5562
vn -0.3941 0.7392 -0.5462
vn -0.3139 0.7714 -0.5536
vn -0.0605 -0.8451 -0.5311
vn 0.0054 -0.8645 -0.5026
vn -0.0568 -0.7790 -0.6244
vn -0.1014 -0.7689 -0.6313
vn -0.0006 -0.9109 -0.4126
vn 0.0354 -0.9174 -0.3963
vn 0.3412 -0.9185 -0.1999
vn 0.1694 -0.9578 -0.2320
vn 0.1887 -0.9074 -0.3754
vn 0.3746 -0.8464 -0.3785
vn 0.2600 -0.8109 -0.5242
vn 0.2802 -0.7096 -0.6465
vn 0.3111 0.7705 -0.5564
vn 0.1203 0.7952 -0.5943
vn 0.1529 0.7890 -0.5950
vn 0.3615 0.7696 -0.5263
vn -0.1153 0.9874 0.1081
vn -0.1375 0.9786 0.1529
vn -0.1615 0.9530 0.2562
vn -0.1626 0.9560 0.2441
vn -0.1760 0.9575 0.2286
vn -0.2039 0.9589 0.1975
vn -0.1678 0.9827 -0.0787
vn -0.1166 0.9849 -0.1281
vn -0.1957 0.9724 -0.1272
vn -0.1312 0.9773 -0.1664
vn -0.1650 0.9861 -0.0207
vn -0.0381 0.9981 0.0492
vn -0.1415 0.9899 -0.0110
vn 0.1847 0.8888 0.4194
vn 0.1324 0.7447 0.6541
vn 0.0997 0.7513 0.6524
vn 0.2942 0.7201 0.6284
vn 0.4429 -0.6798 0.5846
vn 0.2589 -0.7541 0.6035
vn 0.2399 -0.8684 0.4340
vn 0.4039 -0.8152 0.4151
vn 0.1737 -0.9737 0.1476
vn 0.2760 -0.9522 0.1308
vn 0.1810 -0.9719 0.1504
vn 0.2457 -0.9575 0.1511
vn 0.2717 -0.9511 0.1467
vn 0.1821 -0.9778 0.1037
vn 0.4330 0.7636 -0.4790
vn -0.0204 0.9973 0.0712
vn -0.1935 0.9349 0.2976
vn -0.2847 0.8640 0.4152
vn -0.0643 0.9957 -0.0669
vn -0.0643 0.9868 -0.1488
vn -0.0685 0.9783 -0.1953
vn 0.0091 0.9996 -0.0254
vn 0.2555 0.9003 0.3523
vn 0.4225 0.7048 0.5698
vn 0.5657 -0.6310 0.5309
vn 0.4465 -0.8353 0.3207
vn 0.2902 -0.9521 0.0967
vn 0.2550 -0.9495 0.1825
vn 0.2844 -0.9443 0.1656
vn 0.3755 -0.9118 -0.1660
vn 0.4456 -0.8198 -0.3597
vn 0.1273 -0.9740 0.1875
vn 0.0972 -0.9946 0.0370
vn 0.1011 -0.9629 0.2503
vn 0.1641 -0.9113 0.3777
vn 0.2220 -0.8221 0.5243
vn 0.3743 0.7152 0.5902
vn 0.1341 0.9908 0.0188
vn 0.3344 0.8410 0.4252
vn 0.1393 0.9895 0.0399
vn 0.0162 0.9841 -0.1771
vn -0.0038 0.9985 -0.0546
vn 0.0214 0.9911 0.1316
vn 0.1400 0.9888 -0.0521
vn 0.2979 0.8824 -0.3641
vn 0.2546 0.9434 -0.2124
vn 0.3298 0.8925 -0.3077
vn 0.2613 -0.7673 -0.5856
vn 0.3471 -0.7750 -0.5281
vn 0.2829 -0.7700 -0.5719
vn -0.0038 -0.9829 -0.1839
vn 0.0279 -0.9890 -0.1455
vn 0.0592 -0.9858 -0.1574
vn -0.9953 -0.0966 0.0008
vn 0.1051 -0.9903 -0.0911
vn -0.3271 -0.8652 0.3800
vn -0.2723 -0.8494 0.4521
vn -0.3179 -0.7532 0.5758
vn -0.4490 -0.7249 0.5224
vn 0.1078 -0.9692 -0.2217
vn 0.1333 -0.9723 -0.1918
vn 0.1388 -0.9839 -0.1127
vn 0.1168 -0.9875 -0.1062
vn 0.1053 -0.9829 0.1513
vn 0.1139 -0.9784 0.1723
vn 0.1021 -0.9707 -0.2174
vn 0.1257 -0.9659 -0.2262
vn 0.0831 -0.8762 -0.4747
vn 0.1827 -0.8533 -0.4885
vn 0.0697 -0.7681 -0.6366
vn 0.2054 -0.7448 -0.6349
vn -0.1019 0.8038 -0.5860
vn 0.0519 0.8349 -0.5479
vn 0.0411 0.8329 -0.5519
vn -0.0967 0.8050 -0.5854
vn -0.0913 0.9856 0.1425
vn -0.1057 0.9848 0.1377
vn -0.1088 0.9727 0.2051
vn -0.0931 0.9805 0.1728
vn -0.0768 0.9794 0.1868
vn -0.1171 0.9759 0.1839
vn -0.0774 0.9930 0.0891
vn -0.1049 0.9899 0.0954
vn -0.1025 0.9818 -0.1599
vn -0.0743 0.9817 -0.1754
vn -0.0973 0.9806 -0.1704
vn -0.1040 0.9782 -0.1795
vn -0.0852 0.9887 -0.1235
vn -0.1140 0.9819 -0.1511
vn -0.1173 0.7642 0.6343
vn 0.0207 0.7827 0.6221
vn 0.0319 0.7830 0.6212
vn -0.1224 0.7630 0.6347
vn 0.0644 -0.8902 0.4509
vn 0.1742 -0.8699 0.4615
vn 0.1875 -0.7925 0.5803
vn 0.0489 -0.8093 0.5853
vn 0.0963 -0.9570 0.2736
vn 0.1212 -0.9467 0.2986
vn 0.1131 -0.9761 -0.1853
vn 0.0750 -0.9741 -0.2134
vn 0.0953 -0.9876 -0.1245
vn 0.1142 -0.9812 -0.1558
vn 0.1524 -0.9694 0.1922
vn 0.1579 -0.9753 0.1542
vn 0.1517 -0.9586 -0.2409
vn 0.0765 -0.9703 -0.2295
vn 0.2404 -0.8255 -0.5107
vn 0.1873 -0.8516 -0.4897
vn 0.2844 -0.7074 -0.6471
vn 0.2605 -0.7200 -0.6432
vn 0.1568 0.8622 -0.4817
vn 0.1461 0.9844 -0.0984
vn 0.2723 0.8763 -0.3975
vn 0.1468 0.8582 -0.4919
vn -0.0575 0.9865 0.1536
vn 0.0153 0.9925 0.1215
vn -0.0958 0.9600 0.2631
vn -0.0460 0.9851 0.1654
vn -0.0074 0.9879 0.1551
vn -0.0829 0.9867 0.1396
vn -0.0736 0.9954 0.0621
vn -0.1203 0.9697 -0.2128
vn -0.1426 0.9663 -0.2143
vn -0.1187 0.9681 -0.2207
vn -0.0726 0.9862 -0.1489
vn -0.1214 0.9863 -0.1113
vn 0.1323 0.9307 0.3411
vn 0.1368 0.7830 0.6068
vn 0.2346 0.7686 0.5951
vn 0.1495 0.7828 0.6041
vn 0.2394 -0.8461 0.4762
vn 0.1789 -0.8770 0.4460
vn 0.2226 -0.7884 0.5735
vn 0.2642 -0.7696 0.5814
vn 0.1938 -0.9152 0.3533
vn 0.1598 -0.9281 0.3363
vn -0.1403 -0.9804 0.1382
vn 0.0361 -0.9850 0.1689
vn 0.0077 -0.9490 0.3152
vn -0.1868 -0.9285 0.3209
vn -0.0812 -0.8793 0.4693
vn -0.1213 -0.7925 0.5977
vn -0.4615 0.6511 0.6026
vn -0.2798 0.7127 0.6432
vn -0.3104 0.6998 0.6434
vn -0.5109 0.6417 0.5721
vn -0.0943 0.9946 -0.0437
vn -0.0712 0.9935 -0.0888
vn -0.0430 0.9802 -0.1934
vn -0.0424 0.9825 -0.1812
vn -0.0296 0.9858 -0.1655
vn -0.0024 0.9910 -0.1342
vn -0.0408 0.9889 0.1427
vn -0.0910 0.9772 0.1918
vn -0.0110 0.9816 0.1907
vn -0.0749 0.9704 0.2297
vn -0.0446 0.9954 0.0851
vn -0.1717 0.9850 0.0152
vn -0.0684 0.9948 0.0755
vn -0.3692 0.8556 -0.3627
vn -0.2896 0.7410 -0.6059
vn -0.2589 0.7541 -0.6035
vn -0.4425 0.6815 -0.5828
vn -0.2950 -0.7184 -0.6300
vn -0.0997 -0.7513 -0.6524
vn -0.0560 -0.8697 -0.4905
vn -0.2274 -0.8533 -0.4693
vn 0.0327 -0.9769 -0.2110
vn -0.0717 -0.9785 -0.1935
vn 0.0251 -0.9766 -0.2136
vn -0.0411 -0.9760 -0.2139
vn -0.0679 -0.9755 -0.2093
vn 0.0257 -0.9856 -0.1674
vn -0.5797 0.6239 0.5241
vn -0.1890 0.9820 -0.0069
vn -0.0082 0.9718 -0.2357
vn 0.0950 0.9293 -0.3570
vn -0.1448 0.9807 0.1311
vn -0.1423 0.9668 0.2122
vn -0.1362 0.9564 0.2582
vn -0.2177 0.9719 0.0894
vn -0.4405 0.8477 -0.2955
vn -0.5644 0.6361 -0.5262
vn -0.4249 -0.6998 -0.5742
vn -0.2642 -0.8879 -0.3766
vn -0.0854 -0.9835 -0.1596
vn -0.0521 -0.9682 -0.2448
vn -0.0818 -0.9703 -0.2278
vn -0.1755 -0.9789 0.1046
vn -0.2620 -0.9162 0.3033
vn 0.3204 -0.9456 -0.0556
vn 0.1737 -0.9845 -0.0242
vn 0.3808 -0.9242 -0.0302
vn 0.5006 -0.8603 -0.0967
vn 0.6342 -0.7562 -0.1607
vn 0.4910 0.7605 -0.4249
vn -0.1155 0.9717 -0.2061
vn 0.3099 0.8651 -0.3945
vn -0.0943 0.9729 -0.2111
vn -0.3098 0.9467 -0.0883
vn -0.1907 0.9792 -0.0692
vn -0.0050 0.9956 -0.0936
vn -0.1853 0.9595 -0.2119
vn -0.4781 0.8002 -0.3620
vn -0.3367 0.8844 -0.3231
vn -0.4233 0.8156 -0.3945
vn -0.4722 -0.8573 -0.2051
vn -0.4132 -0.8632 -0.2900
vn -0.4579 -0.8597 -0.2265
vn -0.0478 -0.9960 0.0754
vn -0.0085 -0.9990 0.0443
vn -0.0204 -0.9997 0.0128
vn 0.0030 -0.0234 0.9997
vn 0.0464 -0.9984 -0.0326
vn 0.4912 -0.7790 0.3898
vn 0.5610 -0.7574 0.3341
vn 0.6699 -0.6422 0.3727
vn 0.6117 -0.6120 0.5013
vn -0.0858 -0.9956 -0.0369
vn -0.0555 -0.9965 -0.0621
vn 0.0245 -0.9975 -0.0667
vn 0.0312 -0.9985 -0.0445
vn 0.2854 -0.9578 -0.0330
vn 0.3058 -0.9512 -0.0419
vn -0.0814 -0.9962 -0.0311
vn -0.0905 -0.9944 -0.0550
vn -0.3494 -0.9368 -0.0194
vn -0.3651 -0.9232 -0.1203
vn -0.5247 -0.8512 -0.0140
vn -0.5247 -0.8378 -0.1511
vn -0.6916 0.7210 0.0422
vn -0.6564 0.7459 -0.1133
vn -0.6602 0.7441 -0.1024
vn -0.6910 0.7219 0.0370
vn 0.0053 0.9998 0.0191
vn 0.0005 0.9994 0.0336
vn 0.0689 0.9969 0.0377
vn 0.0361 0.9991 0.0214
vn 0.0502 0.9987 0.0052
vn 0.0473 0.9978 0.0457
vn -0.0484 0.9988 0.0047
vn -0.0421 0.9986 0.0323
vn -0.2938 0.9554 0.0304
vn -0.3088 0.9511 0.0022
vn -0.3040 0.9523 0.0252
vn -0.3128 0.9493 0.0321
vn -0.2586 0.9659 0.0126
vn -0.2852 0.9576 0.0418
vn 0.5224 0.8504 0.0618
vn 0.5094 0.8571 -0.0772
vn 0.5086 0.8565 -0.0884
vn 0.5230 0.8497 0.0670
vn 0.5691 -0.8222 0.0013
vn 0.5781 -0.8086 -0.1097
vn 0.6853 -0.7168 -0.1285
vn 0.6910 -0.7228 0.0109
vn 0.4030 -0.9148 -0.0258
vn 0.4266 -0.9030 -0.0514
vn -0.0488 -0.9979 -0.0417
vn -0.0773 -0.9970 -0.0038
vn 0.0128 -0.9997 -0.0230
vn -0.0188 -0.9989 -0.0424
vn 0.3247 -0.9423 -0.0810
vn 0.2879 -0.9538 -0.0861
vn -0.1058 -0.9910 -0.0815
vn -0.0937 -0.9956 -0.0056
vn -0.3903 -0.9029 -0.1799
vn -0.3665 -0.9220 -0.1251
vn -0.5411 -0.8081 -0.2327
vn -0.5358 -0.8184 -0.2079
vn -0.5933 0.7744 -0.2199
vn -0.2305 0.9484 -0.2177
vn -0.5106 0.7914 -0.3360
vn -0.6030 0.7697 -0.2096
vn 0.0165 0.9998 -0.0146
vn -0.0153 0.9960 -0.0877
vn 0.1282 0.9914 0.0257
vn 0.0286 0.9993 -0.0260
vn 0.0184 0.9977 -0.0646
vn 0.0024 0.9999 0.0107
vn -0.0754 0.9972 0.0007
vn -0.3447 0.9374 0.0489
vn -0.3461 0.9355 0.0714
vn -0.3524 0.9347 0.0474
vn -0.2832 0.9591 0.0002
vn -0.2465 0.9679 0.0489
vn 0.2120 0.9567 -0.1996
vn 0.4954 0.8469 -0.1930
vn 0.4870 0.8240 -0.2895
vn 0.4929 0.8454 -0.2057
vn 0.5901 -0.7878 -0.1765
vn 0.5637 -0.8181 -0.1138
vn 0.6784 -0.7162 -0.1638
vn 0.6840 -0.6996 -0.2067
vn 0.4773 -0.8696 -0.1261
vn 0.4619 -0.8822 -0.0913
vn 0.2695 -0.9395 0.2117
vn 0.3025 -0.9525 0.0361
vn 0.4421 -0.8948 0.0620
vn 0.4428 -0.8598 0.2545
vn 0.5843 -0.7984 0.1457
vn 0.6991 -0.6921 0.1795
vn 0.5027 0.7592 0.4134
vn 0.5366 0.8126 0.2277
vn 0.5381 0.8020 0.2591
vn 0.4733 0.7493 0.4632
vn -0.1804 0.9834 0.0213
vn -0.2247 0.9744 -0.0017
vn -0.3261 0.9449 -0.0289
vn -0.3144 0.9488 -0.0297
vn -0.2991 0.9533 -0.0426
vn -0.2685 0.9607 -0.0702
vn 0.0057 0.9995 -0.0314
vn 0.0553 0.9983 0.0196
vn 0.0544 0.9967 -0.0605
vn 0.0939 0.9956 0.0040
vn -0.0524 0.9982 -0.0282
vn -0.1216 0.9876 0.0993
vn -0.0621 0.9981 -0.0043
vn -0.4804 0.8222 0.3054
vn -0.7047 0.6698 0.2340
vn -0.7038 0.6809 0.2025
vn -0.6755 0.6253 0.3909
vn -0.5291 -0.7748 0.3461
vn -0.5446 -0.8245 0.1536
vn -0.3675 -0.9224 0.1189
vn -0.3507 -0.8909 0.2886
vn -0.0750 -0.9964 0.0386
vn -0.0586 -0.9880 0.1428
vn -0.0777 -0.9959 0.0461
vn -0.0788 -0.9906 0.1121
vn -0.0746 -0.9875 0.1388
vn -0.0307 -0.9985 0.0463
vn 0.4273 0.7301 0.5332
vn -0.1433 0.9828 0.1167
vn -0.3665 0.9283 -0.0631
vn -0.4797 0.8622 -0.1630
vn -0.0059 0.9973 0.0729
vn 0.0764 0.9945 0.0715
vn 0.1234 0.9901 0.0663
vn -0.0468 0.9882 0.1462
vn -0.4136 0.8287 0.3770
vn -0.6145 0.5969 0.5159
vn -0.4777 -0.7395 0.4743
vn -0.2545 -0.9098 0.3280
vn -0.0245 -0.9873 0.1569
vn -0.1106 -0.9863 0.1225
vn -0.0938 -0.9839 0.1522
vn 0.2356 -0.9400 0.2467
vn 0.4229 -0.8445 0.3285
vn -0.4265 -0.8441 0.3250
vn -0.3377 -0.8264 0.4507
vn -0.4297 -0.8649 0.2594
vn -0.5290 -0.8354 0.1493
vn -0.6236 -0.7817 0.0045
vn -0.4174 0.5790 -0.7004
vn 0.1127 0.8990 -0.4233
vn -0.2787 0.7229 -0.6322
vn 0.0984 0.8932 -0.4387
vn 0.3008 0.9074 -0.2935
vn 0.2662 0.8730 -0.4086
vn 0.1588 0.8180 -0.5528
vn 0.1391 0.9220 -0.3614
vn 0.1187 0.9929 -0.0034
vn 0.1020 0.9799 -0.1712
vn 0.0682 0.9967 -0.0451
vn -0.1437 -0.3686 0.9184
vn -0.2452 -0.3587 0.9006
vn -0.1691 -0.3665 0.9149
vn -0.1484 -0.7874 0.5983
vn -0.1945 -0.7919 0.5788
vn -0.2152 -0.7728 0.5971
vn 0.8325 -0.4852 -0.2674
vn -0.2857 -0.7790 0.5581
vn -0.0967 -0.9950 -0.0268
vn -0.1726 -0.9820 -0.0770
vn -0.1662 -0.9569 -0.2381
vn -0.0226 -0.9687 -0.2473
vn -0.2240 -0.7186 0.6583
vn -0.2603 -0.7205 0.6428
vn -0.3034 -0.7531 0.5837
vn -0.2883 -0.7671 0.5731
vn -0.3934 -0.8491 0.3525
vn -0.4092 -0.8485 0.3356
vn -0.2214 -0.7236 0.6537
vn -0.2367 -0.7072 0.6662
vn -0.0665 -0.5689 0.8197
vn -0.1404 -0.5046 0.8518
vn 0.0439 -0.4304 0.9016
vn -0.0680 -0.3562 0.9319
vn 0.5438 0.8340 0.0928
vn 0.4019 0.9108 0.0948
vn 0.4124 0.9060 0.0957
vn 0.5394 0.8369 0.0933
vn 0.2495 0.7644 -0.5945
vn 0.2638 0.7594 -0.5947
vn 0.2332 0.7265 -0.6464
vn 0.2361 0.7498 -0.6182
vn 0.2156 0.7510 -0.6242
vn 0.2508 0.7326 -0.6328
vn 0.2634 0.7932 -0.5490
vn 0.2834 0.7775 -0.5614
vn 0.3947 0.8520 -0.3439
vn 0.3773 0.8682 -0.3222
vn 0.3946 0.8564 -0.3329
vn 0.4039 0.8546 -0.3264
vn 0.3650 0.8535 -0.3720
vn 0.4006 0.8447 -0.3549
vn -0.0028 0.4085 -0.9127
vn -0.1116 0.4840 -0.8679
vn -0.1207 0.4891 -0.8638
vn 0.0011 0.4053 -0.9142
vn -0.4713 -0.8807 0.0476
vn -0.5656 -0.8222 0.0637
vn -0.6122 -0.7879 -0.0664
vn -0.4993 -0.8599 -0.1061
vn -0.4347 -0.8692 0.2358
vn -0.4649 -0.8581 0.2180
vn -0.2467 -0.7339 0.6328
vn -0.2007 -0.7387 0.6435
vn -0.2615 -0.7702 0.5817
vn -0.2622 -0.7471 0.6108
vn -0.4492 -0.8315 0.3269
vn -0.4382 -0.8223 0.3630
vn -0.2506 -0.6858 0.6833
vn -0.1939 -0.7298 0.6556
vn -0.1734 -0.4505 0.8758
vn -0.1435 -0.5009 0.8535
vn -0.1216 -0.2882 0.9498
vn -0.1057 -0.3099 0.9449
vn 0.2883 0.9557 0.0599
vn 0.1537 0.9353 -0.3188
vn 0.1543 0.9878 0.0193
vn 0.3005 0.9514 0.0672
vn 0.2156 0.7753 -0.5936
vn 0.1690 0.8200 -0.5469
vn 0.1929 0.7025 -0.6850
vn 0.2001 0.7751 -0.5994
vn 0.1723 0.7962 -0.5799
vn 0.2438 0.7697 -0.5901
vn 0.2728 0.8053 -0.5264
vn 0.4309 0.8511 -0.2998
vn 0.4500 0.8397 -0.3039
vn 0.4328 0.8529 -0.2920
vn 0.3650 0.8644 -0.3458
vn 0.3900 0.8330 -0.3924
vn -0.0455 0.7448 -0.6657
vn -0.2044 0.5361 -0.8191
vn -0.2867 0.5668 -0.7723
vn -0.2142 0.5418 -0.8127
vn -0.6227 -0.7801 0.0610
vn -0.5644 -0.8215 0.0813
vn -0.6383 -0.7680 -0.0516
vn -0.6732 -0.7375 -0.0538
vn -0.5445 -0.8190 0.1807
vn -0.5107 -0.8385 0.1901
vn -0.1758 -0.9421 0.2856
vn -0.3424 -0.8844 0.3171
vn -0.3753 -0.9112 0.1698
vn -0.2057 -0.9740 0.0951
vn -0.3518 -0.9359 -0.0182
vn -0.3545 -0.9181 -0.1773
vn 0.2805 0.1823 -0.9424
vn 0.1206 0.2958 -0.9476
vn 0.1438 0.2723 -0.9514
vn 0.3344 0.1639 -0.9281
vn 0.3383 0.8297 -0.4441
vn 0.3384 0.8523 -0.3987
vn 0.3582 0.8853 -0.2967
vn 0.3528 0.8837 -0.3077
vn 0.3355 0.8867 -0.3183
vn 0.2991 0.8922 -0.3383
vn 0.2067 0.7876 -0.5805
vn 0.2250 0.7417 -0.6318
vn 0.1578 0.7782 -0.6079
vn 0.1924 0.7304 -0.6553
vn 0.2376 0.8098 -0.5365
vn 0.3760 0.7716 -0.5131
vn 0.2623 0.8027 -0.5357
vn 0.6854 0.7000 -0.2006
vn 0.6992 0.7105 0.0793
vn 0.6750 0.7334 0.0810
vn 0.8061 0.5904 0.0394
vn 0.3664 -0.5371 0.7598
vn 0.2007 -0.4794 0.8544
vn 0.0618 -0.6145 0.7865
vn 0.2036 -0.6763 0.7079
vn -0.1661 -0.7590 0.6295
vn -0.0846 -0.8080 0.5831
vn -0.1583 -0.7609 0.6292
vn -0.1011 -0.7871 0.6085
vn -0.0801 -0.7989 0.5961
vn -0.1818 -0.7830 0.5949
vn 0.4111 0.1360 -0.9014
vn 0.4001 0.7690 -0.4986
vn 0.3454 0.9055 -0.2466
vn 0.3012 0.9489 -0.0939
vn 0.2995 0.7422 -0.5995
vn 0.2575 0.7056 -0.6602
vn 0.2290 0.6847 -0.6919
vn 0.3789 0.7184 -0.5834
vn 0.7144 0.6433 -0.2753
vn 0.8745 0.4843 -0.0254
vn 0.4573 -0.5913 0.6643
vn 0.1851 -0.7502 0.6348
vn -0.0893 -0.8286 0.5527
vn -0.0758 -0.7751 0.6273
vn -0.0585 -0.7942 0.6048
vn -0.1299 -0.9444 0.3020
vn -0.1302 -0.9882 0.0807
vn -0.1346 -0.8971 0.4209
vn -0.2513 -0.8301 0.4978
vn -0.0665 -0.9066 0.4168
vn 0.0218 -0.9527 0.3031
vn 0.1377 -0.9765 0.1660
vn 0.4815 0.1205 -0.8681
vn 0.1840 0.7027 -0.6872
vn 0.3921 0.3119 -0.8654
vn 0.1989 0.6897 -0.6962
vn 0.0756 0.8389 -0.5389
vn 0.1917 0.8016 -0.5663
vn 0.3340 0.6984 -0.6330
vn 0.1212 0.7317 -0.6708
vn -0.2432 0.7274 -0.6417
vn -0.0802 0.7224 -0.6868
vn -0.2090 0.6953 -0.6876
vn -0.8006 -0.4336 0.4135
vn -0.7961 -0.5030 0.3366
vn -0.8003 -0.4514 0.3947
vn -0.3847 -0.6752 0.6294
vn -0.3693 -0.7113 0.5981
vn -0.3938 -0.7165 0.5758
vn 0.4646 0.3484 0.8141
vn -0.3617 -0.7705 0.5249
vn 0.2749 -0.7090 0.6495
vn 0.3123 -0.7537 0.5783
vn 0.4612 -0.7173 0.5223
vn 0.4872 -0.6146 0.6204
vn -0.4676 -0.6944 0.5470
vn -0.4558 -0.7217 0.5210
vn -0.3947 -0.7698 0.5015
vn -0.3794 -0.7662 0.5186
vn -0.1565 -0.8777 0.4529
vn -0.1419 -0.8878 0.4379
vn -0.4616 -0.6952 0.5511
vn -0.4794 -0.6974 0.5327
vn -0.6461 -0.4939 0.5819
vn -0.7009 -0.5121 0.4965
vn -0.7499 -0.3289 0.5740
vn -0.8093 -0.3694 0.4566
vn -0.2526 0.9400 -0.2295
vn -0.2884 0.8809 -0.3753
vn -0.2870 0.8857 -0.3649
vn -0.2543 0.9383 -0.2342
vn 0.3969 0.7370 -0.5471
vn 0.3998 0.7448 -0.5343
vn 0.4550 0.7053 -0.5436
vn 0.4221 0.7197 -0.5512
vn 0.4256 0.7054 -0.5668
vn 0.4420 0.7213 -0.5333
vn 0.3471 0.7617 -0.5471
vn 0.3650 0.7681 -0.5261
vn 0.1476 0.8798 -0.4519
vn 0.1208 0.8749 -0.4691
vn 0.1359 0.8815 -0.4523
vn 0.1310 0.8867 -0.4433
vn 0.1713 0.8608 -0.4793
vn 0.1607 0.8806 -0.4458
vn 0.7704 0.3472 -0.5348
vn 0.6970 0.3085 -0.6473
vn 0.6909 0.3044 -0.6558
vn 0.7730 0.3482 -0.5303
vn 0.1370 -0.9281 0.3462
vn 0.0971 -0.9639 0.2478
vn 0.2086 -0.9650 0.1592
vn 0.2765 -0.9214 0.2732
vn -0.0432 -0.9108 0.4105
vn -0.0320 -0.9251 0.3785
vn -0.4414 -0.7190 0.5368
vn -0.4458 -0.6881 0.5725
vn -0.3843 -0.7486 0.5402
vn -0.4183 -0.7372 0.5307
vn -0.1419 -0.9065 0.3977
vn -0.1780 -0.8956 0.4076
vn -0.5027 -0.6960 0.5127
vn -0.4591 -0.6784 0.5736
vn -0.7412 -0.5047 0.4425
vn -0.7038 -0.5122 0.4923
vn -0.8494 -0.3683 0.3779
vn -0.8375 -0.3697 0.4024
vn -0.2777 0.8265 -0.4897
vn 0.0783 0.7473 -0.6599
vn -0.2602 0.7490 -0.6093
vn -0.2824 0.8324 -0.4769
vn 0.3899 0.7181 -0.5764
vn 0.3288 0.7068 -0.6264
vn 0.4943 0.6629 -0.5623
vn 0.3939 0.7067 -0.5877
vn 0.3670 0.6972 -0.6158
vn 0.3907 0.7356 -0.5533
vn 0.3231 0.7745 -0.5439
vn 0.1090 0.9025 -0.4166
vn 0.1178 0.9101 -0.3972
vn 0.1012 0.9043 -0.4146
vn 0.1432 0.8653 -0.4804
vn 0.1987 0.8686 -0.4538
vn 0.4414 0.5067 -0.7405
vn 0.6274 0.2665 -0.7317
vn 0.5665 0.2191 -0.7944
vn 0.6189 0.2621 -0.7404
vn 0.0831 -0.9801 0.1801
vn 0.0801 -0.9642 0.2527
vn 0.1866 -0.9735 0.1320
vn 0.1774 -0.9803 0.0871
vn -0.0141 -0.9571 0.2895
vn -0.0148 -0.9447 0.3277
vn -0.0468 -0.7652 0.6421
vn -0.1083 -0.8581 0.5019
vn 0.0369 -0.8863 0.4617
vn 0.1416 -0.7902 0.5962
vn 0.2263 -0.8662 0.4456
vn 0.3742 -0.8416 0.3895
vn 0.8854 0.4207 -0.1976
vn 0.8452 0.3723 -0.3834
vn 0.8573 0.3752 -0.3526
vn 0.8817 0.4486 -0.1461
vn 0.2441 0.8321 -0.4981
vn 0.1947 0.8424 -0.5025
vn 0.0900 0.8688 -0.4870
vn 0.1005 0.8647 -0.4922
vn 0.1082 0.8544 -0.5082
vn 0.1224 0.8322 -0.5407
vn 0.3732 0.7180 -0.5875
vn 0.4363 0.7074 -0.5561
vn 0.3972 0.6773 -0.6193
vn 0.4585 0.6776 -0.5750
vn 0.3282 0.7515 -0.5723
vn 0.3292 0.8301 -0.4500
vn 0.3317 0.7657 -0.5512
vn 0.0780 0.9899 -0.1185
vn -0.1923 0.9803 -0.0442
vn -0.2022 0.9764 -0.0759
vn -0.1122 0.9886 0.1006
vn -0.5543 -0.1382 0.8208
vn -0.6765 -0.2364 0.6975
vn -0.5898 -0.4223 0.6884
vn -0.4843 -0.3465 0.8034
vn -0.4238 -0.6734 0.6057
vn -0.3584 -0.6383 0.6812
vn -0.4222 -0.6687 0.6120
vn -0.3898 -0.6400 0.6622
vn -0.3728 -0.6303 0.6810
vn -0.3858 -0.6974 0.6040
vn 0.8709 0.4865 -0.0698
vn 0.3183 0.8454 -0.4289
vn 0.0354 0.8671 -0.4968
vn -0.1269 0.8467 -0.5167
vn 0.4124 0.7613 -0.5003
vn 0.4760 0.7117 -0.5166
vn 0.5092 0.6797 -0.5280
vn 0.4109 0.8049 -0.4280
vn 0.1673 0.9828 -0.0784
vn -0.0157 0.9788 0.2042
vn -0.4396 -0.0945 0.8932
vn -0.3967 -0.4008 0.8258
vn -0.3244 -0.6522 0.6851
vn -0.4086 -0.6148 0.6746
vn -0.3803 -0.6117 0.6937
vn -0.0574 -0.7334 0.6774
vn 0.1666 -0.7405 0.6511
vn -0.4762 -0.6650 0.5753
vn -0.3735 -0.7675 0.5211
vn -0.5344 -0.6302 0.5632
vn -0.5922 -0.5060 0.6271
vn -0.6534 -0.3424 0.6751
vn -0.0490 0.9854 0.1629
vn 0.4242 0.8527 -0.3047
vn 0.1179 0.9925 0.0336
vn 0.4086 0.8639 -0.2945
vn 0.5322 0.7156 -0.4524
vn 0.4290 0.7856 -0.4459
vn 0.2842 0.8824 -0.3750
vn 0.4840 0.8159 -0.3162
vn 0.7655 0.6083 -0.2100
vn 0.6464 0.7254 -0.2365
vn 0.7367 0.6538 -0.1727
vn 0.2939 -0.8621 0.4128
vn 0.2801 -0.8165 0.5048
vn 0.2908 -0.8516 0.4362
vn -0.2307 -0.8983 0.3740
vn -0.2511 -0.8751 0.4136
vn -0.2269 -0.8707 0.4364
vn -0.4591 -0.3344 -0.8230
vn -0.2635 -0.8282 0.4946
vn -0.7842 -0.5935 0.1812
vn -0.8140 -0.5291 0.2398
vn -0.8975 -0.3984 0.1892
vn -0.8983 -0.4366 0.0499
vn -0.1472 -0.8779 0.4557
vn -0.1621 -0.8584 0.4866
vn -0.2291 -0.8255 0.5158
vn -0.2451 -0.8307 0.4998
vn -0.4592 -0.6967 0.5511
vn -0.4711 -0.6800 0.5619
vn -0.1538 -0.8784 0.4525
vn -0.1347 -0.8730 0.4688
vn 0.0856 -0.9393 0.3321
vn 0.1479 -0.9021 0.4054
vn 0.2543 -0.9383 0.2342
vn 0.3193 -0.8836 0.3425
vn 0.7478 0.3264 -0.5781
vn 0.7936 0.4110 -0.4486
vn 0.7916 0.4046 -0.4580
vn 0.7499 0.3290 -0.5740
vn 0.2254 0.8545 -0.4679
vn 0.2230 0.8477 -0.4813
vn 0.1617 0.8719 -0.4622
vn 0.1979 0.8657 -0.4598
vn 0.1929 0.8762 -0.4418
vn 0.1769 0.8614 -0.4761
vn 0.2779 0.8366 -0.4721
vn 0.2600 0.8302 -0.4931
vn 0.4671 0.6920 -0.5504
vn 0.4916 0.6912 -0.5297
vn 0.4774 0.6869 -0.5479
vn 0.4811 0.6786 -0.5550
vn 0.4473 0.7209 -0.5294
vn 0.4550 0.6938 -0.5583
vn -0.2742 0.9217 -0.2744
vn -0.1986 0.9660 -0.1655
vn -0.1931 0.9687 -0.1561
vn -0.2772 0.9196 -0.2782
vn -0.6863 -0.4765 0.5495
vn -0.6407 -0.4261 0.6387
vn -0.7025 -0.2981 0.6463
vn -0.7717 -0.3449 0.5343
vn -0.5533 -0.6145 0.5623
vn -0.5592 -0.5868 0.5857
vn -0.1774 -0.8634 0.4723
vn -0.1697 -0.8861 0.4314
vn -0.2393 -0.8459 0.4767
vn -0.2032 -0.8519 0.4827
vn -0.4677 -0.6524 0.5964
vn -0.4364 -0.6755 0.5944
vn -0.1088 -0.8679 0.4846
vn -0.1546 -0.8909 0.4271
vn 0.2013 -0.8761 0.4381
vn 0.1515 -0.9002 0.4084
vn 0.3773 -0.8390 0.3921
vn 0.3592 -0.8535 0.3777
vn 0.7943 0.4946 -0.3528
vn 0.5228 0.7899 -0.3204
vn 0.7796 0.5793 -0.2378
vn 0.7969 0.4834 -0.3623
vn 0.2310 0.8697 -0.4362
vn 0.2904 0.8767 -0.3834
vn 0.1149 0.8949 -0.4312
vn 0.2256 0.8777 -0.4227
vn 0.2515 0.8845 -0.3930
vn 0.2318 0.8562 -0.4618
vn 0.3026 0.8255 -0.4765
vn 0.4982 0.6502 -0.5736
vn 0.4887 0.6409 -0.5920
vn 0.5047 0.6452 -0.5735
vn 0.4724 0.7090 -0.5236
vn 0.4210 0.7161 -0.5568
vn 0.1361 0.9701 -0.2012
vn -0.1368 0.9882 -0.0685
vn -0.0915 0.9956 0.0198
vn -0.1293 0.9899 -0.0580
vn -0.6159 -0.3824 0.6888
vn -0.6287 -0.4388 0.6420
vn -0.6805 -0.2893 0.6733
vn -0.6620 -0.2591 0.7033
vn -0.5612 -0.5141 0.6487
vn -0.5666 -0.5421 0.6205
vn -0.5515 -0.7646 0.3336
vn -0.5038 -0.7070 0.4963
vn -0.6217 -0.6093 0.4921
vn -0.7008 -0.6397 0.3157
vn -0.7587 -0.4955 0.4228
vn -0.8474 -0.3685 0.3823
vn -0.4376 0.7244 -0.5327
vn -0.3702 0.8425 -0.3913
vn -0.3883 0.8242 -0.4123
vn -0.4372 0.6883 -0.5789
vn 0.3803 0.7647 -0.5202
vn 0.4266 0.7464 -0.5107
vn 0.5190 0.6887 -0.5063
vn 0.5102 0.6971 -0.5037
vn 0.5040 0.7111 -0.4902
vn 0.4919 0.7386 -0.4610
vn 0.2479 0.8704 -0.4254
vn 0.1819 0.8733 -0.4519
vn 0.2184 0.8969 -0.3846
vn 0.1551 0.8915 -0.4257
vn 0.2961 0.8448 -0.4457
vn 0.2956 0.7675 -0.5689
vn 0.2936 0.8332 -0.4685
vn 0.4716 0.4155 -0.7778
vn 0.6604 0.2165 -0.7190
vn 0.6765 0.2364 -0.6975
vn 0.5538 0.1406 -0.8207
vn 0.1139 -0.9882 -0.1024
vn 0.2022 -0.9764 0.0759
vn 0.0422 -0.9779 0.2046
vn -0.0413 -0.9977 0.0538
vn -0.1908 -0.8980 0.3965
vn -0.2498 -0.9171 0.3107
vn -0.1917 -0.9010 0.3891
vn -0.2193 -0.9177 0.3312
vn -0.2342 -0.9218 0.3089
vn -0.2328 -0.8843 0.4048
vn -0.4338 0.6312 -0.6430
vn 0.3052 0.7491 -0.5880
vn 0.5652 0.6689 -0.4828
vn 0.6918 0.5980 -0.4047
vn 0.2103 0.8309 -0.5151
vn 0.1395 0.8622 -0.4871
vn 0.1004 0.8791 -0.4660
vn 0.2102 0.7834 -0.5849
vn 0.3834 0.4255 -0.8197
vn 0.4382 0.1015 -0.8931
vn 0.0204 -0.9776 -0.2095
vn -0.1462 -0.9875 0.0595
vn -0.2854 -0.9071 0.3093
vn -0.1955 -0.9302 0.3107
vn -0.2229 -0.9307 0.2900
vn -0.5383 -0.7898 0.2940
vn -0.7135 -0.6580 0.2408
vn -0.1843 -0.7180 0.6712
vn -0.2870 -0.7712 0.5682
vn -0.1712 -0.6718 0.7206
vn -0.0414 -0.6233 0.7809
vn 0.1079 -0.5372 0.8365
vn 0.8499 0.5270 -0.0048
vn 0.4956 0.6565 -0.5687
vn 0.7887 0.5814 -0.1996
vn 0.5091 0.6604 -0.5521
vn 0.3071 0.6471 -0.6978
vn 0.3545 0.7142 -0.6036
vn 0.4594 0.7627 -0.4553
vn 0.4661 0.6257 -0.6256
vn 0.4036 0.3427 -0.8483
vn 0.4641 0.4679 -0.7521
vn 0.4594 0.3525 -0.8153
vn -0.3630 -0.9272 -0.0921
vn -0.2708 -0.9608 -0.0592
vn -0.3404 -0.9365 -0.0840
vn -0.4669 -0.7861 0.4051
vn -0.4259 -0.7945 0.4329
vn -0.4055 -0.8144 0.4151
vn -0.8271 0.4992 0.2585
vn -0.3395 -0.8197 0.4614
vn -0.4127 -0.3075 0.8574
vn -0.3291 -0.3008 0.8951
vn -0.2701 -0.1588 0.9497
vn -0.3885 -0.0825 0.9177
vn -0.3908 -0.8536 0.3444
vn -0.3576 -0.8596 0.3649
vn -0.3204 -0.8422 0.4337
vn -0.3362 -0.8298 0.4454
vn -0.2223 -0.7253 0.6516
vn -0.2038 -0.7192 0.6642
vn -0.3939 -0.8500 0.3498
vn -0.3774 -0.8632 0.3353
vn -0.4940 -0.8644 0.0943
vn -0.4126 -0.9095 0.0501
vn -0.5394 -0.8368 -0.0934
vn -0.4220 -0.8968 -0.1328
vn -0.0486 0.4323 -0.9004
vn 0.1033 0.3811 -0.9187
vn 0.0922 0.3843 -0.9186
vn -0.0438 0.4305 -0.9015
vn 0.3729 0.8272 -0.4204
vn 0.3589 0.8331 -0.4209
vn 0.3835 0.8507 -0.3594
vn 0.3838 0.8356 -0.3929
vn 0.4029 0.8306 -0.3844
vn 0.3681 0.8501 -0.3766
vn 0.3616 0.8050 -0.4702
vn 0.3416 0.8208 -0.4578
vn 0.2200 0.7197 -0.6585
vn 0.2351 0.6978 -0.6766
vn 0.2187 0.7120 -0.6673
vn 0.2082 0.7108 -0.6719
vn 0.2535 0.7282 -0.6367
vn 0.2151 0.7297 -0.6491
vn 0.4990 0.8604 0.1035
vn 0.6100 0.7905 0.0552
vn 0.6186 0.7840 0.0520
vn 0.4947 0.8626 0.1056
vn -0.0779 -0.5239 0.8482
vn 0.0220 -0.5679 0.8228
vn 0.1183 -0.4752 0.8719
vn 0.0041 -0.4064 0.9137
vn -0.1618 -0.6562 0.7370
vn -0.1263 -0.6537 0.7461
vn -0.3721 -0.8485 0.3763
vn -0.4148 -0.8355 0.3604
vn -0.3621 -0.8243 0.4352
vn -0.3592 -0.8419 0.4026
vn -0.1604 -0.7274 0.6672
vn -0.1762 -0.7488 0.6389
vn -0.3609 -0.8781 0.3140
vn -0.4198 -0.8394 0.3452
vn -0.3666 -0.9304 0.0048
vn -0.4088 -0.9114 0.0472
vn -0.3506 -0.9191 -0.1799
vn -0.3726 -0.9133 -0.1648
vn 0.2284 0.3654 -0.9024
vn 0.4474 0.6019 -0.6615
vn 0.3651 0.3405 -0.8665
vn 0.2141 0.3644 -0.9063
vn 0.4053 0.8125 -0.4190
vn 0.4503 0.7635 -0.4630
vn 0.4163 0.8553 -0.3085
vn 0.4195 0.8093 -0.4111
vn 0.4463 0.7855 -0.4288
vn 0.3787 0.8221 -0.4251
vn 0.3528 0.7947 -0.4940
vn 0.1763 0.7016 -0.6904
vn 0.1565 0.7113 -0.6852
vn 0.1732 0.6966 -0.6962
vn 0.2506 0.7099 -0.6582
vn 0.2297 0.7517 -0.6182
vn 0.6230 0.7319 -0.2761
vn 0.6951 0.7187 0.0189
vn 0.7617 0.6479 -0.0023
vn 0.7038 0.7102 0.0143
vn 0.0898 -0.5824 0.8079
vn 0.0157 -0.5815 0.8134
vn 0.1445 -0.4947 0.8570
vn 0.1885 -0.5018 0.8442
vn -0.0308 -0.6521 0.7575
vn -0.0707 -0.6483 0.7581
vn -0.4225 -0.5877 0.6900
vn -0.2697 -0.6807 0.6811
vn -0.2095 -0.5844 0.7839
vn -0.3535 -0.4560 0.8168
vn -0.1807 -0.4258 0.8866
vn -0.1187 -0.2920 0.9490
vn 0.1673 0.9628 0.2121
vn 0.3544 0.9190 0.1729
vn 0.3252 0.9271 0.1865
vn 0.1102 0.9730 0.2030
vn 0.2861 0.7671 -0.5742
vn 0.2829 0.7365 -0.6145
vn 0.2508 0.6722 -0.6966
vn 0.2580 0.6781 -0.6883
vn 0.2767 0.6789 -0.6801
vn 0.3151 0.6786 -0.6635
vn 0.4144 0.8008 -0.4324
vn 0.3931 0.8390 -0.3762
vn 0.4578 0.7960 -0.3960
vn 0.4211 0.8387 -0.3454
vn 0.3867 0.7865 -0.4815
vn 0.2488 0.8260 -0.5058
vn 0.3630 0.7962 -0.4840
vn -0.1358 0.7054 -0.6957
vn -0.2311 0.4864 -0.8426
vn -0.2007 0.4794 -0.8544
vn -0.3646 0.5388 -0.7595
vn -0.8069 -0.5893 -0.0415
vn -0.6749 -0.7334 -0.0809
vn -0.6094 -0.7857 0.1064
vn -0.7292 -0.6678 0.1493
vn -0.4484 -0.8125 0.3726
vn -0.5236 -0.7474 0.4089
vn -0.4555 -0.8088 0.3719
vn -0.5080 -0.7706 0.3849
vn -0.5269 -0.7532 0.3938
vn -0.4367 -0.7987 0.4138
vn 0.0260 0.9817 0.1886
vn 0.2235 0.8255 -0.5183
vn 0.2553 0.6306 -0.7329
vn 0.2638 0.4958 -0.8274
vn 0.3232 0.8500 -0.4159
vn 0.3580 0.8682 -0.3435
vn 0.3805 0.8740 -0.3021
vn 0.2422 0.8700 -0.4295
vn -0.1637 0.7650 -0.6228
vn -0.4521 0.5960 -0.6636
vn -0.8766 -0.4809 0.0195
vn -0.7280 -0.6381 0.2506
vn -0.5204 -0.7308 0.4417
vn -0.5283 -0.7699 0.3579
vn -0.5446 -0.7482 0.3789
vn -0.4657 -0.5788 0.6694
vn -0.4167 -0.4103 0.8112
vn 0.4101 -0.1879 0.8925
vn 0.5206 -0.2617 0.8127
vn 0.3464 -0.1909 0.9185
vn 0.2516 -0.0825 0.9643
vn 0.1210 0.0399 0.9919
vn -0.6473 0.7477 -0.1482
vn -0.4621 0.4821 -0.7444
vn -0.6049 0.7141 -0.3524
vn -0.4750 0.4917 -0.7298
vn -0.3622 0.3228 -0.8744
vn -0.4697 0.3422 -0.8138
vn -0.5946 0.4109 -0.6911
vn -0.4056 0.4680 -0.7852
vn -0.0508 0.4892 -0.8707
vn -0.2138 0.5122 -0.8318
vn -0.0846 0.5361 -0.8399
vn 0.9402 -0.1964 0.2782
vn 0.9375 -0.1073 0.3310
vn 0.9405 -0.1744 0.2917
vn 0.6371 -0.4059 0.6553
vn 0.6248 -0.3696 0.6878
vn 0.6454 -0.3436 0.6822
vn -0.4040 -0.0926 -0.9101
vn -0.1673 0.1361 -0.9765
vn -0.3368 0.1993 -0.9202
vn 0.6176 -0.2867 0.7324
vn 0.0618 -0.4015 0.9138
vn -0.0770 -0.5210 0.8501
vn -0.2136 -0.4599 0.8619
vn -0.3052 -0.6947 0.6513
vn 0.7056 -0.3110 0.6367
vn 0.6957 -0.2814 0.6609
vn 0.6447 -0.2599 0.7189
vn 0.6324 -0.2792 0.7226
vn 0.4325 -0.2203 0.8743
vn 0.4181 -0.2055 0.8848
vn 0.7008 -0.3156 0.6398
vn 0.7150 -0.2950 0.6339
vn 0.8371 -0.3659 0.4066
vn 0.8780 -0.2722 0.3938
vn 0.8974 -0.3815 0.2217
vn 0.9419 -0.2512 0.2230
vn -0.0144 0.0448 -0.9989
vn 0.0065 0.2036 -0.9790
vn 0.0059 0.1922 -0.9813
vn -0.0133 0.0499 -0.9987
vn -0.6477 0.3109 -0.6955
vn -0.6499 0.2965 -0.6998
vn -0.6955 0.3070 -0.6497
vn -0.6686 0.3154 -0.6734
vn -0.6716 0.3333 -0.6618
vn -0.6848 0.2951 -0.6663
vn -0.6057 0.3120 -0.7320
vn -0.6205 0.2879 -0.7295
vn -0.4243 0.2201 -0.8784
vn -0.4007 0.2413 -0.8839
vn -0.4136 0.2216 -0.8831
vn -0.4085 0.2124 -0.8877
vn -0.4477 0.2477 -0.8592
vn -0.4359 0.2122 -0.8746
vn -0.9139 0.3369 -0.2265
vn -0.8557 0.4638 -0.2296
vn -0.8504 0.4737 -0.2289
vn -0.9158 0.3319 -0.2260
vn 0.1437 -0.1449 0.9790
vn 0.1720 -0.0365 0.9844
vn 0.0493 0.0345 0.9982
vn -0.0046 -0.0943 0.9955
vn 0.3239 -0.1869 0.9274
vn 0.3106 -0.1543 0.9379
vn 0.6843 -0.2992 0.6650
vn 0.6880 -0.3399 0.6411
vn 0.6370 -0.3034 0.7086
vn 0.6652 -0.2922 0.6871
vn 0.4150 -0.1625 0.8952
vn 0.4488 -0.1697 0.8774
vn 0.7333 -0.2729 0.6227
vn 0.6987 -0.3415 0.6286
vn 0.9050 -0.2164 0.3664
vn 0.8800 -0.2677 0.3924
vn 0.9655 -0.1701 0.1970
vn 0.9589 -0.1951 0.2060
vn -0.0125 0.3247 -0.9457
vn -0.3661 0.4597 -0.8091
vn -0.0335 0.4552 -0.8897
vn -0.0070 0.3116 -0.9502
vn -0.6421 0.3444 -0.6849
vn -0.5903 0.4033 -0.6993
vn -0.7268 0.3293 -0.6027
vn -0.6455 0.3573 -0.6751
vn -0.6227 0.3901 -0.6783
vn -0.6426 0.3181 -0.6970
vn -0.5851 0.3092 -0.7497
vn -0.3861 0.1860 -0.9035
vn -0.3927 0.1644 -0.9049
vn -0.3787 0.1847 -0.9069
vn -0.4221 0.2514 -0.8710
vn -0.4710 0.2177 -0.8549
vn -0.6734 0.5434 -0.5012
vn -0.7950 0.5639 -0.2234
vn -0.7375 0.6432 -0.2059
vn -0.7875 0.5745 -0.2231
vn 0.1766 0.0343 0.9837
vn 0.1892 -0.0389 0.9812
vn 0.0672 0.0656 0.9956
vn 0.0694 0.1117 0.9913
vn 0.2844 -0.0637 0.9566
vn 0.2892 -0.1032 0.9517
vn 0.3023 -0.5065 0.8075
vn 0.3910 -0.2783 0.8773
vn 0.2512 -0.2525 0.9344
vn 0.1173 -0.4872 0.8654
vn 0.0625 -0.2664 0.9618
vn -0.0948 -0.2373 0.9668
vn -0.9781 -0.1083 -0.1780
vn -0.9634 0.1752 -0.2029
vn -0.9699 0.1432 -0.1969
vn -0.9492 -0.2634 -0.1723
vn -0.5175 0.2577 -0.8159
vn -0.4701 0.2711 -0.8399
vn -0.3732 0.2640 -0.8894
vn -0.4060 0.2574 -0.8769
vn -0.3912 0.2853 -0.8750
vn -0.3729 0.3640 -0.8535
vn -0.6282 0.3574 -0.6911
vn -0.6788 0.3220 -0.6600
vn -0.6477 0.3939 -0.6522
vn -0.6950 0.3437 -0.6315
vn -0.5899 0.3412 -0.7318
vn -0.5952 0.1150 -0.7953
vn -0.5926 0.3171 -0.7405
vn -0.3423 -0.2513 -0.9054
vn -0.0473 -0.1511 -0.9874
vn -0.0427 -0.1183 -0.9921
vn -0.1137 -0.3864 -0.9153
vn 0.6657 -0.7375 0.1137
vn 0.8288 -0.5312 0.1758
vn 0.7865 -0.4923 0.3729
vn 0.6223 -0.7195 0.3083
vn 0.6697 -0.3782 0.6391
vn 0.5902 -0.5119 0.6242
vn 0.6683 -0.3856 0.6362
vn 0.6098 -0.4576 0.6470
vn 0.5973 -0.5200 0.6107
vn 0.6385 -0.3762 0.6714
vn -0.8848 -0.4376 -0.1602
vn -0.6396 0.2321 -0.7328
vn -0.3203 0.2856 -0.9032
vn -0.4637 0.2949 -0.8355
vn -0.6967 0.2962 -0.6533
vn -0.7382 0.3147 -0.5966
vn -0.6410 0.2254 -0.7337
vn -0.2159 -0.6551 -0.7240
vn 0.3987 -0.9152 0.0582
vn 0.7000 -0.5008 0.5091
vn 0.6424 -0.4060 0.6500
vn 0.7058 -0.4360 0.5583
vn 0.6271 -0.4713 0.6202
vn 0.3498 -0.4298 0.8324
vn 0.1442 -0.3870 0.9108
vn -0.3741 -0.9255 -0.0594
vn -0.7978 0.3581 -0.4851
vn -0.6817 0.3203 -0.6578
vn 0.8585 -0.3655 0.3596
vn 0.7972 -0.3505 0.4915
vn -0.4162 0.2240 -0.8812
vn 0.7314 -0.3319 0.5957
vn -0.4119 0.2219 -0.8838
vn 0.7800 -0.3463 0.5213
vn -0.6962 0.3219 -0.6416
vn 0.3500 -0.1966 0.9159
vn 0.6954 -0.3195 0.6437
vn -0.7351 0.3349 -0.5895
vn 0.2252 -0.1489 0.9629
vn -0.5819 0.2855 -0.7615
vn 0.1437 -0.1164 0.9828
vn 0.0535 -0.0799 0.9954
vn -0.1086 0.6793 0.7258
vn -0.5195 -0.6091 0.5993
vn -0.6767 0.0113 0.7361
vn -0.1938 0.6493 0.7354
vn 0.1393 0.9868 0.0829
vt 0.917874 0.781991
vt 0.917736 0.778856
vt 0.918006 0.782102
vt 0.917940 0.782220
vt 0.917717 0.782258
vt 0.917486 0.782198
vt 0.917413 0.782062
vt 0.917509 0.781895
vt 0.917755 0.781868
vt 0.918021 0.781921
vt 0.918024 0.782150
vt 0.917913 0.782290
vt 0.917702 0.782342
vt 0.917499 0.782310
vt 0.917382 0.782191
vt 0.917409 0.782006
vt 0.918369 0.785369
vt 0.917644 0.785351
vt 0.916518 0.894478
vt 0.918173 0.894518
vt 0.917659 0.781940
vt 0.918497 0.785486
vt 0.917882 0.783464
vt 0.917718 0.783396
vt 0.917772 0.785499
vt 0.917639 0.783362
vt 0.917650 0.783150
vt 0.917707 0.783147
vt 0.917702 0.783392
vt 0.917740 0.783143
vt 0.917751 0.783359
vt 0.917630 0.783330
vt 0.917634 0.783162
vt 0.917650 0.783320
vt 0.917648 0.783177
vt 0.917696 0.783318
vt 0.917698 0.783183
vt 0.917741 0.783321
vt 0.917748 0.783180
vt 0.917762 0.783330
vt 0.917765 0.783165
vt 0.917755 0.783358
vt 0.917751 0.783148
vt 0.917701 0.783385
vt 0.917701 0.783143
vt 0.917645 0.783340
vt 0.917659 0.783140
vt 0.917640 0.783323
vt 0.917640 0.783156
vt 0.917661 0.783316
vt 0.917656 0.783170
vt 0.917706 0.783315
vt 0.917705 0.783174
vt 0.917751 0.783317
vt 0.917754 0.783169
vt 0.917768 0.783328
vt 0.917763 0.783154
vt 0.917636 0.782915
vt 0.917579 0.782599
vt 0.917689 0.782533
vt 0.917693 0.782891
vt 0.917795 0.782559
vt 0.917757 0.782902
vt 0.917614 0.782970
vt 0.917548 0.782698
vt 0.917633 0.783005
vt 0.917601 0.782757
vt 0.917698 0.783016
vt 0.917704 0.782776
vt 0.917767 0.783010
vt 0.917807 0.782765
vt 0.917792 0.782977
vt 0.917860 0.782705
vt 0.917769 0.782929
vt 0.917826 0.782616
vt 0.917707 0.782894
vt 0.917715 0.782540
vt 0.917649 0.782906
vt 0.917611 0.782573
vt 0.917619 0.782954
vt 0.917572 0.782660
vt 0.917641 0.782986
vt 0.917611 0.782709
vt 0.917706 0.782995
vt 0.917708 0.782718
vt 0.917771 0.782984
vt 0.917807 0.782703
vt 0.917785 0.782948
vt 0.917843 0.782646
vt 0.917947 0.784001
vt 0.917809 0.783594
vt 0.917816 0.783476
vt 0.918006 0.783693
vt 0.917768 0.783427
vt 0.917710 0.783422
vt 0.917653 0.783426
vt 0.917558 0.783448
vt 0.917601 0.783469
vt 0.917403 0.783663
vt 0.917582 0.783571
vt 0.917434 0.783973
vt 0.917699 0.783695
vt 0.917681 0.784234
vt 0.917808 0.783589
vt 0.917982 0.783988
vt 0.917804 0.783467
vt 0.917989 0.783655
vt 0.917751 0.783422
vt 0.917856 0.783445
vt 0.917693 0.783417
vt 0.917692 0.783389
vt 0.917634 0.783421
vt 0.917522 0.783447
vt 0.917581 0.783468
vt 0.917377 0.783665
vt 0.917581 0.783592
vt 0.917391 0.784008
vt 0.917718 0.784236
vt 0.917698 0.783694
vt 0.917001 0.785464
vt 0.916815 0.785339
vt 0.917157 0.785041
vt 0.917639 0.785005
vt 0.918255 0.785310
vt 0.918541 0.785388
vt 0.916925 0.785359
vt 0.916770 0.785380
vt 0.917096 0.785317
vt 0.917732 0.785042
vt 0.918215 0.785083
vt 0.918616 0.785375
vt 0.673302 0.878320
vt 0.673277 0.878571
vt 0.673167 0.878787
vt 0.673105 0.878928
vt 0.673068 0.878977
vt 0.673050 0.878927
vt 0.673068 0.878783
vt 0.673149 0.878567
vt 0.673167 0.878316
vt 0.673073 0.878055
vt 0.673050 0.877840
vt 0.673069 0.877699
vt 0.673097 0.877650
vt 0.673124 0.877701
vt 0.673150 0.877844
vt 0.673202 0.878059
vt 0.915187 0.897129
vt 0.916781 0.898000
vt 0.914877 0.894472
vt 0.914839 0.896059
vt 0.914471 0.894505
vt 0.915611 0.894641
vt 0.915120 0.894406
vt 0.916695 0.893976
vt 0.917596 0.894641
vt 0.916521 0.893983
vt 0.918051 0.894457
vt 0.918495 0.896063
vt 0.918616 0.894571
vt 0.918285 0.897138
vt 0.142111 0.070548
vt 0.157673 0.076611
vt 0.164542 0.103989
vt 0.148735 0.114589
vt 0.236294 0.111491
vt 0.216615 0.097787
vt 0.216619 0.097780
vt 0.220813 0.096295
vt 0.240059 0.104614
vt 0.208968 0.130669
vt 0.172820 0.133109
vt 0.179032 0.112959
vt 0.200915 0.111955
vt 0.343786 0.887572
vt 0.309875 0.883795
vt 0.294698 0.793277
vt 0.390931 0.769646
vt 0.396516 0.781647
vt 0.266474 0.878913
vt 0.254102 0.802412
vt 0.258799 0.790920
vt 0.268928 0.782205
vt 0.396516 0.846845
vt 0.390408 0.859311
vt 0.197925 0.509902
vt 0.188117 0.501138
vt 0.204124 0.417559
vt 0.234914 0.442373
vt 0.224536 0.498999
vt 0.278866 0.766230
vt 0.337622 0.751765
vt 0.156637 0.043735
vt 0.180061 0.034260
vt 0.185431 0.062362
vt 0.161328 0.074876
vt 0.320384 0.523165
vt 0.267060 0.540591
vt 0.208831 0.525793
vt 0.227427 0.036218
vt 0.207377 0.070894
vt 0.240059 0.048155
vt 0.216135 0.072808
vt 0.207438 0.070893
vt 0.320466 0.433926
vt 0.320473 0.434012
vt 0.320473 0.523165
vt 0.153936 0.121603
vt 0.169433 0.106478
vt 0.287693 0.164961
vt 0.311631 0.164961
vt 0.301978 0.166841
vt 0.258002 0.790212
vt 0.093033 0.813384
vt 0.077625 0.863261
vt 0.053511 0.863250
vt 0.046524 0.815093
vt 0.054840 0.784299
vt 0.054880 0.784273
vt 0.342299 0.675195
vt 0.356417 0.675275
vt 0.382480 0.724930
vt 0.327003 0.721646
vt 0.364280 0.660572
vt 0.413632 0.671512
vt 0.321985 0.653489
vt 0.324050 0.662299
vt 0.284456 0.678735
vt 0.284438 0.678692
vt 0.284438 0.659973
vt 0.363896 0.638177
vt 0.344033 0.621456
vt 0.344007 0.586330
vt 0.379612 0.584157
vt 0.403197 0.610448
vt 0.344011 0.876108
vt 0.332239 0.867647
vt 0.317089 0.827207
vt 0.385181 0.876108
vt 0.096239 0.784903
vt 0.121347 0.804476
vt 0.334918 0.630064
vt 0.331089 0.633493
vt 0.303573 0.605078
vt 0.331858 0.587244
vt 0.028987 0.863261
vt 0.027640 0.853834
vt 0.323555 0.794391
vt 0.370995 0.796840
vt 0.402166 0.823139
vt 0.318766 0.818856
vt 0.110959 0.839329
vt 0.411296 0.858163
vt 0.041640 0.792014
vt 0.022494 0.830641
vt 0.436698 0.245569
vt 0.428877 0.244565
vt 0.422393 0.220215
vt 0.430374 0.215812
vt 0.434359 0.214923
vt 0.436701 0.245559
vt 0.474294 0.311757
vt 0.442942 0.292739
vt 0.449838 0.287068
vt 0.455486 0.281206
vt 0.483020 0.296345
vt 0.408375 0.264578
vt 0.383591 0.257109
vt 0.409967 0.274430
vt 0.407548 0.274674
vt 0.380342 0.273187
vt 0.380670 0.263185
vt 0.409980 0.274425
vt 0.438251 0.213986
vt 0.469023 0.216812
vt 0.473960 0.221988
vt 0.449530 0.250935
vt 0.453617 0.254832
vt 0.483020 0.235040
vt 0.450711 0.325115
vt 0.434418 0.296470
vt 0.442920 0.292777
vt 0.449571 0.250953
vt 0.522575 0.248152
vt 0.535200 0.215073
vt 0.541760 0.210389
vt 0.545786 0.210181
vt 0.529660 0.252264
vt 0.522577 0.726152
vt 0.522606 0.726122
vt 0.532882 0.760467
vt 0.532962 0.760486
vt 0.483643 0.812331
vt 0.471437 0.812268
vt 0.471437 0.812256
vt 0.428001 0.781021
vt 0.428032 0.780977
vt 0.441259 0.726122
vt 0.441314 0.726135
vt 0.415330 0.293442
vt 0.398232 0.313746
vt 0.420506 0.294581
vt 0.568602 0.287964
vt 0.565586 0.288058
vt 0.527413 0.256560
vt 0.571082 0.286383
vt 0.524999 0.260896
vt 0.524159 0.255674
vt 0.558454 0.288521
vt 0.420506 0.294588
vt 0.420154 0.295567
vt 0.405929 0.320619
vt 0.587489 0.275994
vt 0.575831 0.208827
vt 0.591018 0.215184
vt 0.591457 0.273507
vt 0.596358 0.226156
vt 0.596358 0.265690
vt 0.409472 0.323561
vt 0.274748 0.744451
vt 0.274747 0.744452
vt 0.274746 0.744451
vt 0.274746 0.744451
vt 0.274746 0.744449
vt 0.274747 0.744450
vt 0.274746 0.744450
vt 0.274746 0.744450
vt 0.274744 0.744464
vt 0.274741 0.744452
vt 0.274746 0.744450
vt 0.274746 0.744450
vt 0.274745 0.744451
vt 0.274745 0.744451
vt 0.274743 0.744456
vt 0.274745 0.744450
vt 0.274745 0.744450
vt 0.196475 0.803193
vt 0.173411 0.772713
vt 0.215365 0.780881
vt 0.243489 0.817098
vt 0.274742 0.744450
vt 0.274742 0.744451
vt 0.274745 0.744450
vt 0.274743 0.744451
vt 0.274745 0.744451
vt 0.274746 0.744451
vt 0.274746 0.744451
vt 0.274744 0.744449
vt 0.258362 0.754348
vt 0.260962 0.761312
vt 0.268069 0.809171
vt 0.268021 0.809178
vt 0.274746 0.744451
vt 0.274746 0.744452
vt 0.274746 0.744454
vt 0.274748 0.744452
vt 0.274746 0.744451
vt 0.274748 0.744457
vt 0.274749 0.744460
vt 0.218088 0.744449
vt 0.249547 0.753227
vt 0.190581 0.353803
vt 0.238933 0.358801
vt 0.263722 0.363572
vt 0.173350 0.353020
vt 0.209921 0.259471
vt 0.222045 0.256000
vt 0.224852 0.255184
vt 0.227157 0.256423
vt 0.230468 0.259491
vt 0.224211 0.266143
vt 0.216204 0.263246
vt 0.218074 0.253404
vt 0.221154 0.252014
vt 0.280184 0.223488
vt 0.293332 0.229030
vt 0.321370 0.266679
vt 0.324219 0.287671
vt 0.300393 0.286749
vt 0.288628 0.266946
vt 0.276586 0.268472
vt 0.256527 0.261092
vt 0.252839 0.251327
vt 0.253280 0.246855
vt 0.255423 0.240311
vt 0.266500 0.269973
vt 0.262402 0.269078
vt 0.252852 0.270905
vt 0.243404 0.269050
vt 0.240825 0.269252
vt 0.241476 0.267090
vt 0.242028 0.267276
vt 0.242528 0.267483
vt 0.243161 0.268257
vt 0.241532 0.268716
vt 0.239542 0.260914
vt 0.242542 0.258883
vt 0.244835 0.259584
vt 0.252494 0.260923
vt 0.344564 0.628446
vt 0.320641 0.612851
vt 0.317490 0.605708
vt 0.321025 0.572451
vt 0.331785 0.564076
vt 0.373251 0.555296
vt 0.389649 0.557946
vt 0.407570 0.583998
vt 0.407260 0.611403
vt 0.390022 0.628446
vt 0.307469 0.322736
vt 0.304864 0.340503
vt 0.164569 0.265760
vt 0.136966 0.256369
vt 0.146339 0.235059
vt 0.171025 0.220342
vt 0.197847 0.219695
vt 0.219845 0.239626
vt 0.221904 0.247900
vt 0.197335 0.254203
vt 0.186680 0.247171
vt 0.251517 0.237688
vt 0.239864 0.241611
vt 0.143627 0.325041
vt 0.145156 0.307849
vt 0.215419 0.204072
vt 0.229918 0.241707
vt 0.256789 0.204072
vt 0.265838 0.213917
vt 0.155509 0.501961
vt 0.117813 0.496915
vt 0.114232 0.493173
vt 0.102348 0.450204
vt 0.104244 0.442719
vt 0.115636 0.429432
vt 0.128285 0.427754
vt 0.153441 0.440652
vt 0.164983 0.459409
vt 0.164983 0.495988
vt 0.219466 0.348678
vt 0.240159 0.344040
vt 0.197150 0.338419
vt 0.195504 0.339346
vt 0.158987 0.290081
vt 0.156372 0.304056
vt 0.213872 0.283935
vt 0.229541 0.289032
vt 0.206273 0.258361
vt 0.188081 0.258126
vt 0.246142 0.290343
vt 0.234047 0.268816
vt 0.225728 0.265883
vt 0.244303 0.344447
vt 0.271530 0.340743
vt 0.294054 0.321896
vt 0.296184 0.317977
vt 0.199661 0.274435
vt 0.170204 0.327320
vt 0.231698 0.264881
vt 0.232927 0.265086
vt 0.233277 0.265507
vt 0.233422 0.265811
vt 0.233317 0.266085
vt 0.232986 0.266400
vt 0.232504 0.266797
vt 0.231480 0.266303
vt 0.230463 0.265885
vt 0.229461 0.265525
vt 0.228487 0.265218
vt 0.228462 0.264979
vt 0.228565 0.264882
vt 0.228921 0.264830
vt 0.229544 0.264795
vt 0.230382 0.264627
vt 0.241360 0.268336
vt 0.240194 0.267963
vt 0.239018 0.267663
vt 0.237842 0.267430
vt 0.237478 0.267029
vt 0.237230 0.266749
vt 0.237169 0.266576
vt 0.237340 0.266442
vt 0.237738 0.266287
vt 0.238965 0.266530
vt 0.239777 0.266854
vt 0.240592 0.267026
vt 0.241326 0.267074
vt 0.262779 0.287050
vt 0.279916 0.277591
vt 0.231189 0.265752
vt 0.231184 0.265749
vt 0.231192 0.265754
vt 0.231194 0.265756
vt 0.231193 0.265758
vt 0.231192 0.265759
vt 0.231187 0.265760
vt 0.231181 0.265758
vt 0.231175 0.265756
vt 0.231168 0.265755
vt 0.231165 0.265754
vt 0.231161 0.265750
vt 0.231162 0.265748
vt 0.231166 0.265746
vt 0.231172 0.265745
vt 0.231178 0.265747
vt 0.240184 0.267384
vt 0.240174 0.267381
vt 0.240195 0.267387
vt 0.240198 0.267391
vt 0.240199 0.267395
vt 0.240197 0.267400
vt 0.240193 0.267403
vt 0.240182 0.267404
vt 0.240172 0.267403
vt 0.240162 0.267401
vt 0.240154 0.267396
vt 0.240150 0.267393
vt 0.240148 0.267388
vt 0.240151 0.267384
vt 0.240156 0.267382
vt 0.240164 0.267380
vt 0.072143 0.254016
vt 0.103142 0.227381
vt 0.103157 0.227388
vt 0.096142 0.242419
vt 0.085087 0.251909
vt 0.113084 0.211380
vt 0.111275 0.209156
vt 0.118070 0.194068
vt 0.126641 0.212875
vt 0.499671 0.892194
vt 0.478004 0.871933
vt 0.489807 0.874333
vt 0.499532 0.883452
vt 0.499680 0.892191
vt 0.112255 0.213449
vt 0.112840 0.212426
vt 0.125737 0.217675
vt 0.121851 0.224666
vt 0.054663 0.248660
vt 0.045214 0.239733
vt 0.032588 0.200524
vt 0.099319 0.201264
vt 0.110685 0.209078
vt 0.108776 0.211984
vt 0.090822 0.214040
vt 0.114314 0.193490
vt 0.445695 0.926533
vt 0.441271 0.920243
vt 0.447621 0.919943
vt 0.500679 0.926533
vt 0.495139 0.920008
vt 0.037411 0.193490
vt 0.098318 0.194159
vt 0.452769 0.884470
vt 0.461749 0.876329
vt 0.111645 0.213959
vt 0.116841 0.226668
vt 0.110664 0.228769
vt 0.110757 0.214046
vt 0.109598 0.213555
vt 0.090527 0.217783
vt 0.505084 0.899571
vt 0.066718 0.129489
vt 0.083212 0.111668
vt 0.096206 0.129920
vt 0.092045 0.140429
vt 0.084423 0.145229
vt 0.083773 0.090559
vt 0.089466 0.089044
vt 0.093239 0.101264
vt 0.085388 0.099471
vt 0.085383 0.099468
vt 0.084293 0.096342
vt 0.041111 0.612585
vt 0.046424 0.606422
vt 0.135397 0.599105
vt 0.162723 0.613969
vt 0.156613 0.620463
vt 0.067215 0.627756
vt 0.096528 0.068995
vt 0.075545 0.058663
vt 0.074161 0.044284
vt 0.089916 0.043015
vt 0.099446 0.050001
vt 0.107809 0.060525
vt 0.060294 0.108595
vt 0.060316 0.108587
vt 0.062360 0.080620
vt 0.074545 0.090091
vt 0.074246 0.097803
vt 0.050100 0.084179
vt 0.020243 0.664418
vt 0.057673 0.672081
vt 0.028311 0.687138
vt 0.156520 0.679057
vt 0.135233 0.687592
vt 0.091793 0.103016
vt 0.064044 0.067056
vt 0.051268 0.061142
vt 0.066800 0.046508
vt 0.071197 0.059459
vt 0.078912 0.090236
vt 0.172539 0.695367
vt 0.156552 0.728272
vt 0.120699 0.717603
vt 0.063045 0.072146
vt 0.062813 0.073516
vt 0.062658 0.077615
vt 0.091638 0.087053
vt 0.099944 0.077963
vt 0.111840 0.078132
vt 0.112371 0.087240
vt 0.102329 0.117574
vt 0.030220 0.692557
vt 0.056383 0.140881
vt 0.050100 0.122022
vt 0.075136 0.151156
vt 0.069032 0.151802
vt 0.130951 0.734239
vt 0.115077 0.729734
vt 0.110834 0.739594
vt 0.039099 0.719903
vt 0.035448 0.707821
vt 0.172539 0.619097
vt 0.172408 0.682113
vt 0.100418 0.135280
vt 0.106550 0.122896
vt 0.099377 0.075501
vt 0.030856 0.615855
vt 0.238904 0.656482
vt 0.216251 0.640162
vt 0.219333 0.630291
vt 0.246578 0.642949
vt 0.503087 0.123577
vt 0.504320 0.117839
vt 0.544394 0.107392
vt 0.544394 0.144129
vt 0.494285 0.129520
vt 0.484908 0.166764
vt 0.468724 0.155757
vt 0.474285 0.140305
vt 0.489510 0.126390
vt 0.226295 0.911954
vt 0.185780 0.912108
vt 0.170828 0.868837
vt 0.183187 0.862451
vt 0.230385 0.900429
vt 0.498392 0.128771
vt 0.504244 0.169725
vt 0.233306 0.586327
vt 0.256579 0.594700
vt 0.241360 0.600521
vt 0.257881 0.624711
vt 0.268538 0.611697
vt 0.268607 0.637852
vt 0.260637 0.650012
vt 0.493218 0.108801
vt 0.487593 0.113975
vt 0.474781 0.106840
vt 0.488682 0.090189
vt 0.501165 0.111661
vt 0.516926 0.076531
vt 0.208831 0.864043
vt 0.224337 0.876512
vt 0.467672 0.113461
vt 0.467505 0.113417
vt 0.490109 0.074928
vt 0.179140 0.921535
vt 0.165217 0.881734
vt 0.488631 0.119683
vt 0.470553 0.122568
vt 0.216251 0.603126
vt 0.220316 0.589676
vt 0.220431 0.606331
vt 0.497379 0.110109
vt 0.501968 0.071778
vt 0.223052 0.921535
vt 0.494330 0.112348
vt 0.187492 0.952532
vt 0.085195 0.971963
vt 0.119653 0.925241
vt 0.146118 0.928793
vt 0.154176 0.926032
vt 0.160116 0.924467
vt 0.427999 0.485178
vt 0.438860 0.451674
vt 0.450705 0.456162
vt 0.437602 0.496308
vt 0.061502 0.934717
vt 0.100008 0.840784
vt 0.123474 0.878144
vt 0.120778 0.883508
vt 0.117927 0.890759
vt 0.111377 0.916826
vt 0.372880 0.495382
vt 0.372880 0.448308
vt 0.392591 0.434358
vt 0.477462 0.673105
vt 0.497316 0.687359
vt 0.475760 0.696907
vt 0.497316 0.755888
vt 0.425615 0.743690
vt 0.418303 0.720191
vt 0.475895 0.730393
vt 0.139273 0.810486
vt 0.142537 0.809723
vt 0.187492 0.842803
vt 0.148962 0.885114
vt 0.411103 0.697290
vt 0.417734 0.718388
vt 0.143612 0.890343
vt 0.372980 0.508352
vt 0.116645 0.303402
vt 0.116645 0.303404
vt 0.116644 0.303418
vt 0.116656 0.303416
vt 0.116628 0.303434
vt 0.116634 0.303409
vt 0.116644 0.303400
vt 0.116645 0.303403
vt 0.116649 0.303394
vt 0.116647 0.303394
vt 0.116643 0.303390
vt 0.116648 0.303390
vt 0.116651 0.303396
vt 0.116654 0.303391
vt 0.116656 0.303394
vt 0.116651 0.303397
vt 0.066656 0.323216
vt 0.101522 0.317217
vt 0.104457 0.378351
vt 0.098618 0.381929
vt 0.069096 0.382286
vt 0.057414 0.374120
vt 0.116652 0.303399
vt 0.116653 0.303402
vt 0.116657 0.303408
vt 0.116658 0.303399
vt 0.116647 0.303399
vt 0.116652 0.303399
vt 0.116652 0.303400
vt 0.054420 0.312965
vt 0.044855 0.344897
vt 0.050102 0.316902
vt 0.116635 0.303397
vt 0.116645 0.303393
vt 0.070940 0.295664
vt 0.100579 0.290734
vt 0.116647 0.303393
vt 0.116638 0.303392
vt 0.116658 0.303406
vt 0.116659 0.371268
vt 0.116659 0.303402
vt 0.594299 0.595107
vt 0.578723 0.593575
vt 0.607664 0.630254
vt 0.606368 0.663799
vt 0.600359 0.675369
vt 0.571950 0.640285
vt 0.496191 0.702186
vt 0.450015 0.647991
vt 0.450069 0.647945
vt 0.462484 0.648424
vt 0.479322 0.649072
vt 0.495348 0.667918
vt 0.496226 0.702185
vt 0.542739 0.593424
vt 0.527384 0.628687
vt 0.506485 0.636885
vt 0.504732 0.605542
vt 0.564825 0.638491
vt 0.579095 0.617768
vt 0.626291 0.592112
vt 0.605700 0.601140
vt 0.590237 0.591800
vt 0.607337 0.603302
vt 0.580827 0.629353
vt 0.546512 0.624661
vt 0.554559 0.615130
vt 0.490481 0.706011
vt 0.445666 0.673259
vt 0.443282 0.656583
vt 0.437376 0.678251
vt 0.454600 0.706011
vt 0.439379 0.694807
vt 0.498418 0.675369
vt 0.470386 0.659592
vt 0.505203 0.643992
vt 0.537813 0.663871
vt 0.548915 0.615900
vt 0.600208 0.597889
vt 0.545276 0.663036
vt 0.515276 0.640412
vt 0.522662 0.638214
vt 0.538788 0.620948
vt 0.538243 0.619506
vt 0.486529 0.651906
vt 0.486774 0.628714
vt 0.490580 0.646475
vt 0.596525 0.598026
vt 0.621452 0.623899
vt 0.622927 0.649407
vt 0.159015 0.568651
vt 0.156489 0.564496
vt 0.163573 0.567013
vt 0.167536 0.567067
vt 0.168050 0.567566
vt 0.165897 0.572243
vt 0.120047 0.603601
vt 0.166509 0.563472
vt 0.157523 0.566633
vt 0.151022 0.574618
vt 0.146538 0.584381
vt 0.136199 0.595600
vt 0.116290 0.598026
vt 0.147214 0.555606
vt 0.152211 0.568269
vt 0.139589 0.572035
vt 0.128721 0.553361
vt 0.166214 0.573198
vt 0.163561 0.574749
vt 0.160180 0.573000
vt 0.159504 0.570498
vt 0.160321 0.570809
vt 0.157604 0.599717
vt 0.139098 0.617017
vt 0.133555 0.594696
vt 0.144978 0.583642
vt 0.121347 0.605487
vt 0.143766 0.571262
vt 0.153342 0.566029
vt 0.139114 0.570146
vt 0.121641 0.583106
vt 0.129192 0.574115
vt 0.084396 0.579179
vt 0.121224 0.584345
vt 0.121933 0.607899
vt 0.082341 0.621078
vt 0.150610 0.574003
vt 0.162937 0.583347
vt 0.100928 0.621078
vt 0.094394 0.569597
vt 0.110781 0.558776
vt 0.129733 0.575759
vt 0.169092 0.573035
vt 0.169090 0.572985
vt 0.159162 0.563940
vt 0.163906 0.564896
vt 0.166205 0.565510
vt 0.492329 0.898598
vt 0.492328 0.898599
vt 0.492323 0.898608
vt 0.492350 0.898598
vt 0.492316 0.898615
vt 0.492321 0.898600
vt 0.492330 0.898595
vt 0.492329 0.898598
vt 0.492331 0.898595
vt 0.492330 0.898595
vt 0.492329 0.898592
vt 0.492332 0.898592
vt 0.492332 0.898596
vt 0.492335 0.898594
vt 0.492336 0.898596
vt 0.492332 0.898597
vt 0.443311 0.915259
vt 0.477130 0.911150
vt 0.477043 0.970081
vt 0.471260 0.973241
vt 0.442845 0.972191
vt 0.431998 0.963780
vt 0.492332 0.898599
vt 0.492333 0.898600
vt 0.492334 0.898606
vt 0.492337 0.898599
vt 0.492330 0.898597
vt 0.492332 0.898599
vt 0.492333 0.898599
vt 0.432030 0.904816
vt 0.421309 0.935075
vt 0.427689 0.908398
vt 0.492323 0.898594
vt 0.492329 0.898594
vt 0.448744 0.888963
vt 0.477486 0.885634
vt 0.492330 0.898595
vt 0.492326 0.898592
vt 0.497050 0.900772
vt 0.497050 0.960440
vt 0.489114 0.963850
vt 0.492336 0.898602
vt 0.492335 0.898604
vt 0.397286 0.160550
vt 0.400775 0.152486
vt 0.425725 0.153955
vt 0.416922 0.174559
vt 0.377257 0.186170
vt 0.385410 0.176913
vt 0.395321 0.195014
vt 0.380707 0.196605
vt 0.360648 0.188102
vt 0.387380 0.139134
vt 0.388205 0.139385
vt 0.382943 0.067589
vt 0.386797 0.074356
vt 0.386787 0.074386
vt 0.405366 0.094621
vt 0.390928 0.136904
vt 0.425227 0.082213
vt 0.397447 0.074285
vt 0.408069 0.066586
vt 0.428897 0.070846
vt 0.388204 0.175952
vt 0.375606 0.182619
vt 0.385404 0.164862
vt 0.399194 0.161255
vt 0.383141 0.141094
vt 0.382613 0.135597
vt 0.369165 0.098174
vt 0.342222 0.100108
vt 0.383095 0.135212
vt 0.364027 0.107631
vt 0.424050 0.085822
vt 0.393498 0.086785
vt 0.393510 0.086791
vt 0.377913 0.152898
vt 0.346789 0.145394
vt 0.387781 0.145316
vt 0.389062 0.145780
vt 0.401537 0.152430
vt 0.393539 0.086753
vt 0.424495 0.120514
vt 0.401403 0.144923
vt 0.428897 0.139136
vt 0.395926 0.096111
vt 0.408515 0.097929
vt 0.398089 0.098255
vt 0.390928 0.092369
vt 0.386125 0.080772
vt 0.391417 0.138403
vt 0.400652 0.145288
vt 0.387097 0.147812
vt 0.376214 0.153531
vt 0.385707 0.143615
vt 0.385699 0.143105
vt 0.747065 0.056204
vt 0.746353 0.054626
vt 0.747889 0.054339
vt 0.747732 0.056086
vt 0.749359 0.054906
vt 0.748404 0.056270
vt 0.750418 0.056094
vt 0.748814 0.056839
vt 0.750665 0.057666
vt 0.748937 0.057522
vt 0.750140 0.059176
vt 0.748722 0.058204
vt 0.748911 0.060219
vt 0.748157 0.058624
vt 0.747316 0.060535
vt 0.747473 0.058712
vt 0.745822 0.059899
vt 0.746823 0.058485
vt 0.744759 0.058686
vt 0.746419 0.057936
vt 0.744570 0.057095
vt 0.746305 0.057271
vt 0.803139 0.044034
vt 0.800692 0.042630
vt 0.801991 0.037899
vt 0.806607 0.040591
vt 0.745079 0.055582
vt 0.746529 0.056625
vt 0.789095 0.084950
vt 0.790135 0.083149
vt 0.791936 0.082109
vt 0.794016 0.082109
vt 0.795817 0.083149
vt 0.796857 0.084950
vt 0.796857 0.087030
vt 0.795817 0.088831
vt 0.794016 0.089871
vt 0.791936 0.089871
vt 0.790135 0.088831
vt 0.789095 0.087030
vt 0.747431 0.057279
vt 0.747195 0.057103
vt 0.747396 0.056931
vt 0.747515 0.057209
vt 0.747398 0.057382
vt 0.747084 0.057350
vt 0.747413 0.057488
vt 0.747148 0.057611
vt 0.747485 0.057570
vt 0.747313 0.057812
vt 0.747587 0.057604
vt 0.747561 0.057907
vt 0.747698 0.057591
vt 0.747817 0.057848
vt 0.747780 0.057514
vt 0.748014 0.057685
vt 0.747810 0.057414
vt 0.748125 0.057442
vt 0.747797 0.057308
vt 0.748060 0.057181
vt 0.747728 0.057223
vt 0.747886 0.057000
vt 0.747623 0.057186
vt 0.747657 0.056901
vt 0.747570 0.057324
vt 0.747613 0.057318
vt 0.747654 0.057330
vt 0.747683 0.057362
vt 0.747692 0.057405
vt 0.747675 0.057444
vt 0.747641 0.057469
vt 0.747599 0.057479
vt 0.747558 0.057466
vt 0.747528 0.057434
vt 0.747521 0.057390
vt 0.747537 0.057351
vt 0.797880 0.042641
vt 0.804523 0.046479
vt 0.804528 0.049292
vt 0.803111 0.051725
vt 0.800692 0.053161
vt 0.797873 0.053187
vt 0.795426 0.051766
vt 0.794022 0.049321
vt 0.794020 0.046502
vt 0.795444 0.044060
vt 0.789279 0.050601
vt 0.789279 0.045243
vt 0.809257 0.045225
vt 0.738807 0.056455
vt 0.739475 0.061021
vt 0.737746 0.061720
vt 0.737029 0.056195
vt 0.754913 0.062418
vt 0.756340 0.058024
vt 0.758126 0.058159
vt 0.756407 0.063406
vt 0.791941 0.040606
vt 0.809253 0.050558
vt 0.744033 0.049483
vt 0.740490 0.052247
vt 0.739104 0.051203
vt 0.743299 0.047890
vt 0.796597 0.037893
vt 0.746797 0.066288
vt 0.751413 0.065508
vt 0.752260 0.067165
vt 0.746683 0.068141
vt 0.752596 0.050299
vt 0.748445 0.048819
vt 0.748579 0.047093
vt 0.753554 0.048846
vt 0.806592 0.055190
vt 0.730853 0.064425
vt 0.736508 0.072705
vt 0.728651 0.083446
vt 0.720772 0.068321
vt 0.746179 0.075831
vt 0.745589 0.086461
vt 0.755448 0.073686
vt 0.759255 0.081822
vt 0.762849 0.067651
vt 0.772849 0.074296
vt 0.765522 0.058353
vt 0.775599 0.058563
vt 0.763116 0.049595
vt 0.770795 0.045436
vt 0.740476 0.041363
vt 0.733485 0.046966
vt 0.726933 0.042271
vt 0.736107 0.031464
vt 0.749412 0.040071
vt 0.750583 0.031237
vt 0.757296 0.043418
vt 0.761518 0.037353
vt 0.729916 0.055157
vt 0.720772 0.053777
vt 0.755412 0.053653
vt 0.757010 0.052862
vt 0.742412 0.064647
vt 0.741298 0.066194
vt 0.791981 0.055261
vt 0.796622 0.057912
vt 0.801956 0.057893
vt 0.735300 0.055962
vt 0.735995 0.062422
vt 0.733856 0.063283
vt 0.732967 0.055634
vt 0.754511 0.047457
vt 0.748782 0.045382
vt 0.749031 0.043143
vt 0.755688 0.045746
vt 0.737678 0.050159
vt 0.735910 0.048806
vt 0.758553 0.052048
vt 0.760489 0.051019
vt 0.742571 0.046212
vt 0.741714 0.044237
vt 0.759930 0.058209
vt 0.762329 0.058295
vt 0.757995 0.064447
vt 0.759956 0.065754
vt 0.753061 0.068812
vt 0.754061 0.070854
vt 0.746526 0.070075
vt 0.746374 0.072477
vt 0.740161 0.067710
vt 0.738658 0.069773
vt 0.743371 0.059309
vt 0.744902 0.061186
vt 0.743965 0.062489
vt 0.741928 0.059943
vt 0.752192 0.057792
vt 0.751773 0.055463
vt 0.753159 0.054805
vt 0.753751 0.057913
vt 0.743862 0.054700
vt 0.743004 0.056931
vt 0.741422 0.056754
vt 0.742610 0.053766
vt 0.749577 0.061630
vt 0.751411 0.060041
vt 0.752704 0.060931
vt 0.750258 0.063085
vt 0.748039 0.052846
vt 0.745710 0.053231
vt 0.745095 0.051811
vt 0.748194 0.051334
vt 0.747174 0.062049
vt 0.747033 0.063626
vt 0.750254 0.053668
vt 0.751141 0.052394
vt 0.715728 0.223402
vt 0.714625 0.223531
vt 0.714796 0.222543
vt 0.715792 0.222981
vt 0.715423 0.221783
vt 0.716059 0.222646
vt 0.716334 0.221452
vt 0.716458 0.222494
vt 0.717301 0.221554
vt 0.716880 0.222549
vt 0.718076 0.222158
vt 0.717217 0.222808
vt 0.718465 0.223072
vt 0.717379 0.223205
vt 0.718293 0.224043
vt 0.717307 0.223626
vt 0.717709 0.224843
vt 0.717049 0.223964
vt 0.716777 0.225176
vt 0.716650 0.224115
vt 0.715803 0.225061
vt 0.716227 0.224063
vt 0.798801 0.201117
vt 0.800289 0.201993
vt 0.799528 0.204906
vt 0.796679 0.203256
vt 0.715039 0.224441
vt 0.715896 0.223794
vt 0.735979 0.115356
vt 0.736618 0.114250
vt 0.737724 0.113611
vt 0.739001 0.113611
vt 0.740107 0.114250
vt 0.740746 0.115356
vt 0.740746 0.116634
vt 0.740107 0.117740
vt 0.739001 0.118378
vt 0.737724 0.118378
vt 0.736618 0.117740
vt 0.735979 0.116634
vt 0.716451 0.223378
vt 0.716302 0.223489
vt 0.716254 0.223339
vt 0.716423 0.223318
vt 0.716503 0.223417
vt 0.716430 0.223588
vt 0.716567 0.223430
vt 0.716591 0.223614
vt 0.716633 0.223408
vt 0.716735 0.223544
vt 0.716676 0.223352
vt 0.716842 0.223426
vt 0.716683 0.223283
vt 0.716861 0.223266
vt 0.716657 0.223221
vt 0.716809 0.223112
vt 0.716605 0.223178
vt 0.716679 0.223013
vt 0.716538 0.223172
vt 0.716516 0.222980
vt 0.716477 0.223198
vt 0.716358 0.223045
vt 0.716434 0.223251
vt 0.716265 0.223182
vt 0.716502 0.223306
vt 0.716507 0.223280
vt 0.716526 0.223261
vt 0.716549 0.223249
vt 0.716576 0.223253
vt 0.716595 0.223269
vt 0.716606 0.223293
vt 0.716601 0.223319
vt 0.716585 0.223340
vt 0.716560 0.223351
vt 0.716534 0.223348
vt 0.716511 0.223332
vt 0.802019 0.202003
vt 0.797955 0.199613
vt 0.797942 0.197885
vt 0.798803 0.196387
vt 0.800298 0.195525
vt 0.802027 0.195529
vt 0.803525 0.196398
vt 0.804384 0.197904
vt 0.804389 0.199638
vt 0.803525 0.201144
vt 0.807303 0.197094
vt 0.807311 0.200410
vt 0.795042 0.200394
vt 0.714452 0.228297
vt 0.717210 0.228677
vt 0.717380 0.229769
vt 0.714023 0.229343
vt 0.720938 0.220053
vt 0.718721 0.218288
vt 0.719142 0.217230
vt 0.721821 0.219376
vt 0.805659 0.203268
vt 0.795043 0.197122
vt 0.711119 0.223947
vt 0.712193 0.226588
vt 0.711271 0.227259
vt 0.710046 0.224066
vt 0.802816 0.204906
vt 0.721504 0.225413
vt 0.721921 0.222666
vt 0.723049 0.222547
vt 0.722489 0.225867
vt 0.713277 0.218979
vt 0.711555 0.221177
vt 0.710539 0.220765
vt 0.712586 0.218115
vt 0.796658 0.194293
vt 0.718033 0.234056
vt 0.723027 0.231923
vt 0.725854 0.235918
vt 0.718851 0.239582
vt 0.726594 0.227688
vt 0.732501 0.230360
vt 0.727516 0.222085
vt 0.732562 0.221552
vt 0.725505 0.216766
vt 0.730554 0.213296
vt 0.720956 0.213047
vt 0.724019 0.206010
vt 0.715083 0.212272
vt 0.714152 0.206010
vt 0.705548 0.224480
vt 0.707487 0.230127
vt 0.701218 0.234769
vt 0.699456 0.224867
vt 0.706549 0.218994
vt 0.702180 0.216972
vt 0.709858 0.214608
vt 0.706426 0.210222
vt 0.712405 0.233551
vt 0.710105 0.239550
vt 0.715896 0.217922
vt 0.715723 0.216817
vt 0.719801 0.227622
vt 0.720451 0.228481
vt 0.805637 0.194238
vt 0.802772 0.192607
vt 0.799483 0.192631
vt 0.713588 0.230416
vt 0.717527 0.230832
vt 0.717736 0.232197
vt 0.713074 0.231758
vt 0.711920 0.217224
vt 0.709536 0.220316
vt 0.708272 0.219755
vt 0.711094 0.216166
vt 0.710377 0.227936
vt 0.709210 0.228829
vt 0.715588 0.215704
vt 0.715382 0.214231
vt 0.708909 0.224189
vt 0.707428 0.224335
vt 0.719611 0.216174
vt 0.720168 0.214873
vt 0.722739 0.218733
vt 0.723886 0.217897
vt 0.724125 0.222436
vt 0.725519 0.222285
vt 0.723516 0.226316
vt 0.724839 0.226901
vt 0.721102 0.229366
vt 0.721897 0.230422
vt 0.716907 0.226123
vt 0.718259 0.225579
vt 0.718833 0.226337
vt 0.717032 0.227080
vt 0.717668 0.220683
vt 0.716216 0.220491
vt 0.716097 0.219533
vt 0.718048 0.219785
vt 0.714268 0.225010
vt 0.715438 0.225929
vt 0.715063 0.226822
vt 0.713496 0.225595
vt 0.719390 0.222974
vt 0.718844 0.221590
vt 0.719631 0.221008
vt 0.720344 0.222866
vt 0.713925 0.222176
vt 0.713702 0.223645
vt 0.712732 0.223756
vt 0.713039 0.221786
vt 0.719159 0.224434
vt 0.720040 0.224814
vt 0.714849 0.221025
vt 0.714270 0.220245
vt 0.906595 0.072019
vt 0.906015 0.071170
vt 0.906896 0.070808
vt 0.906982 0.071888
vt 0.907832 0.071001
vt 0.907387 0.071943
vt 0.908557 0.071616
vt 0.907722 0.072200
vt 0.908893 0.072505
vt 0.907864 0.072600
vt 0.908759 0.073459
vt 0.907794 0.073017
vt 0.908120 0.074182
vt 0.907511 0.073334
vt 0.907218 0.074542
vt 0.907116 0.073482
vt 0.906236 0.074398
vt 0.906721 0.073368
vt 0.905499 0.073741
vt 0.906402 0.073127
vt 0.905185 0.072817
vt 0.906247 0.072746
vt 0.848385 0.159103
vt 0.848374 0.160797
vt 0.845512 0.161591
vt 0.845512 0.158329
vt 0.905378 0.071871
vt 0.906302 0.072330
vt 0.775667 0.121379
vt 0.774583 0.120753
vt 0.773956 0.119668
vt 0.773956 0.118415
vt 0.774583 0.117331
vt 0.775668 0.116704
vt 0.776920 0.116704
vt 0.778005 0.117331
vt 0.778631 0.118416
vt 0.778631 0.119668
vt 0.778005 0.120753
vt 0.776920 0.121379
vt 0.906934 0.072616
vt 0.906778 0.072544
vt 0.906872 0.072413
vt 0.906980 0.072567
vt 0.906920 0.072684
vt 0.906753 0.072695
vt 0.906945 0.072745
vt 0.906798 0.072842
vt 0.906996 0.072788
vt 0.906915 0.072950
vt 0.907061 0.072797
vt 0.907072 0.072974
vt 0.907123 0.072774
vt 0.907226 0.072928
vt 0.907162 0.072723
vt 0.907327 0.072802
vt 0.907176 0.072661
vt 0.907354 0.072647
vt 0.907156 0.072600
vt 0.907300 0.072502
vt 0.907106 0.072559
vt 0.907186 0.072395
vt 0.907042 0.072543
vt 0.907029 0.072368
vt 0.907022 0.072632
vt 0.907046 0.072622
vt 0.907072 0.072626
vt 0.907093 0.072642
vt 0.907101 0.072668
vt 0.907095 0.072692
vt 0.907077 0.072711
vt 0.907053 0.072722
vt 0.907027 0.072717
vt 0.907007 0.072701
vt 0.907000 0.072676
vt 0.907006 0.072652
vt 0.849221 0.162270
vt 0.849232 0.157625
vt 0.850702 0.156773
vt 0.852398 0.156778
vt 0.853859 0.157634
vt 0.854691 0.159106
vt 0.854705 0.160802
vt 0.853862 0.162273
vt 0.852394 0.163121
vt 0.850695 0.163119
vt 0.855969 0.164327
vt 0.853197 0.165962
vt 0.847156 0.155519
vt 0.901708 0.073084
vt 0.902615 0.075772
vt 0.901664 0.076385
vt 0.900601 0.073117
vt 0.911896 0.074893
vt 0.912270 0.072178
vt 0.913360 0.072066
vt 0.912868 0.075327
vt 0.849967 0.165990
vt 0.849945 0.153931
vt 0.904126 0.068349
vt 0.902273 0.070342
vt 0.901317 0.069844
vt 0.903539 0.067456
vt 0.847151 0.164394
vt 0.907569 0.078001
vt 0.910122 0.076998
vt 0.910774 0.077857
vt 0.907699 0.079113
vt 0.909238 0.067894
vt 0.906608 0.067461
vt 0.906541 0.066428
vt 0.909658 0.066954
vt 0.853142 0.153933
vt 0.897668 0.079100
vt 0.902487 0.082927
vt 0.899941 0.089081
vt 0.890850 0.083702
vt 0.908265 0.083508
vt 0.909054 0.089202
vt 0.913345 0.081349
vt 0.916206 0.085385
vt 0.916844 0.077089
vt 0.922757 0.079786
vt 0.917790 0.071580
vt 0.922942 0.071066
vt 0.915653 0.066432
vt 0.921080 0.062420
vt 0.901324 0.063974
vt 0.897510 0.067750
vt 0.892479 0.064951
vt 0.898570 0.059626
vt 0.906187 0.062355
vt 0.905732 0.057947
vt 0.911369 0.063008
vt 0.913402 0.057947
vt 0.896057 0.073240
vt 0.889408 0.073373
vt 0.911345 0.069611
vt 0.912216 0.068958
vt 0.904801 0.077610
vt 0.904313 0.078640
vt 0.857550 0.161546
vt 0.857544 0.158336
vt 0.855931 0.155537
vt 0.899441 0.073173
vt 0.900721 0.077045
vt 0.899429 0.077916
vt 0.897993 0.073213
vt 0.910093 0.066006
vt 0.906450 0.065361
vt 0.906341 0.064115
vt 0.910639 0.064748
vt 0.900373 0.069343
vt 0.899214 0.068708
vt 0.913078 0.068332
vt 0.914154 0.067543
vt 0.902959 0.066588
vt 0.902223 0.065435
vt 0.914427 0.071937
vt 0.915836 0.071788
vt 0.913876 0.075760
vt 0.915092 0.076304
vt 0.911431 0.078754
vt 0.912278 0.079906
vt 0.907818 0.080210
vt 0.907991 0.081600
vt 0.903862 0.079665
vt 0.903310 0.080954
vt 0.904729 0.074277
vt 0.905847 0.075235
vt 0.905440 0.076114
vt 0.903933 0.074824
vt 0.909810 0.072422
vt 0.909311 0.071086
vt 0.910081 0.070544
vt 0.910732 0.072333
vt 0.904546 0.071473
vt 0.904257 0.072891
vt 0.903303 0.072954
vt 0.903701 0.071060
vt 0.908652 0.074955
vt 0.909587 0.073844
vt 0.910449 0.074241
vt 0.909201 0.075723
vt 0.906818 0.069914
vt 0.905484 0.070399
vt 0.904956 0.069630
vt 0.906740 0.068987
vt 0.907299 0.075474
vt 0.907393 0.076430
vt 0.908222 0.070165
vt 0.908619 0.069317
vt 0.762179 0.226735
vt 0.761792 0.227675
vt 0.761012 0.227141
vt 0.761844 0.226497
vt 0.760673 0.226249
vt 0.761687 0.226116
vt 0.760768 0.225307
vt 0.761767 0.225721
vt 0.761357 0.224555
vt 0.761981 0.225376
vt 0.762237 0.224208
vt 0.762365 0.225224
vt 0.763180 0.224296
vt 0.762773 0.225265
vt 0.763929 0.224889
vt 0.763100 0.225516
vt 0.764280 0.225768
vt 0.763258 0.225897
vt 0.764138 0.226693
vt 0.763201 0.226303
vt 0.763605 0.227474
vt 0.762963 0.226636
vt 0.806648 0.243527
vt 0.805838 0.244966
vt 0.803050 0.244218
vt 0.804622 0.241482
vt 0.762718 0.227818
vt 0.762585 0.226790
vt 0.875336 0.250872
vt 0.874278 0.251483
vt 0.873057 0.251483
vt 0.871999 0.250872
vt 0.871388 0.249814
vt 0.871388 0.248593
vt 0.871999 0.247535
vt 0.873057 0.246924
vt 0.874278 0.246924
vt 0.875336 0.247535
vt 0.875946 0.248593
vt 0.875946 0.249814
vt 0.762491 0.226132
vt 0.762517 0.226300
vt 0.762362 0.226289
vt 0.762427 0.226121
vt 0.762550 0.226105
vt 0.762659 0.226243
vt 0.762592 0.226055
vt 0.762757 0.226121
vt 0.762598 0.225991
vt 0.762779 0.225962
vt 0.762575 0.225930
vt 0.762710 0.225818
vt 0.762522 0.225890
vt 0.762582 0.225732
vt 0.762457 0.225881
vt 0.762432 0.225710
vt 0.762400 0.225910
vt 0.762289 0.225770
vt 0.762359 0.225958
vt 0.762192 0.225894
vt 0.762349 0.226024
vt 0.762181 0.226050
vt 0.762378 0.226082
vt 0.762240 0.226192
vt 0.762456 0.226053
vt 0.762435 0.226036
vt 0.762426 0.226011
vt 0.762430 0.225986
vt 0.762445 0.225967
vt 0.762470 0.225958
vt 0.762495 0.225961
vt 0.762514 0.225976
vt 0.762524 0.225998
vt 0.762522 0.226023
vt 0.762506 0.226044
vt 0.762482 0.226055
vt 0.805828 0.246621
vt 0.808073 0.242690
vt 0.809727 0.242682
vt 0.811158 0.243508
vt 0.811995 0.244934
vt 0.811998 0.246593
vt 0.811174 0.248035
vt 0.809742 0.248868
vt 0.808091 0.248879
vt 0.806655 0.248056
vt 0.810505 0.251665
vt 0.807324 0.251665
vt 0.807344 0.239914
vt 0.765651 0.230152
vt 0.767318 0.227980
vt 0.768303 0.228377
vt 0.766325 0.230991
vt 0.761736 0.220823
vt 0.759247 0.221887
vt 0.758609 0.221035
vt 0.761595 0.219788
vt 0.804600 0.250071
vt 0.810466 0.239914
vt 0.760494 0.230805
vt 0.763144 0.231166
vt 0.763303 0.232214
vt 0.760086 0.231811
vt 0.803049 0.247354
vt 0.766577 0.222800
vt 0.764433 0.221185
vt 0.764814 0.220188
vt 0.767438 0.222124
vt 0.757335 0.226740
vt 0.758340 0.229219
vt 0.757522 0.229855
vt 0.756259 0.226886
vt 0.813180 0.241470
vt 0.772342 0.230050
vt 0.773065 0.224453
vt 0.778711 0.223544
vt 0.778711 0.232703
vt 0.770747 0.219537
vt 0.774649 0.216583
vt 0.766470 0.216229
vt 0.768949 0.210350
vt 0.761053 0.215550
vt 0.760458 0.210396
vt 0.755920 0.217588
vt 0.751752 0.212148
vt 0.752582 0.222085
vt 0.747253 0.220057
vt 0.758462 0.235698
vt 0.763819 0.236459
vt 0.764582 0.242854
vt 0.756506 0.240362
vt 0.754089 0.232501
vt 0.749051 0.236348
vt 0.752091 0.227470
vt 0.747248 0.228069
vt 0.768955 0.234470
vt 0.772027 0.238650
vt 0.757647 0.224069
vt 0.756663 0.223654
vt 0.767617 0.225263
vt 0.768664 0.225133
vt 0.813249 0.250053
vt 0.814793 0.247300
vt 0.814761 0.244169
vt 0.766963 0.231825
vt 0.769310 0.228801
vt 0.770605 0.229337
vt 0.767779 0.232914
vt 0.755236 0.227028
vt 0.756675 0.230491
vt 0.755621 0.231319
vt 0.753847 0.227223
vt 0.763444 0.233308
vt 0.763602 0.234657
vt 0.755661 0.223276
vt 0.754402 0.222777
vt 0.759666 0.232797
vt 0.759174 0.233989
vt 0.757918 0.220154
vt 0.757106 0.219111
vt 0.761468 0.218727
vt 0.761282 0.217322
vt 0.765232 0.219205
vt 0.765754 0.217955
vt 0.768262 0.221480
vt 0.769282 0.220680
vt 0.769746 0.224974
vt 0.771140 0.224762
vt 0.764997 0.227041
vt 0.765181 0.225639
vt 0.766101 0.225510
vt 0.765857 0.227388
vt 0.760790 0.223841
vt 0.759935 0.224978
vt 0.759080 0.224636
vt 0.760209 0.223104
vt 0.762846 0.228716
vt 0.764154 0.228173
vt 0.764728 0.228902
vt 0.762975 0.229634
vt 0.763510 0.223468
vt 0.762098 0.223296
vt 0.761973 0.222368
vt 0.763852 0.222616
vt 0.760309 0.227692
vt 0.761445 0.228534
vt 0.761099 0.229394
vt 0.759570 0.228263
vt 0.764639 0.224326
vt 0.765371 0.223751
vt 0.759767 0.226387
vt 0.758847 0.226508
vt 0.827771 0.797048
vt 0.831089 0.758561
vt 0.829212 0.798629
vt 0.828214 0.799966
vt 0.825433 0.800069
vt 0.822710 0.798969
vt 0.822037 0.797187
vt 0.823479 0.795297
vt 0.826529 0.795341
vt 0.829679 0.796397
vt 0.829360 0.799191
vt 0.827775 0.800707
vt 0.825122 0.801013
vt 0.822698 0.800306
vt 0.821464 0.798663
vt 0.822085 0.796465
vt 0.718606 0.942376
vt 0.718473 0.943714
vt 0.717886 0.944864
vt 0.717550 0.945621
vt 0.717358 0.945882
vt 0.717261 0.945613
vt 0.717354 0.944849
vt 0.717790 0.943692
vt 0.717884 0.942353
vt 0.717380 0.940957
vt 0.717261 0.939811
vt 0.717363 0.939055
vt 0.717511 0.938794
vt 0.717652 0.939065
vt 0.717794 0.939829
vt 0.718068 0.940980
vt 0.825237 0.796072
vt 0.816922 0.842933
vt 0.823387 0.821469
vt 0.822657 0.820336
vt 0.818116 0.852063
vt 0.822503 0.812607
vt 0.823038 0.810441
vt 0.823522 0.810767
vt 0.822624 0.813433
vt 0.823917 0.811087
vt 0.823216 0.813925
vt 0.822695 0.812278
vt 0.822979 0.810520
vt 0.823049 0.812227
vt 0.823208 0.810710
vt 0.823636 0.812294
vt 0.823825 0.810861
vt 0.824218 0.812398
vt 0.824455 0.810911
vt 0.824549 0.812557
vt 0.824751 0.810799
vt 0.824646 0.812929
vt 0.824717 0.810679
vt 0.824309 0.813657
vt 0.824206 0.810846
vt 0.823409 0.813905
vt 0.823579 0.811090
vt 0.822939 0.814066
vt 0.823120 0.811428
vt 0.822910 0.814038
vt 0.823168 0.811683
vt 0.823429 0.814079
vt 0.823736 0.811819
vt 0.823940 0.814170
vt 0.824322 0.811804
vt 0.823844 0.814192
vt 0.824331 0.811539
vt 0.823325 0.807767
vt 0.823181 0.803915
vt 0.824610 0.803339
vt 0.823986 0.807690
vt 0.825865 0.803879
vt 0.824742 0.808077
vt 0.823042 0.808340
vt 0.822677 0.805047
vt 0.823269 0.808775
vt 0.823247 0.805833
vt 0.824051 0.809017
vt 0.824479 0.806225
vt 0.824909 0.809053
vt 0.825750 0.806268
vt 0.825296 0.808734
vt 0.826500 0.805637
vt 0.825139 0.808192
vt 0.826246 0.804541
vt 0.824463 0.807809
vt 0.825011 0.803495
vt 0.823669 0.808010
vt 0.823667 0.803780
vt 0.823151 0.808625
vt 0.823026 0.804812
vt 0.823308 0.809092
vt 0.823409 0.805484
vt 0.824084 0.809309
vt 0.824577 0.805759
vt 0.824892 0.809259
vt 0.825818 0.805718
vt 0.825065 0.808797
vt 0.826326 0.805062
vt 0.819963 0.821615
vt 0.822316 0.817202
vt 0.823453 0.817246
vt 0.822256 0.822634
vt 0.823735 0.816770
vt 0.823130 0.816517
vt 0.822481 0.816598
vt 0.821635 0.821154
vt 0.822501 0.817125
vt 0.821979 0.822715
vt 0.823189 0.817501
vt 0.824386 0.822517
vt 0.825012 0.816743
vt 0.826952 0.820180
vt 0.825149 0.814977
vt 0.826825 0.817027
vt 0.824776 0.813940
vt 0.825851 0.815119
vt 0.824206 0.813481
vt 0.824640 0.814292
vt 0.823502 0.813311
vt 0.823423 0.814019
vt 0.822782 0.813268
vt 0.822183 0.813935
vt 0.822124 0.813531
vt 0.820804 0.814377
vt 0.821506 0.814385
vt 0.819356 0.815913
vt 0.818392 0.818835
vt 0.821155 0.816025
vt 0.821582 0.843528
vt 0.825879 0.836160
vt 0.829419 0.829695
vt 0.831089 0.824754
vt 0.830985 0.820296
vt 0.829228 0.817552
vt 0.826460 0.816007
vt 0.823308 0.815255
vt 0.820084 0.815020
vt 0.817012 0.815647
vt 0.814593 0.817722
vt 0.813143 0.821969
vt 0.813182 0.827263
vt 0.814663 0.834704
vt 0.782651 0.881291
vt 0.821138 0.884609
vt 0.781070 0.882732
vt 0.779733 0.881734
vt 0.779630 0.878954
vt 0.780731 0.876230
vt 0.782512 0.875557
vt 0.784402 0.876999
vt 0.784358 0.880050
vt 0.783302 0.883200
vt 0.780508 0.882881
vt 0.778992 0.881295
vt 0.778686 0.878642
vt 0.779393 0.876219
vt 0.781037 0.874985
vt 0.783234 0.875606
vt 0.798266 0.916804
vt 0.798133 0.918142
vt 0.797547 0.919293
vt 0.797210 0.920049
vt 0.797018 0.920311
vt 0.796921 0.920041
vt 0.797014 0.919278
vt 0.797450 0.918121
vt 0.797544 0.916781
vt 0.797040 0.915385
vt 0.796921 0.914239
vt 0.797023 0.913484
vt 0.797171 0.913223
vt 0.797312 0.913494
vt 0.797454 0.914258
vt 0.797729 0.915409
vt 0.783627 0.878757
vt 0.736766 0.870443
vt 0.758230 0.876908
vt 0.759363 0.876178
vt 0.727636 0.871637
vt 0.767092 0.876023
vt 0.769258 0.876558
vt 0.768932 0.877043
vt 0.766267 0.876144
vt 0.768612 0.877438
vt 0.765775 0.876737
vt 0.767421 0.876216
vt 0.769179 0.876500
vt 0.767473 0.876570
vt 0.768989 0.876729
vt 0.767406 0.877157
vt 0.768839 0.877346
vt 0.767301 0.877739
vt 0.768788 0.877976
vt 0.767143 0.878070
vt 0.768900 0.878271
vt 0.766770 0.878167
vt 0.769021 0.878237
vt 0.766042 0.877830
vt 0.768853 0.877727
vt 0.765795 0.876929
vt 0.768609 0.877099
vt 0.765634 0.876460
vt 0.768271 0.876641
vt 0.765661 0.876431
vt 0.768016 0.876688
vt 0.765620 0.876949
vt 0.767881 0.877257
vt 0.765529 0.877461
vt 0.767895 0.877842
vt 0.765507 0.877365
vt 0.768160 0.877851
vt 0.771932 0.876846
vt 0.775784 0.876702
vt 0.776361 0.878130
vt 0.772009 0.877507
vt 0.775820 0.879386
vt 0.771622 0.878262
vt 0.771360 0.876562
vt 0.774652 0.876197
vt 0.770924 0.876789
vt 0.773866 0.876768
vt 0.770683 0.877572
vt 0.773474 0.877999
vt 0.770646 0.878430
vt 0.773431 0.879270
vt 0.770966 0.878816
vt 0.774062 0.880021
vt 0.771507 0.878659
vt 0.775158 0.879767
vt 0.771890 0.877983
vt 0.776204 0.878532
vt 0.771690 0.877189
vt 0.775919 0.877187
vt 0.771074 0.876672
vt 0.774887 0.876546
vt 0.770607 0.876829
vt 0.774215 0.876929
vt 0.770391 0.877605
vt 0.773940 0.878097
vt 0.770440 0.878412
vt 0.773981 0.879339
vt 0.770903 0.878586
vt 0.774637 0.879846
vt 0.758085 0.873484
vt 0.762497 0.875836
vt 0.762453 0.876974
vt 0.757065 0.875777
vt 0.762929 0.877256
vt 0.763183 0.876650
vt 0.763101 0.876001
vt 0.758545 0.875155
vt 0.762574 0.876022
vt 0.756984 0.875499
vt 0.762198 0.876709
vt 0.757182 0.877907
vt 0.762957 0.878533
vt 0.759519 0.880473
vt 0.764722 0.878670
vt 0.762672 0.880345
vt 0.765759 0.878296
vt 0.764580 0.879372
vt 0.766218 0.877727
vt 0.765408 0.878161
vt 0.766388 0.877023
vt 0.765680 0.876943
vt 0.766431 0.876302
vt 0.765764 0.875704
vt 0.766168 0.875645
vt 0.765322 0.874325
vt 0.765314 0.875026
vt 0.763787 0.872876
vt 0.760864 0.871913
vt 0.763674 0.874675
vt 0.736172 0.875103
vt 0.743539 0.879400
vt 0.750005 0.882939
vt 0.754946 0.884609
vt 0.759403 0.884506
vt 0.762147 0.882748
vt 0.763692 0.879981
vt 0.764444 0.876828
vt 0.764680 0.873605
vt 0.764052 0.870533
vt 0.761978 0.868114
vt 0.757730 0.866664
vt 0.752437 0.866703
vt 0.744996 0.868183
vt 0.750063 0.820140
vt 0.711575 0.816822
vt 0.751643 0.818699
vt 0.752981 0.819697
vt 0.753084 0.822477
vt 0.751983 0.825200
vt 0.750202 0.825874
vt 0.748312 0.824431
vt 0.748356 0.821381
vt 0.749411 0.818231
vt 0.752205 0.818550
vt 0.753722 0.820135
vt 0.754027 0.822789
vt 0.753320 0.825212
vt 0.751677 0.826446
vt 0.749480 0.825825
vt 0.796675 0.785746
vt 0.796542 0.787084
vt 0.795955 0.788234
vt 0.795619 0.788990
vt 0.795426 0.789252
vt 0.795330 0.788982
vt 0.795422 0.788219
vt 0.795858 0.787062
vt 0.795953 0.785723
vt 0.795449 0.784327
vt 0.795330 0.783180
vt 0.795431 0.782425
vt 0.795580 0.782164
vt 0.795720 0.782435
vt 0.795862 0.783199
vt 0.796137 0.784350
vt 0.749087 0.822674
vt 0.795948 0.830988
vt 0.774483 0.824523
vt 0.773351 0.825253
vt 0.805078 0.829794
vt 0.765622 0.825407
vt 0.763456 0.824872
vt 0.763781 0.824388
vt 0.766447 0.825287
vt 0.764102 0.823993
vt 0.766939 0.824694
vt 0.765293 0.825215
vt 0.763535 0.824931
vt 0.765241 0.824861
vt 0.763725 0.824702
vt 0.765308 0.824274
vt 0.763875 0.824085
vt 0.765413 0.823692
vt 0.763926 0.823455
vt 0.765571 0.823361
vt 0.763814 0.823159
vt 0.765943 0.823264
vt 0.763693 0.823193
vt 0.766671 0.823601
vt 0.763861 0.823704
vt 0.766919 0.824502
vt 0.764104 0.824332
vt 0.767080 0.824971
vt 0.764442 0.824790
vt 0.767052 0.825000
vt 0.764697 0.824743
vt 0.767094 0.824481
vt 0.764833 0.824174
vt 0.767184 0.823970
vt 0.764819 0.823589
vt 0.767207 0.824066
vt 0.764553 0.823580
vt 0.760781 0.824585
vt 0.756930 0.824729
vt 0.756353 0.823301
vt 0.760704 0.823924
vt 0.756893 0.822045
vt 0.761091 0.823169
vt 0.761354 0.824868
vt 0.758062 0.825233
vt 0.761789 0.824642
vt 0.758847 0.824663
vt 0.762031 0.823859
vt 0.759239 0.823432
vt 0.762068 0.823001
vt 0.759282 0.822161
vt 0.761748 0.822615
vt 0.758651 0.821410
vt 0.761206 0.822772
vt 0.757556 0.821664
vt 0.760824 0.823448
vt 0.756509 0.822899
vt 0.761024 0.824242
vt 0.756794 0.824244
vt 0.761640 0.824759
vt 0.757827 0.824885
vt 0.762107 0.824602
vt 0.758498 0.824502
vt 0.762323 0.823826
vt 0.758773 0.823334
vt 0.762273 0.823019
vt 0.758733 0.822092
vt 0.761811 0.822845
vt 0.758077 0.821584
vt 0.774629 0.827947
vt 0.770217 0.825595
vt 0.770260 0.824457
vt 0.775649 0.825654
vt 0.769785 0.824175
vt 0.769531 0.824780
vt 0.769613 0.825429
vt 0.774169 0.826276
vt 0.770139 0.825409
vt 0.775730 0.825931
vt 0.770516 0.824722
vt 0.775532 0.823524
vt 0.769757 0.822898
vt 0.773195 0.820958
vt 0.767992 0.822761
vt 0.770042 0.821086
vt 0.766955 0.823135
vt 0.768133 0.822060
vt 0.766496 0.823704
vt 0.767306 0.823270
vt 0.766326 0.824408
vt 0.767034 0.824487
vt 0.766282 0.825129
vt 0.766950 0.825727
vt 0.766546 0.825786
vt 0.767391 0.827106
vt 0.767400 0.826404
vt 0.768927 0.828555
vt 0.771849 0.829518
vt 0.769039 0.826756
vt 0.796543 0.826328
vt 0.789175 0.822031
vt 0.782709 0.818492
vt 0.777768 0.816822
vt 0.773310 0.816925
vt 0.770567 0.818683
vt 0.769022 0.821450
vt 0.768270 0.824602
vt 0.768034 0.827826
vt 0.768662 0.830898
vt 0.770736 0.833317
vt 0.774984 0.834767
vt 0.780277 0.834728
vt 0.787718 0.833248
vt 0.778940 0.726160
vt 0.740452 0.722842
vt 0.780520 0.724719
vt 0.781858 0.725717
vt 0.781960 0.728497
vt 0.780860 0.731220
vt 0.779078 0.731894
vt 0.777189 0.730452
vt 0.777233 0.727401
vt 0.778288 0.724251
vt 0.781082 0.724570
vt 0.782598 0.726155
vt 0.782904 0.728809
vt 0.782197 0.731232
vt 0.780554 0.732467
vt 0.778357 0.731845
vt 0.879174 0.773673
vt 0.879041 0.775011
vt 0.878454 0.776161
vt 0.878118 0.776917
vt 0.877926 0.777179
vt 0.877829 0.776909
vt 0.877922 0.776146
vt 0.878358 0.774989
vt 0.878452 0.773650
vt 0.877948 0.772254
vt 0.877829 0.771107
vt 0.877931 0.770352
vt 0.878079 0.770091
vt 0.878220 0.770362
vt 0.878362 0.771126
vt 0.878636 0.772277
vt 0.777963 0.728694
vt 0.824824 0.737008
vt 0.803360 0.730543
vt 0.802227 0.731274
vt 0.833954 0.735814
vt 0.794499 0.731428
vt 0.792332 0.730893
vt 0.792658 0.730408
vt 0.795324 0.731307
vt 0.792978 0.730013
vt 0.795816 0.730714
vt 0.794170 0.731235
vt 0.792411 0.730951
vt 0.794118 0.730881
vt 0.792602 0.730722
vt 0.794185 0.730294
vt 0.792752 0.730105
vt 0.794289 0.729712
vt 0.792802 0.729476
vt 0.794448 0.729381
vt 0.792690 0.729180
vt 0.794820 0.729284
vt 0.792570 0.729213
vt 0.795548 0.729621
vt 0.792737 0.729724
vt 0.795796 0.730522
vt 0.792981 0.730352
vt 0.795957 0.730991
vt 0.793319 0.730810
vt 0.795929 0.731020
vt 0.793574 0.730763
vt 0.795970 0.730502
vt 0.793710 0.730195
vt 0.796061 0.729990
vt 0.793696 0.729609
vt 0.796084 0.730086
vt 0.793430 0.729600
vt 0.789658 0.730605
vt 0.785807 0.730749
vt 0.785230 0.729321
vt 0.789581 0.729945
vt 0.785770 0.728065
vt 0.789968 0.729189
vt 0.790231 0.730888
vt 0.786939 0.731254
vt 0.790666 0.730662
vt 0.787724 0.730683
vt 0.790908 0.729879
vt 0.788116 0.729452
vt 0.790944 0.729021
vt 0.788159 0.728181
vt 0.790625 0.728635
vt 0.787528 0.727430
vt 0.790083 0.728792
vt 0.786432 0.727684
vt 0.789700 0.729468
vt 0.785386 0.728920
vt 0.789901 0.730262
vt 0.785671 0.730264
vt 0.790516 0.730779
vt 0.786703 0.730905
vt 0.790983 0.730622
vt 0.787375 0.730522
vt 0.791200 0.729846
vt 0.787650 0.729354
vt 0.791150 0.729039
vt 0.787610 0.728112
vt 0.790688 0.728865
vt 0.786953 0.727605
vt 0.803506 0.733967
vt 0.799093 0.731615
vt 0.799137 0.730477
vt 0.804525 0.731674
vt 0.798661 0.730195
vt 0.798408 0.730801
vt 0.798490 0.731450
vt 0.803046 0.732296
vt 0.799016 0.731430
vt 0.804606 0.731952
vt 0.799392 0.730742
vt 0.804408 0.729544
vt 0.798634 0.728919
vt 0.802072 0.726978
vt 0.796868 0.728782
vt 0.798918 0.727106
vt 0.795832 0.729155
vt 0.797010 0.728080
vt 0.795372 0.729724
vt 0.796183 0.729290
vt 0.795202 0.730428
vt 0.795910 0.730507
vt 0.795159 0.731149
vt 0.795826 0.731747
vt 0.795422 0.731806
vt 0.796268 0.733127
vt 0.796277 0.732425
vt 0.797804 0.734575
vt 0.800726 0.735538
vt 0.797916 0.732776
vt 0.825419 0.732348
vt 0.818051 0.728051
vt 0.811586 0.724512
vt 0.806645 0.722842
vt 0.802187 0.722945
vt 0.799444 0.724703
vt 0.797898 0.727470
vt 0.797147 0.730623
vt 0.796911 0.733846
vt 0.797539 0.736918
vt 0.799613 0.739338
vt 0.803860 0.740788
vt 0.809154 0.740748
vt 0.816595 0.739268
vt 0.875279 0.701418
vt 0.872574 0.733683
vt 0.874074 0.700113
vt 0.874909 0.698997
vt 0.877232 0.698907
vt 0.879510 0.699820
vt 0.880079 0.701304
vt 0.878881 0.702875
vt 0.876332 0.702821
vt 0.873681 0.701916
vt 0.873942 0.699553
vt 0.875272 0.698268
vt 0.877506 0.698004
vt 0.879548 0.698597
vt 0.880587 0.699983
vt 0.880061 0.701844
vt 0.710094 0.743203
vt 0.709982 0.744326
vt 0.709489 0.745293
vt 0.709207 0.745928
vt 0.709045 0.746148
vt 0.708964 0.745921
vt 0.709042 0.745280
vt 0.709408 0.744308
vt 0.709487 0.743183
vt 0.709064 0.742011
vt 0.708964 0.741048
vt 0.709049 0.740414
vt 0.709174 0.740194
vt 0.709292 0.740422
vt 0.709411 0.741063
vt 0.709642 0.742031
vt 0.877405 0.702205
vt 0.876487 0.685601
vt 0.877899 0.686928
vt 0.878924 0.687156
vt 0.879131 0.686136
vt 0.878834 0.687056
vt 0.878817 0.689519
vt 0.878152 0.689873
vt 0.878112 0.687562
vt 0.877915 0.690059
vt 0.877896 0.688150
vt 0.879336 0.687005
vt 0.879175 0.689227
vt 0.879389 0.687046
vt 0.879180 0.689005
vt 0.878953 0.687006
vt 0.878703 0.688866
vt 0.878523 0.686924
vt 0.878209 0.688849
vt 0.878572 0.686895
vt 0.878126 0.689058
vt 0.879025 0.687085
vt 0.878386 0.689467
vt 0.879565 0.687745
vt 0.878887 0.689960
vt 0.879652 0.688507
vt 0.879164 0.690234
vt 0.879493 0.688698
vt 0.879262 0.690164
vt 0.879189 0.688735
vt 0.879044 0.690015
vt 0.878696 0.688686
vt 0.878526 0.689914
vt 0.878207 0.688606
vt 0.877998 0.689899
vt 0.877944 0.688481
vt 0.877813 0.690003
vt 0.878813 0.692110
vt 0.879072 0.695516
vt 0.877838 0.696100
vt 0.878170 0.692432
vt 0.876797 0.695744
vt 0.877559 0.692349
vt 0.879185 0.691496
vt 0.879545 0.694506
vt 0.879094 0.691076
vt 0.879095 0.693819
vt 0.878455 0.690858
vt 0.878058 0.693481
vt 0.877741 0.690847
vt 0.876985 0.693455
vt 0.877489 0.691192
vt 0.876377 0.694024
vt 0.877721 0.691809
vt 0.876625 0.695013
vt 0.878320 0.692410
vt 0.877671 0.695993
vt 0.878872 0.692464
vt 0.878760 0.695838
vt 0.879181 0.692076
vt 0.879250 0.695028
vt 0.878964 0.691738
vt 0.878901 0.694491
vt 0.878297 0.691572
vt 0.877923 0.694270
vt 0.877607 0.691594
vt 0.876887 0.694298
vt 0.877381 0.691903
vt 0.876439 0.694817
vt 0.876133 0.684721
vt 0.877450 0.686478
vt 0.877755 0.687293
vt 0.876893 0.686245
vt 0.878213 0.687657
vt 0.878807 0.687790
vt 0.879416 0.687811
vt 0.879978 0.687224
vt 0.879976 0.687578
vt 0.881180 0.686851
vt 0.880538 0.686966
vt 0.882331 0.685581
vt 0.880752 0.685469
vt 0.883061 0.682984
vt 0.879855 0.684317
vt 0.881729 0.680420
vt 0.878871 0.684383
vt 0.879869 0.679955
vt 0.878717 0.684822
vt 0.879016 0.680972
vt 0.879228 0.685032
vt 0.879648 0.681888
vt 0.879777 0.684968
vt 0.880501 0.681177
vt 0.879701 0.684521
vt 0.879932 0.679974
vt 0.878734 0.684243
vt 0.877952 0.679991
vt 0.876027 0.682251
vt 0.877609 0.685165
vt 0.881846 0.686237
vt 0.884393 0.685618
vt 0.886317 0.683688
vt 0.887598 0.680105
vt 0.887553 0.675172
vt 0.885989 0.669501
vt 0.884184 0.662845
vt 0.883278 0.655206
vt 0.880345 0.662278
vt 0.876783 0.668193
vt 0.873761 0.673287
vt 0.872574 0.678208
vt 0.872871 0.681983
vt 0.874220 0.684373
vt 0.777036 0.792363
vt 0.745266 0.788790
vt 0.778355 0.791205
vt 0.779430 0.792058
vt 0.779454 0.794353
vt 0.778489 0.796575
vt 0.777005 0.797098
vt 0.775484 0.795876
vt 0.775606 0.793368
vt 0.776575 0.790785
vt 0.778900 0.791114
vt 0.780132 0.792466
vt 0.780330 0.794678
vt 0.779688 0.796675
vt 0.778294 0.797658
vt 0.776476 0.797084
vt 0.828262 0.860052
vt 0.828151 0.861176
vt 0.827658 0.862142
vt 0.827376 0.862777
vt 0.827214 0.862997
vt 0.827133 0.862770
vt 0.827211 0.862129
vt 0.827577 0.861158
vt 0.827656 0.860033
vt 0.827233 0.858860
vt 0.827133 0.857897
vt 0.827218 0.857263
vt 0.827342 0.857044
vt 0.827461 0.857271
vt 0.827580 0.857913
vt 0.827811 0.858880
vt 0.776199 0.794446
vt 0.793951 0.791487
vt 0.791694 0.794152
vt 0.791270 0.795192
vt 0.792607 0.793994
vt 0.791422 0.796654
vt 0.788819 0.796385
vt 0.788571 0.795544
vt 0.791104 0.795577
vt 0.788366 0.795187
vt 0.790438 0.795112
vt 0.791203 0.797270
vt 0.788981 0.796811
vt 0.791003 0.797311
vt 0.789120 0.796834
vt 0.791009 0.796870
vt 0.789242 0.796368
vt 0.791054 0.796438
vt 0.789247 0.795870
vt 0.790950 0.796417
vt 0.788983 0.795735
vt 0.790609 0.796643
vt 0.788510 0.795871
vt 0.789971 0.796812
vt 0.788021 0.796175
vt 0.789437 0.796697
vt 0.787835 0.796336
vt 0.789415 0.796481
vt 0.787992 0.796391
vt 0.789489 0.796185
vt 0.788206 0.796171
vt 0.789589 0.795707
vt 0.788345 0.795662
vt 0.789720 0.795231
vt 0.788396 0.795150
vt 0.789954 0.795013
vt 0.788355 0.795001
vt 0.786179 0.796204
vt 0.782767 0.796311
vt 0.782240 0.795050
vt 0.785913 0.795491
vt 0.782618 0.794006
vt 0.786007 0.794825
vt 0.786724 0.796623
vt 0.783731 0.796820
vt 0.787102 0.796557
vt 0.784407 0.796403
vt 0.787319 0.795936
vt 0.784765 0.795392
vt 0.787340 0.795226
vt 0.784818 0.794331
vt 0.786980 0.794941
vt 0.784265 0.793703
vt 0.786337 0.795100
vt 0.783271 0.793899
vt 0.785730 0.795595
vt 0.782277 0.794874
vt 0.785702 0.796085
vt 0.782413 0.795930
vt 0.786119 0.796372
vt 0.783216 0.796423
vt 0.786490 0.796156
vt 0.783768 0.796089
vt 0.786687 0.795501
vt 0.784018 0.795129
vt 0.786696 0.794826
vt 0.784023 0.794108
vt 0.786425 0.794618
vt 0.783533 0.793661
vt 0.794908 0.792757
vt 0.792425 0.794474
vt 0.791309 0.794578
vt 0.792782 0.793184
vt 0.790744 0.794998
vt 0.790528 0.795590
vt 0.790429 0.796166
vt 0.791032 0.796158
vt 0.790478 0.796676
vt 0.791053 0.797222
vt 0.790786 0.797267
vt 0.791653 0.798422
vt 0.791755 0.797807
vt 0.793353 0.799603
vt 0.792816 0.797619
vt 0.795473 0.799374
vt 0.793067 0.797117
vt 0.796257 0.798557
vt 0.792933 0.797079
vt 0.795971 0.798387
vt 0.792818 0.797575
vt 0.795662 0.799324
vt 0.792956 0.798182
vt 0.796600 0.800539
vt 0.793759 0.798208
vt 0.799187 0.799594
vt 0.794634 0.796955
vt 0.800152 0.796655
vt 0.797971 0.793399
vt 0.793996 0.795119
vt 0.791712 0.796566
vt 0.791403 0.799035
vt 0.792290 0.801163
vt 0.794697 0.802884
vt 0.798387 0.803709
vt 0.802974 0.803245
vt 0.808515 0.802473
vt 0.814878 0.802270
vt 0.822834 0.801636
vt 0.816017 0.796599
vt 0.810138 0.791993
vt 0.804203 0.789414
vt 0.799421 0.788790
vt 0.796096 0.789500
vt 0.706171 0.812714
vt 0.699247 0.781499
vt 0.707687 0.813596
vt 0.707226 0.814896
vt 0.705062 0.815665
vt 0.702646 0.815473
vt 0.701675 0.814243
vt 0.702348 0.812410
vt 0.704775 0.811713
vt 0.707547 0.811782
vt 0.707999 0.814083
vt 0.707125 0.815683
vt 0.705097 0.816588
vt 0.702998 0.816629
vt 0.701608 0.815626
vt 0.701551 0.813716
vt 0.762426 0.760869
vt 0.762538 0.759745
vt 0.763031 0.758779
vt 0.763313 0.758143
vt 0.763475 0.757923
vt 0.763556 0.758150
vt 0.763478 0.758791
vt 0.763112 0.759763
vt 0.763033 0.760888
vt 0.763456 0.762061
vt 0.763556 0.763024
vt 0.763471 0.763658
vt 0.763346 0.763877
vt 0.763228 0.763650
vt 0.763109 0.763008
vt 0.762878 0.762041
vt 0.703941 0.812593
vt 0.706968 0.827962
vt 0.706725 0.827305
vt 0.705761 0.827533
vt 0.704445 0.828959
vt 0.707217 0.826846
vt 0.706437 0.824754
vt 0.706775 0.824242
vt 0.707393 0.826192
vt 0.706854 0.824076
vt 0.707263 0.825761
vt 0.706977 0.827183
vt 0.706295 0.825198
vt 0.706987 0.827292
vt 0.706404 0.825470
vt 0.707420 0.827250
vt 0.706906 0.825486
vt 0.707862 0.827247
vt 0.707377 0.825385
vt 0.707835 0.827443
vt 0.707383 0.825241
vt 0.707233 0.827653
vt 0.706952 0.825049
vt 0.706193 0.827353
vt 0.706169 0.824813
vt 0.705619 0.826544
vt 0.705688 0.824606
vt 0.705594 0.826192
vt 0.705539 0.824638
vt 0.705834 0.825971
vt 0.705755 0.824666
vt 0.706309 0.825834
vt 0.706265 0.824586
vt 0.706786 0.825729
vt 0.706767 0.824420
vt 0.707063 0.825660
vt 0.706921 0.824201
vt 0.705629 0.822433
vt 0.704357 0.819362
vt 0.705320 0.818449
vt 0.706066 0.821946
vt 0.706384 0.818494
vt 0.706611 0.821882
vt 0.705512 0.823146
vt 0.704230 0.820463
vt 0.705750 0.823543
vt 0.704868 0.820988
vt 0.706423 0.823574
vt 0.705948 0.821005
vt 0.707098 0.823388
vt 0.706966 0.820718
vt 0.707222 0.823025
vt 0.707365 0.820017
vt 0.706789 0.822564
vt 0.706825 0.819177
vt 0.705978 0.822212
vt 0.705525 0.818575
vt 0.705373 0.822312
vt 0.704518 0.819039
vt 0.705151 0.822746
vt 0.704274 0.819939
vt 0.705433 0.822977
vt 0.704751 0.820334
vt 0.706105 0.822926
vt 0.705736 0.820251
vt 0.706751 0.822688
vt 0.706707 0.819916
vt 0.706883 0.822295
vt 0.706981 0.819281
vt 0.708946 0.827912
vt 0.707839 0.827040
vt 0.707276 0.826697
vt 0.707750 0.827316
vt 0.706788 0.826667
vt 0.706216 0.826776
vt 0.705628 0.827002
vt 0.704711 0.827948
vt 0.705187 0.827566
vt 0.703670 0.829023
vt 0.704969 0.828569
vt 0.703237 0.831163
vt 0.705711 0.830390
vt 0.704062 0.834501
vt 0.707605 0.830940
vt 0.707361 0.836471
vt 0.708806 0.830003
vt 0.710208 0.835402
vt 0.708724 0.829199
vt 0.711122 0.832809
vt 0.708118 0.829060
vt 0.709896 0.831875
vt 0.707624 0.829172
vt 0.708952 0.832185
vt 0.707688 0.829271
vt 0.709125 0.832464
vt 0.708201 0.828975
vt 0.709964 0.831627
vt 0.710117 0.829431
vt 0.708344 0.827897
vt 0.701960 0.830393
vt 0.699961 0.832585
vt 0.699247 0.835889
vt 0.699894 0.840699
vt 0.702673 0.846380
vt 0.707281 0.852178
vt 0.712276 0.858996
vt 0.712877 0.851077
vt 0.713092 0.844748
vt 0.713888 0.839216
vt 0.714328 0.834608
vt 0.713308 0.830852
vt 0.711556 0.828473
vt 0.709393 0.827598
vt 0.888916 0.910823
vt 0.891622 0.878559
vt 0.890122 0.912128
vt 0.889287 0.913244
vt 0.886964 0.913335
vt 0.884686 0.912421
vt 0.884117 0.910937
vt 0.885314 0.909366
vt 0.887864 0.909420
vt 0.890515 0.910325
vt 0.890254 0.912688
vt 0.888924 0.913973
vt 0.886690 0.914237
vt 0.884648 0.913644
vt 0.883609 0.912258
vt 0.884134 0.910397
vt 0.955210 0.687948
vt 0.955099 0.689072
vt 0.954606 0.690038
vt 0.954324 0.690674
vt 0.954162 0.690893
vt 0.954081 0.690667
vt 0.954159 0.690026
vt 0.954525 0.689054
vt 0.954604 0.687929
vt 0.954181 0.686757
vt 0.954081 0.685794
vt 0.954166 0.685160
vt 0.954291 0.684940
vt 0.954409 0.685168
vt 0.954529 0.685809
vt 0.954759 0.686777
vt 0.886790 0.910036
vt 0.887709 0.926640
vt 0.886297 0.925313
vt 0.885271 0.925085
vt 0.885065 0.926105
vt 0.885362 0.925185
vt 0.885379 0.922722
vt 0.886043 0.922368
vt 0.886084 0.924679
vt 0.886280 0.922182
vt 0.886300 0.924091
vt 0.884860 0.925236
vt 0.885020 0.923014
vt 0.884807 0.925195
vt 0.885016 0.923236
vt 0.885243 0.925235
vt 0.885493 0.923375
vt 0.885673 0.925317
vt 0.885987 0.923392
vt 0.885624 0.925346
vt 0.886070 0.923183
vt 0.885171 0.925156
vt 0.885810 0.922774
vt 0.884631 0.924496
vt 0.885309 0.922281
vt 0.884544 0.923734
vt 0.885031 0.922007
vt 0.884703 0.923543
vt 0.884934 0.922077
vt 0.885006 0.923506
vt 0.885152 0.922226
vt 0.885500 0.923554
vt 0.885670 0.922327
vt 0.885989 0.923635
vt 0.886198 0.922342
vt 0.886252 0.923760
vt 0.886383 0.922238
vt 0.885383 0.920131
vt 0.885123 0.916725
vt 0.886358 0.916141
vt 0.886026 0.919809
vt 0.887399 0.916497
vt 0.886637 0.919892
vt 0.885011 0.920745
vt 0.884651 0.917736
vt 0.885102 0.921165
vt 0.885101 0.918422
vt 0.885740 0.921383
vt 0.886138 0.918760
vt 0.886454 0.921394
vt 0.887211 0.918786
vt 0.886706 0.921049
vt 0.887819 0.918217
vt 0.886474 0.920432
vt 0.887570 0.917228
vt 0.885876 0.919831
vt 0.886524 0.916249
vt 0.885324 0.919777
vt 0.885436 0.916403
vt 0.885015 0.920165
vt 0.884946 0.917213
vt 0.885232 0.920503
vt 0.885295 0.917750
vt 0.885899 0.920669
vt 0.886273 0.917971
vt 0.886589 0.920647
vt 0.887309 0.917943
vt 0.886815 0.920338
vt 0.887756 0.917424
vt 0.888063 0.927520
vt 0.886746 0.925763
vt 0.886441 0.924948
vt 0.887302 0.925996
vt 0.885983 0.924584
vt 0.885389 0.924451
vt 0.884779 0.924430
vt 0.884218 0.925017
vt 0.884220 0.924663
vt 0.883015 0.925390
vt 0.883658 0.925275
vt 0.881865 0.926660
vt 0.883443 0.926772
vt 0.881135 0.929257
vt 0.884340 0.927924
vt 0.882467 0.931821
vt 0.885325 0.927858
vt 0.884327 0.932285
vt 0.885479 0.927419
vt 0.885180 0.931269
vt 0.884967 0.927209
vt 0.884548 0.930352
vt 0.884418 0.927273
vt 0.883695 0.931064
vt 0.884495 0.927720
vt 0.884264 0.932267
vt 0.885462 0.927998
vt 0.886244 0.932249
vt 0.888169 0.929990
vt 0.886587 0.927076
vt 0.882349 0.926004
vt 0.879803 0.926623
vt 0.877878 0.928553
vt 0.876598 0.932136
vt 0.876643 0.937068
vt 0.878206 0.942740
vt 0.880012 0.949396
vt 0.880917 0.957034
vt 0.883851 0.949963
vt 0.887412 0.944048
vt 0.890435 0.938954
vt 0.891622 0.934033
vt 0.891325 0.930257
vt 0.889976 0.927868
vt 0.883444 0.884977
vt 0.883688 0.889032
vt 0.883270 0.884835
vt 0.883354 0.884681
vt 0.883641 0.884628
vt 0.883941 0.884701
vt 0.884038 0.884875
vt 0.883917 0.885093
vt 0.883600 0.885134
vt 0.883255 0.885071
vt 0.883245 0.884774
vt 0.883387 0.884591
vt 0.883659 0.884519
vt 0.883923 0.884555
vt 0.884076 0.884708
vt 0.884045 0.884947
vt 0.882702 0.880621
vt 0.883669 0.880627
vt 0.882414 0.735505
vt 0.880399 0.736525
vt 0.883722 0.885038
vt 0.882595 0.880468
vt 0.883407 0.883052
vt 0.883617 0.883137
vt 0.883502 0.880434
vt 0.883722 0.883201
vt 0.883711 0.883474
vt 0.883637 0.883477
vt 0.883641 0.883160
vt 0.883595 0.883482
vt 0.883577 0.883201
vt 0.883733 0.883242
vt 0.883730 0.883457
vt 0.883706 0.883256
vt 0.883711 0.883439
vt 0.883646 0.883259
vt 0.883646 0.883433
vt 0.883586 0.883257
vt 0.883582 0.883438
vt 0.883558 0.883245
vt 0.883559 0.883457
vt 0.883565 0.883208
vt 0.883577 0.883478
vt 0.883633 0.883169
vt 0.883641 0.883481
vt 0.883708 0.883222
vt 0.883696 0.883483
vt 0.883716 0.883243
vt 0.883721 0.883462
vt 0.883691 0.883253
vt 0.883700 0.883443
vt 0.883633 0.883255
vt 0.883636 0.883439
vt 0.883575 0.883254
vt 0.883574 0.883447
vt 0.883553 0.883240
vt 0.883563 0.883466
vt 0.883732 0.883776
vt 0.883813 0.884184
vt 0.883672 0.884271
vt 0.883659 0.883807
vt 0.883534 0.884240
vt 0.883577 0.883794
vt 0.883759 0.883705
vt 0.883851 0.884055
vt 0.883734 0.883661
vt 0.883781 0.883981
vt 0.883649 0.883647
vt 0.883647 0.883958
vt 0.883560 0.883657
vt 0.883514 0.883973
vt 0.883529 0.883699
vt 0.883446 0.884053
vt 0.883559 0.883761
vt 0.883492 0.884166
vt 0.883640 0.883804
vt 0.883637 0.884262
vt 0.883715 0.883786
vt 0.883771 0.884217
vt 0.883752 0.883724
vt 0.883820 0.884104
vt 0.883724 0.883682
vt 0.883768 0.884041
vt 0.883639 0.883673
vt 0.883643 0.884031
vt 0.883556 0.883689
vt 0.883514 0.884054
vt 0.883539 0.883734
vt 0.883470 0.884128
vt 0.883322 0.882368
vt 0.883501 0.882895
vt 0.883490 0.883045
vt 0.883246 0.882762
vt 0.883551 0.883108
vt 0.883625 0.883113
vt 0.883698 0.883106
vt 0.883818 0.883066
vt 0.883762 0.883050
vt 0.884008 0.882787
vt 0.883782 0.882919
vt 0.883955 0.882393
vt 0.883624 0.882767
vt 0.883625 0.882069
vt 0.883488 0.882912
vt 0.883246 0.882403
vt 0.883500 0.883072
vt 0.883251 0.882841
vt 0.883572 0.883129
vt 0.883434 0.883112
vt 0.883648 0.883134
vt 0.883651 0.883180
vt 0.883725 0.883128
vt 0.883872 0.883101
vt 0.883795 0.883066
vt 0.884061 0.882813
vt 0.883795 0.882903
vt 0.884042 0.882364
vt 0.883617 0.882069
vt 0.883644 0.882769
vt 0.884468 0.880460
vt 0.884699 0.880616
vt 0.884260 0.881009
vt 0.883638 0.881071
vt 0.882836 0.880696
vt 0.882467 0.880602
vt 0.884625 0.880599
vt 0.884837 0.880568
vt 0.884422 0.880658
vt 0.883607 0.881025
vt 0.882982 0.880980
vt 0.882456 0.880612
vt 0.965070 0.870090
vt 0.965038 0.870414
vt 0.964896 0.870692
vt 0.964815 0.870875
vt 0.964768 0.870938
vt 0.964745 0.870873
vt 0.964767 0.870688
vt 0.964873 0.870409
vt 0.964895 0.870085
vt 0.964774 0.869747
vt 0.964745 0.869470
vt 0.964769 0.869287
vt 0.964805 0.869224
vt 0.964839 0.869290
vt 0.964874 0.869474
vt 0.964940 0.869753
vt 0.884250 0.739407
vt 0.882070 0.739356
vt 0.884428 0.736508
vt 0.884836 0.739731
vt 0.884837 0.737494
vt 0.883957 0.740514
vt 0.883916 0.738688
vt 0.882597 0.740341
vt 0.880732 0.740568
vt 0.882094 0.740333
vt 0.880791 0.738689
vt 0.879642 0.739820
vt 0.879956 0.737505
vt 0.880022 0.739473
vt 0.162060 0.077184
vt 0.204917 0.411711
vt 0.274496 0.404674
s 1
usemtl マテリアル
f 83/1/1 17/2/2 84/3/3
f 84/3/3 17/2/2 85/4/4
f 85/4/4 17/2/2 86/5/5
f 86/5/6 17/2/7 87/6/8
f 87/6/8 17/2/7 88/7/9
f 88/7/9 17/2/7 89/8/10
f 89/8/10 17/2/7 90/9/11
f 90/9/11 17/2/7 91/10/12
f 91/10/12 17/2/7 92/11/13
f 92/11/13 17/2/14 93/12/15
f 93/12/15 17/2/14 94/13/16
f 94/13/17 17/2/18 95/14/19
f 95/14/20 17/2/2 96/15/21
f 96/15/21 17/2/2 81/16/22
f 12/17/23 13/18/24 142/19/24 141/20/25
f 82/21/26 17/2/2 83/1/1
f 4/22/27 29/23/28 28/24/29 5/25/30
f 81/16/22 17/2/2 82/21/26
f 98/26/31 33/27/32 34/28/33 99/29/34
f 99/29/34 34/28/33 35/30/35 100/31/36
f 113/32/37 48/33/38 33/27/32 98/26/31
f 112/34/39 47/35/40 48/33/38 113/32/37
f 111/36/41 46/37/42 47/35/40 112/34/39
f 110/38/43 45/39/44 46/37/45 111/36/46
f 109/40/47 44/41/48 45/39/49 110/38/50
f 108/42/51 43/43/52 44/41/48 109/40/47
f 107/44/53 42/45/54 43/43/52 108/42/51
f 106/46/55 41/47/56 42/45/54 107/44/53
f 105/48/57 40/49/58 41/47/56 106/46/55
f 104/50/59 39/51/60 40/49/58 105/48/57
f 103/52/61 38/53/62 39/51/63 104/50/64
f 102/54/65 37/55/66 38/53/67 103/52/68
f 101/56/69 36/57/70 37/55/66 102/54/65
f 100/31/36 35/30/35 36/57/70 101/56/69
f 129/58/71 49/59/72 50/60/73 114/61/74
f 114/61/74 50/60/73 51/62/75 115/63/76
f 128/64/77 64/65/78 49/59/72 129/58/71
f 127/66/79 63/67/80 64/65/78 128/64/77
f 126/68/81 62/69/82 63/67/80 127/66/79
f 125/70/83 61/71/84 62/69/85 126/68/86
f 124/72/87 60/73/88 61/71/84 125/70/89
f 123/74/90 59/75/91 60/73/88 124/72/87
f 122/76/92 58/77/93 59/75/91 123/74/90
f 121/78/94 57/79/95 58/77/93 122/76/92
f 120/80/96 56/81/97 57/79/95 121/78/94
f 119/82/98 55/83/99 56/81/97 120/80/96
f 118/84/100 54/85/101 55/83/99 119/82/102
f 117/86/103 53/87/104 54/85/105 118/84/106
f 116/88/107 52/89/108 53/87/104 117/86/103
f 115/63/76 51/62/75 52/89/108 116/88/107
f 31/90/109 66/91/110 67/92/111 30/93/112
f 30/93/112 67/92/111 68/94/113 29/23/28
f 29/23/28 68/94/113 69/95/114 28/24/29
f 28/24/115 69/95/116 70/96/117 27/97/118
f 27/97/119 70/96/120 71/98/121 26/99/122
f 26/99/122 71/98/121 72/100/123 25/101/124
f 25/101/124 72/100/123 73/102/125 24/103/126
f 24/103/126 73/102/125 74/104/127 23/105/128
f 23/105/128 74/104/127 75/106/129 22/107/130
f 22/107/130 75/106/129 76/108/131 21/109/132
f 21/109/132 76/108/133 77/110/134 20/111/135
f 20/111/136 77/110/137 78/112/138 19/113/139
f 19/113/139 78/112/138 79/114/140 18/115/141
f 18/115/141 79/114/140 80/116/142 97/117/143
f 32/118/144 65/119/145 66/91/110 31/90/109
f 97/117/143 80/116/142 65/119/145 32/118/144
f 49/59/72 81/16/22 82/21/26 50/60/73
f 50/60/73 82/21/26 83/1/1 51/62/75
f 64/65/78 96/15/21 81/16/22 49/59/72
f 63/67/80 95/14/20 96/15/21 64/65/78
f 62/69/82 94/13/17 95/14/19 63/67/80
f 61/71/84 93/12/15 94/13/16 62/69/85
f 60/73/88 92/11/13 93/12/15 61/71/84
f 59/75/91 91/10/12 92/11/13 60/73/88
f 58/77/93 90/9/11 91/10/12 59/75/91
f 57/79/95 89/8/10 90/9/11 58/77/93
f 56/81/97 88/7/9 89/8/10 57/79/95
f 55/83/99 87/6/8 88/7/9 56/81/97
f 54/85/101 86/5/6 87/6/8 55/83/99
f 53/87/104 85/4/4 86/5/5 54/85/105
f 52/89/108 84/3/3 85/4/4 53/87/104
f 51/62/75 83/1/1 84/3/3 52/89/108
f 5/25/146 28/24/115 27/97/118 6/120/146
f 6/120/147 27/97/119 26/99/122 7/121/148
f 7/121/148 26/99/122 25/101/124 8/122/149
f 8/122/149 25/101/124 24/103/126 9/123/150
f 9/123/150 24/103/126 23/105/128 10/124/151
f 10/124/151 23/105/128 22/107/130 11/125/152
f 11/125/152 22/107/130 21/109/132 12/17/23
f 12/17/23 21/109/132 20/111/135 13/18/153
f 13/18/154 20/111/136 19/113/139 14/126/154
f 14/126/155 19/113/139 18/115/141 15/127/156
f 15/127/156 18/115/141 97/117/143 16/128/157
f 1/129/158 32/118/144 31/90/109 2/130/159
f 16/128/157 97/117/143 32/118/144 1/129/158
f 3/131/160 30/93/112 29/23/28 4/22/27
f 2/130/159 31/90/109 30/93/112 3/131/160
f 66/91/110 100/31/36 101/56/69 67/92/111
f 67/92/111 101/56/69 102/54/65 68/94/113
f 68/94/113 102/54/65 103/52/68 69/95/114
f 69/95/116 103/52/61 104/50/64 70/96/117
f 70/96/120 104/50/59 105/48/57 71/98/121
f 71/98/121 105/48/57 106/46/55 72/100/123
f 72/100/123 106/46/55 107/44/53 73/102/125
f 73/102/125 107/44/53 108/42/51 74/104/127
f 74/104/127 108/42/51 109/40/47 75/106/129
f 75/106/129 109/40/47 110/38/50 76/108/131
f 76/108/133 110/38/43 111/36/46 77/110/134
f 77/110/137 111/36/41 112/34/39 78/112/138
f 78/112/138 112/34/39 113/32/37 79/114/140
f 79/114/140 113/32/37 98/26/31 80/116/142
f 65/119/145 99/29/34 100/31/36 66/91/110
f 80/116/142 98/26/31 99/29/34 65/119/145
f 35/30/35 115/63/76 116/88/107 36/57/70
f 36/57/70 116/88/107 117/86/103 37/55/66
f 37/55/66 117/86/103 118/84/106 38/53/67
f 38/53/62 118/84/100 119/82/102 39/51/63
f 39/51/60 119/82/98 120/80/96 40/49/58
f 40/49/58 120/80/96 121/78/94 41/47/56
f 41/47/56 121/78/94 122/76/92 42/45/54
f 42/45/54 122/76/92 123/74/90 43/43/52
f 43/43/52 123/74/90 124/72/87 44/41/48
f 44/41/48 124/72/87 125/70/89 45/39/49
f 45/39/44 125/70/83 126/68/86 46/37/45
f 46/37/42 126/68/81 127/66/79 47/35/40
f 47/35/40 127/66/79 128/64/77 48/33/38
f 48/33/38 128/64/77 129/58/71 33/27/32
f 34/28/33 114/61/74 115/63/76 35/30/35
f 33/27/32 129/58/71 114/61/74 34/28/33
f 130/132/161 131/133/161 132/134/161 133/135/161 134/136/161 135/137/161 136/138/161 137/139/161 138/140/161 139/141/161 140/142/161 141/143/161 142/144/161 143/145/161 144/146/161 145/147/161
f 5/25/162 6/120/147 135/148/163 134/149/162
f 13/18/164 14/126/155 143/150/165 142/19/164
f 6/120/147 7/121/148 136/151/166 135/148/163
f 14/126/155 15/127/156 144/152/167 143/150/165
f 7/121/148 8/122/149 137/153/168 136/151/166
f 15/127/156 16/128/157 145/154/169 144/152/167
f 8/122/149 9/123/150 138/155/170 137/153/168
f 1/129/158 2/130/159 131/156/171 130/157/172
f 16/128/157 1/129/158 130/157/172 145/154/169
f 9/123/150 10/124/151 139/158/173 138/155/170
f 2/130/159 3/131/160 132/159/174 131/156/171
f 10/124/151 11/125/152 140/160/175 139/158/173
f 3/131/160 4/22/27 133/161/176 132/159/174
f 11/125/152 12/17/23 141/20/25 140/160/175
f 4/22/27 5/25/177 134/149/177 133/161/176
f 152/162/178 2522/163/178 2527/164/178 2524/165/178
f 149/166/179 156/167/179 167/168/179 168/169/179 147/170/179
f 148/171/180 161/172/180 163/173/180 155/174/180
f 151/175/181 153/176/181 154/177/181 149/178/181 147/179/181
f 154/177/182 153/176/182 152/180/182 2524/181/182 2526/182/182 162/183/182
f 146/184/183 150/185/183 151/175/183 147/179/183
f 164/186/184 2528/187/184 2521/188/184 159/189/184 160/190/184
f 162/183/185 161/191/185 148/192/185 149/178/185 154/177/185
f 152/162/186 153/193/186 151/194/186 157/195/186 2523/196/186 2522/163/186
f 160/190/187 156/197/187 155/198/187 163/199/187 164/186/187
f 148/171/188 155/174/188 156/167/188 149/166/188
f 150/200/189 158/201/189 157/195/189 151/194/189
f 150/200/190 146/202/190 165/203/190 166/204/190 158/201/190
f 158/205/191 166/206/191 167/207/191 156/197/191 160/190/191 159/189/191
f 2525/208/192 2528/209/192 163/173/192 161/172/192
f 163/210/193 2528/211/193 164/212/193
f 2526/182/194 2525/213/194 161/191/194 162/183/194
f 167/168/195 166/204/195 165/203/195 168/169/195
f 147/170/196 168/169/196 165/203/196 146/202/196
f 177/214/191 181/215/191 179/216/191 188/217/191 190/218/191 175/219/191
f 171/220/197 169/221/197 176/222/197 174/223/197
f 169/221/198 185/224/198 180/225/198 176/222/198
f 172/226/199 170/227/199 175/228/199 190/229/199 189/230/199
f 184/231/200 182/232/200 178/233/200 179/234/200 181/235/200
f 170/236/201 172/237/201 173/238/201 171/239/201
f 171/220/202 174/223/202 175/228/202 170/227/202
f 177/214/203 175/219/203 174/240/203 176/241/203
f 182/232/204 183/242/204 173/243/204 186/244/204 187/245/204 178/233/204
f 188/217/205 179/216/205 178/246/205 187/247/205
f 182/248/206 184/249/206 185/250/206 183/251/206
f 184/231/207 181/235/207 180/225/207 185/224/207
f 181/215/208 177/214/208 176/241/208 180/252/208
f 169/253/181 171/239/181 173/238/181 183/251/181 185/250/181
f 188/217/209 189/254/209 190/218/209
f 186/255/210 189/254/210 188/217/210 187/247/210
f 172/226/211 189/230/211 186/244/211 173/243/211
f 213/256/212 214/257/212 222/258/212 223/259/212 197/260/212 196/261/212
f 206/262/213 204/263/213 209/264/213 210/265/213 201/266/213
f 211/267/214 220/268/214 222/258/214 214/257/214
f 215/269/215 216/270/215 195/271/215 221/272/215 220/268/215 211/267/215 212/273/215
f 196/261/216 197/260/216 192/274/216 191/275/216 200/276/216 198/277/216
f 207/278/217 199/279/217 201/266/217 210/265/217
f 205/280/218 226/281/218 227/282/218 204/263/218 206/262/218
f 198/277/219 200/276/219 199/279/219 207/278/219 208/283/219
f 195/284/220 202/285/220 203/286/220 193/287/220 194/288/220
f 213/289/221 196/290/221 198/291/221 208/292/221 209/293/221 204/294/221 227/295/221 224/296/221 218/297/221 215/298/221 212/299/221
f 207/278/222 210/265/222 209/264/222 208/283/222
f 217/300/223 202/301/223 195/271/223 216/270/223
f 211/267/224 214/257/224 213/256/224 212/273/224
f 215/269/225 218/302/225 217/300/225 216/270/225
f 197/303/226 223/304/226 219/305/226 194/288/226 192/306/226
f 219/305/227 220/307/227 221/308/227
f 219/305/228 223/304/228 222/309/228 220/307/228
f 194/288/229 219/305/229 221/308/229 195/284/229
f 224/310/230 227/282/230 226/281/230 225/311/230
f 202/301/231 217/300/231 218/302/231 224/310/231 225/311/231 203/312/231
f 193/287/232 191/313/232 192/306/232 194/288/232
f 191/313/233 193/287/233 205/314/233 206/315/233 200/316/233
f 200/316/234 206/315/234 201/317/234 199/318/234
f 203/312/235 225/311/235 226/281/235 193/319/235
f 226/281/236 205/280/236 193/319/236
f 231/320/237 238/321/237 237/322/237 234/323/237
f 228/324/238 230/325/238 235/326/238 232/326/238 233/327/238
f 242/328/239 240/329/239 241/330/239 236/331/239 253/332/239 252/333/239 255/334/239
f 232/326/240 236/331/240 241/330/240 261/335/240 247/336/240 233/327/240
f 230/337/241 228/338/241 229/339/241 231/340/241
f 241/330/242 240/329/242 258/341/242 259/342/242 260/343/242 261/335/242
f 260/343/243 259/342/243 244/344/243 246/345/243
f 235/326/244 239/346/244 251/347/244 253/332/244 236/331/244 232/326/244
f 231/320/245 234/323/245 235/326/245 230/325/245
f 245/348/246 228/324/246 233/327/246 247/336/246
f 243/349/247 254/350/247 256/351/247 238/352/247 231/340/247 229/339/247
f 249/353/191 251/347/191 239/346/191
f 255/334/248 252/333/248 248/354/248 257/355/248
f 256/356/249 257/355/249 248/354/249 250/357/249 237/322/249 238/321/249
f 250/357/250 249/353/250 239/346/250 235/326/250 234/323/250 237/322/250
f 248/354/251 249/353/251 250/357/251
f 251/347/252 252/333/252 253/332/252
f 245/348/253 247/336/253 246/345/253 244/344/253
f 248/354/254 252/333/254 251/347/254 249/353/254
f 256/356/255 254/358/255 255/334/255 257/355/255
f 254/358/256 243/359/256 242/328/256 255/334/256
f 247/336/257 261/335/257 260/343/257 246/345/257
f 258/341/258 245/348/258 244/344/258 259/342/258
f 228/338/259 245/360/259 258/361/259 240/329/259 242/328/259 243/349/259 229/339/259
f 327/362/260 328/363/260 292/364/260 293/365/260
f 342/366/261 325/367/261 283/368/261 277/369/261 323/370/261 349/371/261 346/372/261
f 283/368/262 325/367/262 326/373/262 285/374/262
f 335/375/263 311/376/263 296/377/263 334/378/263 363/379/263 362/380/263 364/381/263 331/382/263 289/383/263 318/384/263 338/385/263
f 365/386/264 359/387/264 357/388/264 355/389/264 358/390/264 387/391/264 384/392/264 383/393/264 385/394/264 386/395/264 321/396/264 280/397/264 287/398/264 332/399/264
f 307/400/181 304/401/181 303/402/181 301/403/181 293/404/181 292/405/181 298/406/181 296/407/181 311/408/181 312/409/181
f 333/410/265 334/378/265 296/377/265 298/411/265
f 341/412/266 329/413/266 303/414/266 304/415/266 309/416/266 317/417/266 315/418/266 285/374/266 326/373/266 339/419/266 340/420/266
f 337/421/267 338/385/267 318/384/267 320/422/267
f 301/423/268 303/414/268 329/413/268 330/424/268
f 304/415/269 307/425/269 309/416/269
f 337/421/270 320/422/270 314/426/270 317/417/270 309/416/270 307/425/270 312/427/270 336/428/270
f 314/426/271 315/418/271 317/417/271
f 289/429/272 287/430/272 280/431/272 277/432/272 283/433/272 285/434/272 315/435/272 314/436/272 320/437/272 318/438/272
f 352/439/273 353/440/273 328/363/273 327/362/273 347/441/273 348/442/273
f 345/443/274 344/444/274 330/424/274 329/413/274 341/412/274
f 277/369/275 280/397/275 321/396/275 323/370/275
f 331/382/276 364/381/276 365/386/276 332/399/276
f 287/398/277 289/383/277 331/382/277 332/399/277
f 337/421/278 336/428/278 335/375/278 338/385/278
f 311/376/279 335/375/279 336/428/279 312/427/279
f 348/442/280 274/445/280 262/446/280 352/439/280
f 343/447/281 276/448/281 340/420/281 339/419/281
f 355/389/282 271/449/282 262/446/282 354/450/282 358/390/282
f 354/450/283 262/446/283 274/445/283 350/451/283
f 333/410/284 298/411/284 292/364/284 328/363/284 353/440/284 356/452/284 361/453/284 360/454/284 366/455/284
f 346/372/285 349/371/285 350/451/285
f 350/451/286 274/445/286 265/456/286
f 350/451/287 265/456/287 346/372/287
f 347/441/288 327/362/288 293/365/288 301/423/288 330/424/288 344/444/288 351/457/288
f 387/391/289 358/390/289 354/450/289 375/458/289 369/459/289 368/460/289 367/461/289 370/462/289 371/463/289 372/464/289 377/465/289 379/466/289 378/467/289 382/468/289 380/469/289 381/470/289 373/471/289 374/472/289 376/473/289 350/451/289 349/371/289 323/370/289 321/396/289 386/395/289 391/474/289 389/475/289 392/476/289 394/477/289 393/478/289 400/479/289 398/480/289 399/481/289 396/482/289 397/483/289 395/484/289 390/485/289 388/486/289
f 350/451/290 376/473/290 375/458/290 354/450/290
f 346/372/291 265/456/291 276/448/291 343/447/291 342/366/291
f 351/457/292 344/444/292 345/443/292 276/448/292 265/456/292
f 361/453/293 266/487/293 270/488/293 360/454/293
f 365/386/294 364/381/294 362/380/294 270/488/294 359/387/294
f 356/452/295 271/449/295 266/487/295 361/453/295
f 351/457/296 274/445/296 348/442/296 347/441/296
f 351/457/297 265/456/297 274/445/297
f 357/388/298 266/487/298 271/449/298 355/389/298
f 366/455/299 363/379/299 334/378/299 333/410/299
f 356/452/300 353/440/300 352/439/300 271/449/300
f 352/439/301 262/446/301 271/449/301
f 342/366/302 343/447/302 339/419/302 326/373/302 325/367/302
f 359/387/303 270/488/303 266/487/303 357/388/303
f 363/379/304 366/455/304 360/454/304 270/488/304 362/380/304
f 340/420/305 276/448/305 345/443/305 341/412/305
f 372/464/306 268/489/306 264/490/306 377/465/306
f 371/463/307 273/491/307 268/489/307 372/464/307
f 370/462/308 279/492/308 273/491/308 371/463/308
f 367/461/309 282/493/309 279/492/309 370/462/309
f 368/460/310 286/494/310 282/493/310 367/461/310
f 369/459/311 290/495/311 286/494/311 368/460/311
f 375/458/312 295/496/312 290/495/312 369/459/312
f 376/473/313 299/497/313 295/496/313 375/458/313
f 374/472/314 306/498/314 299/497/314 376/473/314
f 373/471/315 310/499/315 306/498/315 374/472/315
f 381/470/316 313/500/316 310/499/316 373/471/316
f 380/469/317 316/501/317 313/500/317 381/470/317
f 382/468/318 319/502/318 316/501/318 380/469/318
f 378/467/319 322/503/319 319/502/319 382/468/319
f 324/504/179 264/490/179 268/489/179 273/491/179 279/492/179 282/493/179 286/494/179 290/495/179 295/496/179 299/497/179 306/498/179 310/499/179 313/500/179 316/501/179 319/502/179 322/503/179
f 379/466/320 324/504/320 322/503/320 378/467/320
f 377/465/321 264/490/321 324/504/321 379/466/321
f 389/475/306 267/505/306 263/506/306 392/476/306
f 391/474/307 269/507/307 267/505/307 389/475/307
f 391/474/308 386/395/308 385/394/308 272/508/308 269/507/308
f 383/393/309 275/509/309 272/508/309 385/394/309
f 384/392/310 278/510/310 275/509/310 383/393/310
f 281/511/311 278/510/311 384/392/311 387/391/311 388/486/311
f 390/485/312 284/512/312 281/511/312 388/486/312
f 395/484/313 288/513/313 284/512/313 390/485/313
f 397/483/314 291/514/314 288/513/314 395/484/314
f 396/482/315 294/515/315 291/514/315 397/483/315
f 399/481/316 297/516/316 294/515/316 396/482/316
f 398/480/317 300/517/317 297/516/317 399/481/317
f 400/479/318 302/518/318 300/517/318 398/480/318
f 393/478/319 305/519/319 302/518/319 400/479/319
f 263/506/179 267/505/179 269/507/179 272/508/179 275/509/179 278/510/179 281/511/179 284/512/179 288/513/179 291/514/179 294/515/179 297/516/179 300/517/179 302/518/179 305/519/179 308/520/179
f 394/477/320 308/520/320 305/519/320 393/478/320
f 392/476/321 263/506/321 308/520/321 394/477/321
f 418/521/322 417/522/322 423/523/322 424/524/322 419/525/322
f 413/526/323 404/527/323 409/528/323 411/529/323
f 416/530/324 414/531/324 415/532/324 420/533/324 422/534/324
f 414/535/325 412/536/325 410/537/325 418/538/325
f 417/522/181 418/521/181 410/539/181 411/540/181 409/541/181 406/542/181
f 403/543/326 402/544/326 407/545/326 408/546/326
f 403/547/327 404/548/327 405/549/327
f 402/550/328 403/547/328 405/549/328 401/551/328
f 406/542/329 409/541/329 408/552/329 407/553/329
f 413/526/330 411/529/330 410/537/330 412/536/330
f 404/548/331 413/554/331 412/555/331 405/549/331
f 403/543/332 408/546/332 409/528/332 404/527/332
f 415/556/333 419/557/333 424/558/333 420/559/333
f 414/535/334 418/538/334 419/557/334 415/556/334
f 402/544/335 421/560/335 423/523/335 417/522/335 406/561/335 407/545/335
f 405/549/191 412/555/191 414/531/191 416/530/191 401/551/191
f 420/533/336 421/562/336 422/534/336
f 420/559/337 424/558/337 423/523/337 421/560/337
f 422/534/338 421/562/338 402/550/338 401/551/338 416/530/338
f 439/563/221 433/564/221 459/565/221 461/566/221 440/567/221
f 436/568/339 429/569/339 432/570/339 434/571/339 445/572/339 446/573/339
f 464/574/340 463/575/340 437/576/340 456/577/340 455/578/340 431/579/340
f 437/580/341 463/581/341 465/582/341 440/583/341 461/584/341 460/585/341
f 441/586/221 444/587/221 445/572/221 434/571/221 433/564/221 439/563/221
f 448/588/342 449/589/342 443/590/342 444/587/342 441/586/342 442/591/342
f 425/592/343 426/593/343 427/594/343
f 426/593/232 431/579/232 455/578/232 452/595/232 430/596/232
f 432/597/344 433/564/344 434/571/344
f 425/598/345 438/599/345 466/600/345 462/601/345
f 436/568/346 446/573/346 443/590/346 449/589/346 451/602/346
f 429/603/347 436/604/347 435/605/347 430/596/347
f 425/598/348 427/606/348 428/607/348 447/608/348 448/588/348 442/591/348 438/599/348
f 429/569/349 453/609/349 454/610/349 457/611/349 458/612/349 432/570/349
f 459/565/350 433/564/350 432/597/350 458/613/350
f 427/594/232 426/593/232 430/596/232 435/605/232 428/614/232
f 441/586/351 439/563/351 438/615/351 442/616/351
f 465/617/352 466/618/352 438/615/352 439/563/352 440/567/352
f 445/572/353 444/587/353 443/590/353 446/573/353
f 451/619/354 450/620/354 435/605/354 436/604/354
f 449/621/355 450/620/355 451/619/355
f 449/621/356 448/622/356 447/623/356 450/620/356
f 450/620/357 447/623/357 428/614/357 435/605/357
f 454/624/358 455/578/358 456/577/358
f 454/624/359 453/625/359 452/595/359 455/578/359
f 429/603/360 430/596/360 452/595/360 453/625/360
f 459/565/361 460/626/361 461/566/361
f 457/627/362 460/626/362 459/565/362 458/613/362
f 437/580/363 460/585/363 457/611/363 454/610/363 456/628/363
f 462/629/364 463/575/364 464/574/364
f 465/582/365 463/581/365 462/601/365 466/600/365
f 431/579/366 426/593/366 425/592/366 462/629/366 464/574/366
f 482/630/367 494/631/367 484/632/367 483/633/367
f 472/634/368 468/635/368 474/636/368 477/637/368
f 481/638/369 479/639/369 487/640/369 488/641/369 482/642/369
f 476/643/191 480/644/191 479/645/191 478/646/191 475/647/191
f 481/638/370 473/648/370 478/649/370 479/639/370
f 467/650/371 468/651/371 469/652/371
f 471/653/372 472/654/372 473/655/372
f 481/656/373 482/630/373 483/633/373
f 491/657/374 493/658/374 495/659/374 485/660/374
f 468/651/375 472/654/375 471/653/375 469/652/375
f 467/661/376 475/662/376 474/636/376 468/635/376
f 475/647/377 478/646/377 477/663/377 474/664/377
f 472/634/378 477/637/378 478/649/378 473/648/378
f 485/660/379 495/659/379 497/665/379 489/666/379 486/667/379
f 479/645/380 480/644/380 489/668/380 487/669/380
f 494/670/381 482/642/381 488/641/381 496/671/381
f 473/655/382 481/656/382 483/633/382 471/653/382
f 490/672/383 492/673/383 467/650/383 469/652/383 470/674/383
f 467/661/384 492/675/384 491/657/384 485/660/384 486/667/384 476/676/384 475/662/384
f 470/674/181 469/652/181 471/653/181 483/633/181 484/632/181
f 497/665/385 496/671/385 488/641/385 487/640/385 489/666/385
f 480/644/386 476/643/386 486/677/386 489/668/386
f 490/678/387 491/657/387 492/675/387
f 495/659/388 496/671/388 497/665/388
f 493/658/389 491/657/389 490/678/389 494/670/389
f 494/670/390 496/671/390 495/659/390 493/658/390
f 494/631/391 490/672/391 470/674/391 484/632/391
f 503/679/392 510/680/392 507/681/392 506/682/392 516/683/392 517/684/392
f 504/685/393 505/686/393 515/687/393 513/688/393
f 509/689/394 500/690/394 514/691/394 515/692/394 505/693/394 508/694/394
f 504/685/191 506/695/191 507/696/191 508/697/191 505/686/191
f 509/698/395 510/699/395 511/700/395
f 503/701/396 499/702/396 498/703/396 502/704/396
f 500/690/397 501/705/397 498/706/397 499/707/397 512/708/397 514/691/397
f 499/707/398 503/679/398 517/684/398 512/708/398
f 509/689/399 508/694/399 507/681/399 510/680/399
f 510/699/400 503/701/400 502/704/400 511/700/400
f 500/709/401 509/698/401 511/700/401 501/710/401
f 511/700/181 502/704/181 498/703/181 501/710/181
f 514/691/402 512/708/402 513/711/402 515/692/402
f 512/708/403 517/684/403 516/683/403 513/711/403
f 506/695/404 504/685/404 513/688/404 516/712/404
f 547/713/405 548/714/405 543/715/405 544/716/405 535/717/405 534/718/405 538/719/405 540/720/405
f 519/721/406 522/722/406 525/723/406 523/724/406
f 518/725/407 524/726/407 527/727/407 520/728/407
f 531/729/408 533/730/408 528/731/408 526/732/408 527/733/408 524/734/408
f 521/735/409 519/721/409 518/725/409 520/728/409
f 519/721/410 523/724/410 524/726/410 518/725/410
f 545/736/411 542/737/411 543/715/411 548/714/411
f 520/728/412 527/727/412 526/738/412 521/735/412
f 540/720/413 539/739/413 529/740/413 546/741/413 547/713/413
f 532/742/414 531/729/414 524/734/414 523/743/414 525/744/414
f 538/719/415 534/718/415 530/745/415 537/746/415
f 530/747/416 531/729/416 532/742/416
f 533/730/417 534/748/417 535/717/417
f 533/730/418 531/729/418 530/747/418 534/748/418
f 519/721/419 521/735/419 529/740/419 539/739/419 536/749/419 522/722/419
f 538/719/420 539/739/420 540/720/420
f 538/719/421 537/746/421 536/749/421 539/739/421
f 536/749/422 537/746/422 530/745/422 532/750/422 525/723/422 522/722/422
f 543/715/423 542/737/423 541/751/423 544/716/423
f 544/716/424 541/752/424 528/731/424 533/730/424 535/717/424
f 545/736/425 548/714/425 547/713/425 546/741/425
f 545/736/426 546/741/426 529/740/426 521/735/426 526/738/426 528/753/426 541/751/426 542/737/426
f 552/754/427 575/755/427 576/756/427 572/757/427 551/758/427 549/759/427
f 553/760/428 556/761/428 565/762/428 566/763/428 559/764/428 570/765/428 571/766/428
f 574/767/429 561/768/429 560/769/429 577/770/429
f 569/771/430 568/772/430 558/773/430 563/774/430 564/775/430 552/754/430 549/759/430
f 558/776/431 568/777/431 570/778/431 559/779/431
f 555/780/432 562/781/432 561/782/432 556/761/432 553/760/432
f 560/783/433 562/781/433 555/780/433 554/784/433 557/785/433
f 551/786/434 554/787/434 555/788/434 550/789/434
f 566/790/435 563/791/435 558/776/435 559/779/435
f 567/792/436 550/789/436 555/788/436 553/793/436 571/794/436
f 560/783/437 561/782/437 562/781/437
f 552/754/438 564/775/438 565/795/438 556/796/438 561/768/438 574/767/438 575/755/438
f 565/795/435 564/775/435 563/791/435 566/790/435
f 551/786/439 572/797/439 573/798/439 557/799/439 554/787/439
f 567/792/440 568/772/440 569/771/440
f 567/792/441 571/794/441 570/778/441 568/777/441
f 550/789/442 567/792/442 569/771/442 549/759/442 551/758/442
f 576/756/443 575/755/443 574/800/443 577/801/443
f 572/757/444 576/756/444 577/801/444 573/802/444
f 577/770/445 560/769/445 557/799/445 573/798/445
f 581/803/446 604/804/446 605/805/446 601/806/446 580/807/446 578/808/446
f 582/809/447 585/810/447 594/811/447 595/812/447 588/813/447 599/814/447 600/815/447
f 603/816/448 590/817/448 589/818/448 606/819/448
f 598/820/449 597/821/449 587/822/449 592/823/449 593/824/449 581/803/449 578/808/449
f 587/825/450 597/826/450 599/827/450 588/828/450
f 584/829/451 591/830/451 590/831/451 585/810/451 582/809/451
f 589/832/452 591/830/452 584/829/452 583/833/452 586/834/452
f 580/835/453 583/836/453 584/837/453 579/838/453
f 595/839/454 592/840/454 587/825/454 588/828/454
f 596/841/455 579/838/455 584/837/455 582/809/455 600/815/455
f 589/832/456 590/831/456 591/830/456
f 581/803/457 593/824/457 594/811/457 585/810/457 590/817/457 603/816/457 604/804/457
f 594/811/454 593/824/454 592/840/454 595/839/454
f 580/835/458 601/842/458 602/843/458 586/844/458 583/836/458
f 596/845/459 597/821/459 598/820/459
f 596/841/460 600/815/460 599/827/460 597/826/460
f 579/846/461 596/845/461 598/820/461 578/808/461 580/807/461
f 605/805/462 604/804/462 603/847/462 606/848/462
f 601/806/463 605/805/463 606/848/463 602/849/463
f 606/819/464 589/818/464 586/844/464 602/843/464
f 636/850/465 637/851/465 632/852/465 633/853/465 624/854/465 623/855/465 627/856/465 629/857/465
f 608/858/466 611/859/466 614/860/466 612/861/466
f 607/862/467 613/863/467 616/864/467 609/865/467
f 620/866/468 622/867/468 617/868/468 615/869/468 616/870/468 613/871/468
f 610/872/469 608/858/469 607/862/469 609/865/469
f 608/858/470 612/861/470 613/863/470 607/862/470
f 634/873/471 631/874/471 632/852/471 637/851/471
f 609/865/472 616/864/472 615/875/472 610/872/472
f 629/857/473 628/876/473 618/877/473 635/878/473 636/850/473
f 621/879/474 620/866/474 613/871/474 612/880/474 614/881/474
f 627/856/475 623/855/475 619/882/475 626/883/475
f 619/884/476 620/866/476 621/879/476
f 622/867/477 623/885/477 624/854/477
f 622/867/478 620/866/478 619/884/478 623/885/478
f 608/858/479 610/872/479 618/877/479 628/876/479 625/886/479 611/859/479
f 627/856/480 628/876/480 629/857/480
f 627/856/481 626/883/481 625/886/481 628/876/481
f 625/886/482 626/883/482 619/882/482 621/887/482 614/860/482 611/859/482
f 632/888/483 631/889/483 630/890/483 633/853/483
f 633/853/484 630/890/484 617/868/484 622/867/484 624/854/484
f 634/873/485 637/851/485 636/850/485 635/878/485
f 634/873/486 635/878/486 618/877/486 610/872/486 615/875/486 617/891/486 630/892/486 631/874/486
f 641/893/487 648/894/487 647/895/487 644/896/487
f 638/897/488 640/898/488 645/899/488 642/900/488 643/901/488
f 652/902/489 650/903/489 651/904/489 646/905/489 663/906/489 662/907/489 665/908/489
f 642/909/490 646/905/490 651/904/490 671/910/490 657/911/490 643/912/490
f 640/913/491 638/914/491 639/915/491 641/916/491
f 651/904/492 650/903/492 668/917/492 669/918/492 670/919/492 671/920/492
f 670/919/493 669/918/493 654/921/493 656/922/493
f 645/923/494 649/924/494 661/925/494 663/906/494 646/905/494 642/909/494
f 641/893/495 644/896/495 645/899/495 640/898/495
f 655/926/496 638/897/496 643/901/496 657/927/496
f 653/928/497 664/929/497 666/930/497 648/894/497 641/916/497 639/915/497
f 659/931/191 661/925/191 649/924/191
f 665/908/498 662/907/498 658/932/498 667/933/498
f 666/930/499 667/933/499 658/932/499 660/934/499 647/895/499 648/894/499
f 660/935/500 659/931/500 649/924/500 645/923/500 644/936/500 647/937/500
f 658/938/501 659/931/501 660/935/501
f 661/925/502 662/939/502 663/906/502
f 655/926/503 657/927/503 656/922/503 654/921/503
f 658/938/504 662/939/504 661/925/504 659/931/504
f 666/930/505 664/929/505 665/940/505 667/941/505
f 664/929/506 653/928/506 652/902/506 665/940/506
f 657/927/507 671/920/507 670/919/507 656/922/507
f 668/942/508 655/943/508 654/944/508 669/945/508
f 638/914/509 655/943/509 668/942/509 650/903/509 652/902/509 653/928/509 639/915/509
f 708/946/510 673/947/511 675/948/512 709/949/513
f 709/949/513 675/948/512 677/950/514 710/951/515
f 710/951/515 677/950/514 679/952/516 711/953/517
f 711/953/517 679/952/516 681/954/518 712/955/519
f 712/955/519 681/954/518 683/956/520 713/957/521
f 713/957/521 683/956/520 685/958/522 714/959/523
f 714/959/523 685/958/522 687/960/524 715/961/525
f 715/961/525 687/960/524 689/962/526 716/963/527
f 716/963/527 689/962/526 691/964/528 717/965/529
f 717/965/529 691/964/528 693/966/530 718/967/531
f 743/968/532 733/969/533 757/970/534 767/971/535
f 718/967/531 693/966/530 695/972/536 719/973/537
f 719/973/537 695/972/536 673/947/511 708/946/510
f 672/974/538 674/975/538 676/976/538 678/977/538 680/978/538 682/979/538 684/980/538 686/981/538 688/982/538 690/983/538 692/984/538 694/985/538
f 730/986/539 707/987/540 696/988/541 731/989/542
f 729/990/543 706/991/544 707/987/540 730/986/539
f 728/992/545 705/993/546 706/991/544 729/990/543
f 727/994/547 704/995/548 705/993/546 728/992/545
f 726/996/549 703/997/550 704/995/548 727/994/547
f 725/998/551 702/999/552 703/997/550 726/996/549
f 724/1000/553 701/1001/554 702/999/552 725/998/551
f 723/1002/555 700/1003/556 701/1001/554 724/1000/553
f 722/1004/557 699/1005/558 700/1003/556 723/1002/555
f 721/1006/559 698/1007/560 699/1005/558 722/1004/557
f 720/1008/561 697/1009/562 698/1007/560 721/1006/559
f 731/989/542 696/988/541 697/1009/562 720/1008/561
f 707/987/540 719/973/537 708/946/510 696/988/541
f 706/991/544 718/967/531 719/973/537 707/987/540
f 705/993/546 717/965/529 718/967/531 706/991/544
f 704/995/548 716/963/527 717/965/529 705/993/546
f 703/997/550 715/961/525 716/963/527 704/995/548
f 702/999/552 714/959/523 715/961/525 703/997/550
f 701/1001/554 713/957/521 714/959/523 702/999/552
f 700/1003/556 712/955/519 713/957/521 701/1001/554
f 699/1005/558 711/953/517 712/955/519 700/1003/556
f 698/1007/560 710/951/515 711/953/517 699/1005/558
f 697/1009/562 709/949/513 710/951/515 698/1007/560
f 696/988/541 708/946/510 709/949/513 697/1009/562
f 672/1010/563 731/989/542 720/1008/561 674/1011/564
f 674/1011/564 720/1008/561 721/1006/559 676/1012/565
f 676/1012/565 721/1006/559 722/1004/557 678/1013/566
f 678/1013/566 722/1004/557 723/1002/555 680/1014/567
f 680/1014/567 723/1002/555 724/1000/553 682/1015/568
f 682/1015/568 724/1000/553 725/998/551 684/1016/569
f 684/1016/569 725/998/551 726/996/549 686/1017/570
f 686/1017/570 726/996/549 727/994/547 688/1018/571
f 688/1018/571 727/994/547 728/992/545 690/1019/572
f 690/1019/572 728/992/545 729/990/543 692/1020/573
f 692/1020/573 729/990/543 730/986/539 694/1021/574
f 694/1021/574 730/986/539 731/989/542 672/1010/563
f 732/1022/575 733/969/533 743/968/532 742/1023/576 741/1024/577 740/1025/578 739/1026/579 738/1027/580 737/1028/581 736/1029/582 735/1030/583 734/1031/584
f 735/1030/583 736/1029/582 760/1032/585 759/1033/586
f 742/1023/576 743/968/532 767/971/535 766/1034/587
f 825/1035/588 820/1036/589 753/1037/590 754/1038/591
f 824/1039/592 819/1040/593 748/1041/594 749/1042/595
f 734/1031/584 735/1030/583 759/1033/586 758/1043/596
f 741/1024/577 742/1023/576 766/1034/587 765/1044/597
f 821/1045/598 816/1046/599 755/1047/600 745/1048/601
f 732/1022/575 734/1031/584 758/1043/596 756/1049/602
f 822/1050/603 817/1051/604 750/1052/605 751/1053/606
f 823/1054/607 818/1055/608 744/1056/609 746/1057/610
f 740/1025/578 741/1024/577 765/1044/597 764/1058/611
f 801/1059/612 792/1060/613 764/1061/611 765/1062/597
f 792/1060/613 793/1063/614 763/1064/615 764/1061/611
f 793/1063/614 794/1065/616 762/1066/617 763/1064/615
f 794/1065/616 795/1067/618 761/1068/619 762/1066/617
f 795/1067/618 796/1069/620 760/1070/585 761/1068/619
f 796/1069/620 797/1071/621 759/1072/586 760/1070/585
f 802/1073/622 798/1074/623 767/1075/535 757/1076/534
f 803/1077/624 802/1073/622 757/1076/534 756/1078/602
f 797/1071/621 799/1079/625 758/1080/596 759/1072/586
f 798/1074/623 800/1081/626 766/1082/587 767/1075/535
f 799/1079/625 803/1077/624 756/1078/602 758/1080/596
f 800/1081/626 801/1059/612 765/1062/597 766/1082/587
f 826/1083/627 823/1054/607 746/1057/610 747/1084/628
f 827/1085/629 822/1050/603 751/1053/606 752/1086/630
f 736/1029/582 737/1028/581 761/1087/619 760/1032/585
f 818/1055/608 821/1045/598 745/1048/601 744/1056/609
f 737/1028/581 738/1027/580 762/1088/617 761/1087/619
f 817/1051/604 824/1039/592 749/1042/595 750/1052/605
f 816/1046/599 825/1035/588 754/1038/591 755/1047/600
f 738/1027/580 739/1026/579 763/1089/615 762/1088/617
f 819/1040/593 826/1083/627 747/1084/628 748/1041/594
f 820/1036/589 827/1085/629 752/1086/630 753/1037/590
f 739/1026/579 740/1025/578 764/1058/611 763/1089/615
f 733/969/533 732/1022/575 756/1049/602 757/970/534
f 791/1090/631 780/1091/632 769/1092/633 779/1093/634
f 790/1094/635 782/1095/636 777/1096/637 778/1097/638
f 789/1098/639 791/1090/631 779/1093/634 775/1099/640
f 788/1100/641 790/1094/635 778/1097/638 774/1101/642
f 782/1095/636 781/1102/643 776/1103/644 777/1096/637
f 781/1102/643 789/1098/639 775/1099/640 776/1103/644
f 787/1104/645 788/1100/641 774/1101/642 773/1105/646
f 786/1106/647 787/1104/645 773/1105/646 772/1107/648
f 785/1108/649 786/1106/647 772/1107/648 771/1109/650
f 784/1110/651 785/1108/649 771/1109/650 770/1111/652
f 783/1112/653 784/1110/651 770/1111/652 768/1113/654
f 780/1091/632 783/1112/653 768/1113/654 769/1092/633
f 753/1037/590 752/1086/630 783/1112/653 780/1091/632
f 752/1086/630 751/1053/606 784/1110/651 783/1112/653
f 751/1053/606 750/1052/605 785/1108/649 784/1110/651
f 750/1052/605 749/1042/595 786/1106/647 785/1108/649
f 749/1042/595 748/1041/594 787/1104/645 786/1106/647
f 748/1041/594 747/1084/628 788/1100/641 787/1104/645
f 745/1048/601 755/1047/600 789/1098/639 781/1102/643
f 744/1056/609 745/1048/601 781/1102/643 782/1095/636
f 747/1084/628 746/1057/610 790/1094/635 788/1100/641
f 755/1047/600 754/1038/591 791/1090/631 789/1098/639
f 746/1057/610 744/1056/609 782/1095/636 790/1094/635
f 754/1038/591 753/1037/590 780/1091/632 791/1090/631
f 779/1093/634 769/1092/633 801/1059/612 800/1081/626
f 778/1097/638 777/1096/637 803/1077/624 799/1079/625
f 775/1099/640 779/1093/634 800/1081/626 798/1074/623
f 774/1101/642 778/1097/638 799/1079/625 797/1071/621
f 777/1096/637 776/1103/644 802/1073/622 803/1077/624
f 776/1103/644 775/1099/640 798/1074/623 802/1073/622
f 773/1105/646 774/1101/642 797/1071/621 796/1069/620
f 772/1107/648 773/1105/646 796/1069/620 795/1067/618
f 771/1109/650 772/1107/648 795/1067/618 794/1065/616
f 770/1111/652 771/1109/650 794/1065/616 793/1063/614
f 768/1113/654 770/1111/652 793/1063/614 792/1060/613
f 769/1092/633 768/1113/654 792/1060/613 801/1059/612
f 839/1114/655 834/1115/656 815/1116/657 812/1117/658
f 838/1118/659 833/1119/660 814/1120/661 810/1121/662
f 835/1122/663 832/1123/664 813/1124/665 805/1125/666
f 836/1126/667 831/1127/668 811/1128/669 807/1129/670
f 837/1130/671 828/1131/672 804/1132/673 809/1133/674
f 834/1115/656 829/1134/675 806/1135/676 815/1116/657
f 833/1119/660 830/1136/677 808/1137/678 814/1120/661
f 830/1136/677 837/1130/671 809/1133/674 808/1137/678
f 829/1134/675 836/1126/667 807/1129/670 806/1135/676
f 828/1131/672 835/1122/663 805/1125/666 804/1132/673
f 831/1127/668 838/1118/659 810/1121/662 811/1128/669
f 832/1123/664 839/1114/655 812/1117/658 813/1124/665
f 812/1117/658 815/1116/657 827/1085/679 820/1036/680
f 810/1121/662 814/1120/661 826/1083/681 819/1040/682
f 805/1125/666 813/1124/665 825/1035/683 816/1046/684
f 807/1129/670 811/1128/669 824/1039/685 817/1051/686
f 809/1133/674 804/1132/673 821/1045/687 818/1055/688
f 815/1116/657 806/1135/676 822/1050/689 827/1085/679
f 814/1120/661 808/1137/678 823/1054/690 826/1083/681
f 808/1137/678 809/1133/674 818/1055/688 823/1054/690
f 806/1135/676 807/1129/670 817/1051/686 822/1050/689
f 804/1132/673 805/1125/666 816/1046/684 821/1045/687
f 811/1128/669 810/1121/662 819/1040/682 824/1039/685
f 813/1124/665 812/1117/658 820/1036/680 825/1035/683
f 693/966/691 691/964/692 839/1114/655 832/1123/664
f 683/956/693 681/954/694 838/1118/659 831/1127/668
f 673/947/695 695/972/696 835/1122/663 828/1131/672
f 687/960/697 685/958/698 836/1126/667 829/1134/675
f 677/950/699 675/948/700 837/1130/671 830/1136/677
f 679/952/701 677/950/699 830/1136/677 833/1119/660
f 689/962/702 687/960/697 829/1134/675 834/1115/656
f 675/948/700 673/947/695 828/1131/672 837/1130/671
f 685/958/698 683/956/693 831/1127/668 836/1126/667
f 695/972/696 693/966/691 832/1123/664 835/1122/663
f 681/954/694 679/952/701 833/1119/660 838/1118/659
f 691/964/692 689/962/702 834/1115/656 839/1114/655
f 876/1138/510 841/1139/511 843/1140/512 877/1141/513
f 877/1141/513 843/1140/512 845/1142/514 878/1143/515
f 878/1143/515 845/1142/514 847/1144/516 879/1145/517
f 879/1145/517 847/1144/516 849/1146/518 880/1147/519
f 880/1147/519 849/1146/518 851/1148/520 881/1149/521
f 881/1149/521 851/1148/520 853/1150/522 882/1151/523
f 882/1151/523 853/1150/522 855/1152/524 883/1153/525
f 883/1153/525 855/1152/524 857/1154/526 884/1155/703
f 884/1155/703 857/1154/526 859/1156/528 885/1157/529
f 885/1157/529 859/1156/528 861/1158/530 886/1159/531
f 911/1160/532 901/1161/533 925/1162/534 935/1163/535
f 886/1159/531 861/1158/530 863/1164/536 887/1165/537
f 887/1165/537 863/1164/536 841/1139/511 876/1138/510
f 840/1166/538 842/1167/538 844/1168/538 846/1169/538 848/1170/538 850/1171/538 852/1172/538 854/1173/538 856/1174/538 858/1175/538 860/1176/538 862/1177/538
f 898/1178/539 875/1179/540 864/1180/541 899/1181/542
f 897/1182/543 874/1183/544 875/1179/540 898/1178/539
f 896/1184/545 873/1185/546 874/1183/544 897/1182/543
f 895/1186/547 872/1187/704 873/1185/546 896/1184/545
f 894/1188/549 871/1189/550 872/1187/704 895/1186/547
f 893/1190/551 870/1191/552 871/1189/550 894/1188/549
f 892/1192/553 869/1193/554 870/1191/552 893/1190/551
f 891/1194/555 868/1195/556 869/1193/554 892/1192/553
f 890/1196/557 867/1197/558 868/1195/556 891/1194/555
f 889/1198/559 866/1199/560 867/1197/558 890/1196/557
f 888/1200/561 865/1201/562 866/1199/560 889/1198/559
f 899/1181/542 864/1180/541 865/1201/562 888/1200/561
f 875/1179/540 887/1165/537 876/1138/510 864/1180/541
f 874/1183/544 886/1159/531 887/1165/537 875/1179/540
f 873/1185/546 885/1157/529 886/1159/531 874/1183/544
f 872/1187/704 884/1155/703 885/1157/529 873/1185/546
f 871/1189/550 883/1153/525 884/1155/703 872/1187/704
f 870/1191/552 882/1151/523 883/1153/525 871/1189/550
f 869/1193/554 881/1149/521 882/1151/523 870/1191/552
f 868/1195/556 880/1147/519 881/1149/521 869/1193/554
f 867/1197/558 879/1145/517 880/1147/519 868/1195/556
f 866/1199/560 878/1143/515 879/1145/517 867/1197/558
f 865/1201/562 877/1141/513 878/1143/515 866/1199/560
f 864/1180/541 876/1138/510 877/1141/513 865/1201/562
f 840/1202/563 899/1181/542 888/1200/561 842/1203/564
f 842/1203/564 888/1200/561 889/1198/559 844/1204/565
f 844/1204/565 889/1198/559 890/1196/557 846/1205/566
f 846/1205/566 890/1196/557 891/1194/555 848/1206/567
f 848/1206/567 891/1194/555 892/1192/553 850/1207/705
f 850/1207/705 892/1192/553 893/1190/551 852/1208/569
f 852/1208/569 893/1190/551 894/1188/549 854/1209/570
f 854/1209/570 894/1188/549 895/1186/547 856/1210/571
f 856/1210/571 895/1186/547 896/1184/545 858/1211/572
f 858/1211/572 896/1184/545 897/1182/543 860/1212/573
f 860/1212/573 897/1182/543 898/1178/539 862/1213/574
f 862/1213/574 898/1178/539 899/1181/542 840/1202/563
f 900/1214/575 901/1161/533 911/1160/532 910/1215/576 909/1216/577 908/1217/578 907/1218/706 906/1219/580 905/1220/581 904/1221/582 903/1222/583 902/1223/584
f 903/1222/583 904/1221/582 928/1224/585 927/1225/586
f 910/1215/576 911/1160/532 935/1163/535 934/1226/587
f 993/1227/588 988/1228/589 921/1229/590 922/1230/591
f 992/1231/592 987/1232/593 916/1233/594 917/1234/595
f 902/1223/584 903/1222/583 927/1225/586 926/1235/596
f 909/1216/577 910/1215/576 934/1226/587 933/1236/597
f 989/1237/598 984/1238/599 923/1239/600 913/1240/601
f 900/1214/575 902/1223/584 926/1235/596 924/1241/602
f 990/1242/603 985/1243/604 918/1244/605 919/1245/606
f 991/1246/707 986/1247/608 912/1248/609 914/1249/610
f 908/1217/578 909/1216/577 933/1236/597 932/1250/611
f 969/1251/708 960/1252/613 932/1253/611 933/1254/597
f 960/1252/613 961/1255/614 931/1256/615 932/1253/611
f 961/1255/614 962/1257/709 930/1258/617 931/1256/615
f 962/1257/709 963/1259/618 929/1260/619 930/1258/617
f 963/1259/618 964/1261/620 928/1262/585 929/1260/619
f 964/1261/620 965/1263/621 927/1264/586 928/1262/585
f 970/1265/710 966/1266/623 935/1267/535 925/1268/534
f 971/1269/624 970/1265/710 925/1268/534 924/1270/602
f 965/1263/621 967/1271/625 926/1272/596 927/1264/586
f 966/1266/623 968/1273/626 934/1274/587 935/1267/535
f 967/1271/625 971/1269/624 924/1270/602 926/1272/596
f 968/1273/626 969/1251/708 933/1254/597 934/1274/587
f 994/1275/711 991/1246/707 914/1249/610 915/1276/628
f 995/1277/629 990/1242/603 919/1245/606 920/1278/630
f 904/1221/582 905/1220/581 929/1279/619 928/1224/585
f 986/1247/608 989/1237/598 913/1240/601 912/1248/609
f 905/1220/581 906/1219/580 930/1280/617 929/1279/619
f 985/1243/604 992/1231/592 917/1234/595 918/1244/605
f 984/1238/599 993/1227/588 922/1230/591 923/1239/600
f 906/1219/580 907/1218/706 931/1281/615 930/1280/617
f 987/1232/593 994/1275/711 915/1276/628 916/1233/594
f 988/1228/589 995/1277/629 920/1278/630 921/1229/590
f 907/1218/706 908/1217/578 932/1250/611 931/1281/615
f 901/1161/533 900/1214/575 924/1241/602 925/1162/534
f 959/1282/631 948/1283/632 937/1284/633 947/1285/634
f 958/1286/712 950/1287/636 945/1288/637 946/1289/638
f 957/1290/639 959/1282/631 947/1285/634 943/1291/640
f 956/1292/641 958/1286/712 946/1289/638 942/1293/642
f 950/1287/636 949/1294/643 944/1295/644 945/1288/637
f 949/1294/643 957/1290/639 943/1291/640 944/1295/644
f 955/1296/645 956/1292/641 942/1293/642 941/1297/646
f 954/1298/647 955/1296/645 941/1297/646 940/1299/648
f 953/1300/649 954/1298/647 940/1299/648 939/1301/650
f 952/1302/651 953/1300/649 939/1301/650 938/1303/713
f 951/1304/653 952/1302/651 938/1303/713 936/1305/654
f 948/1283/632 951/1304/653 936/1305/654 937/1284/633
f 921/1229/590 920/1278/630 951/1304/653 948/1283/632
f 920/1278/630 919/1245/606 952/1302/651 951/1304/653
f 919/1245/606 918/1244/605 953/1300/649 952/1302/651
f 918/1244/605 917/1234/595 954/1298/647 953/1300/649
f 917/1234/595 916/1233/594 955/1296/645 954/1298/647
f 916/1233/594 915/1276/628 956/1292/641 955/1296/645
f 913/1240/601 923/1239/600 957/1290/639 949/1294/643
f 912/1248/609 913/1240/601 949/1294/643 950/1287/636
f 915/1276/628 914/1249/610 958/1286/712 956/1292/641
f 923/1239/600 922/1230/591 959/1282/631 957/1290/639
f 914/1249/610 912/1248/609 950/1287/636 958/1286/712
f 922/1230/591 921/1229/590 948/1283/632 959/1282/631
f 947/1285/634 937/1284/633 969/1251/708 968/1273/626
f 946/1289/638 945/1288/637 971/1269/624 967/1271/625
f 943/1291/640 947/1285/634 968/1273/626 966/1266/623
f 942/1293/642 946/1289/638 967/1271/625 965/1263/621
f 945/1288/637 944/1295/644 970/1265/710 971/1269/624
f 944/1295/644 943/1291/640 966/1266/623 970/1265/710
f 941/1297/646 942/1293/642 965/1263/621 964/1261/620
f 940/1299/648 941/1297/646 964/1261/620 963/1259/618
f 939/1301/650 940/1299/648 963/1259/618 962/1257/709
f 938/1303/713 939/1301/650 962/1257/709 961/1255/614
f 936/1305/654 938/1303/713 961/1255/614 960/1252/613
f 937/1284/633 936/1305/654 960/1252/613 969/1251/708
f 1007/1306/655 1002/1307/656 983/1308/657 980/1309/658
f 1006/1310/659 1001/1311/660 982/1312/661 978/1313/662
f 1003/1314/663 1000/1315/664 981/1316/665 973/1317/666
f 1004/1318/667 999/1319/668 979/1320/669 975/1321/670
f 1005/1322/671 996/1323/672 972/1324/673 977/1325/674
f 1002/1307/656 997/1326/675 974/1327/676 983/1308/657
f 1001/1311/660 998/1328/677 976/1329/678 982/1312/661
f 998/1328/677 1005/1322/671 977/1325/674 976/1329/678
f 997/1326/675 1004/1318/667 975/1321/670 974/1327/676
f 996/1323/672 1003/1314/663 973/1317/666 972/1324/673
f 999/1319/668 1006/1310/659 978/1313/662 979/1320/669
f 1000/1315/664 1007/1306/655 980/1309/658 981/1316/665
f 980/1309/658 983/1308/657 995/1277/679 988/1228/680
f 978/1313/662 982/1312/661 994/1275/681 987/1232/682
f 973/1317/666 981/1316/665 993/1227/683 984/1238/684
f 975/1321/670 979/1320/669 992/1231/685 985/1243/686
f 977/1325/674 972/1324/673 989/1237/687 986/1247/688
f 983/1308/657 974/1327/676 990/1242/689 995/1277/679
f 982/1312/661 976/1329/678 991/1246/714 994/1275/681
f 976/1329/678 977/1325/674 986/1247/688 991/1246/714
f 974/1327/676 975/1321/670 985/1243/686 990/1242/689
f 972/1324/673 973/1317/666 984/1238/684 989/1237/687
f 979/1320/669 978/1313/662 987/1232/682 992/1231/685
f 981/1316/665 980/1309/658 988/1228/680 993/1227/683
f 861/1158/691 859/1156/692 1007/1306/655 1000/1315/664
f 851/1148/693 849/1146/694 1006/1310/659 999/1319/668
f 841/1139/695 863/1164/696 1003/1314/663 996/1323/672
f 855/1152/697 853/1150/698 1004/1318/667 997/1326/675
f 845/1142/699 843/1140/700 1005/1322/671 998/1328/677
f 847/1144/701 845/1142/699 998/1328/677 1001/1311/660
f 857/1154/702 855/1152/697 997/1326/675 1002/1307/656
f 843/1140/700 841/1139/695 996/1323/672 1005/1322/671
f 853/1150/698 851/1148/693 999/1319/668 1004/1318/667
f 863/1164/696 861/1158/691 1000/1315/664 1003/1314/663
f 849/1146/694 847/1144/701 1001/1311/660 1006/1310/659
f 859/1156/692 857/1154/702 1002/1307/656 1007/1306/655
f 1044/1330/715 1009/1331/716 1011/1332/717 1045/1333/718
f 1045/1333/718 1011/1332/717 1013/1334/719 1046/1335/720
f 1046/1335/720 1013/1334/719 1015/1336/721 1047/1337/722
f 1047/1337/722 1015/1336/721 1017/1338/723 1048/1339/724
f 1048/1339/724 1017/1338/723 1019/1340/725 1049/1341/726
f 1049/1341/726 1019/1340/725 1021/1342/727 1050/1343/728
f 1050/1343/728 1021/1342/727 1023/1344/729 1051/1345/730
f 1051/1345/730 1023/1344/729 1025/1346/731 1052/1347/732
f 1052/1347/732 1025/1346/731 1027/1348/733 1053/1349/734
f 1053/1349/734 1027/1348/733 1029/1350/735 1054/1351/736
f 1079/1352/737 1069/1353/738 1093/1354/739 1103/1355/740
f 1054/1351/736 1029/1350/735 1031/1356/741 1055/1357/742
f 1055/1357/742 1031/1356/741 1009/1331/716 1044/1330/715
f 1008/1358/743 1010/1359/743 1012/1360/743 1014/1361/743 1016/1362/743 1018/1363/743 1020/1364/743 1022/1365/743 1024/1366/743 1026/1367/743 1028/1368/743 1030/1369/743
f 1066/1370/744 1043/1371/745 1032/1372/746 1067/1373/747
f 1065/1374/748 1042/1375/749 1043/1371/745 1066/1370/744
f 1064/1376/750 1041/1377/751 1042/1375/749 1065/1374/748
f 1063/1378/752 1040/1379/753 1041/1377/751 1064/1376/750
f 1062/1380/754 1039/1381/755 1040/1379/753 1063/1378/752
f 1061/1382/756 1038/1383/757 1039/1381/755 1062/1380/754
f 1060/1384/758 1037/1385/759 1038/1383/757 1061/1382/756
f 1059/1386/760 1036/1387/761 1037/1385/759 1060/1384/758
f 1058/1388/762 1035/1389/763 1036/1387/761 1059/1386/760
f 1057/1390/764 1034/1391/765 1035/1389/763 1058/1388/762
f 1056/1392/766 1033/1393/767 1034/1391/765 1057/1390/764
f 1067/1373/747 1032/1372/746 1033/1393/767 1056/1392/766
f 1043/1371/745 1055/1357/742 1044/1330/715 1032/1372/746
f 1042/1375/749 1054/1351/736 1055/1357/742 1043/1371/745
f 1041/1377/751 1053/1349/734 1054/1351/736 1042/1375/749
f 1040/1379/753 1052/1347/732 1053/1349/734 1041/1377/751
f 1039/1381/755 1051/1345/730 1052/1347/732 1040/1379/753
f 1038/1383/757 1050/1343/728 1051/1345/730 1039/1381/755
f 1037/1385/759 1049/1341/726 1050/1343/728 1038/1383/757
f 1036/1387/761 1048/1339/724 1049/1341/726 1037/1385/759
f 1035/1389/763 1047/1337/722 1048/1339/724 1036/1387/761
f 1034/1391/765 1046/1335/720 1047/1337/722 1035/1389/763
f 1033/1393/767 1045/1333/718 1046/1335/720 1034/1391/765
f 1032/1372/746 1044/1330/715 1045/1333/718 1033/1393/767
f 1008/1394/768 1067/1373/747 1056/1392/766 1010/1395/769
f 1010/1395/769 1056/1392/766 1057/1390/764 1012/1396/770
f 1012/1396/770 1057/1390/764 1058/1388/762 1014/1397/771
f 1014/1397/771 1058/1388/762 1059/1386/760 1016/1398/772
f 1016/1398/772 1059/1386/760 1060/1384/758 1018/1399/773
f 1018/1399/773 1060/1384/758 1061/1382/756 1020/1400/774
f 1020/1400/774 1061/1382/756 1062/1380/754 1022/1401/775
f 1022/1401/775 1062/1380/754 1063/1378/752 1024/1402/776
f 1024/1402/776 1063/1378/752 1064/1376/750 1026/1403/777
f 1026/1403/777 1064/1376/750 1065/1374/748 1028/1404/778
f 1028/1404/778 1065/1374/748 1066/1370/744 1030/1405/779
f 1030/1405/779 1066/1370/744 1067/1373/747 1008/1394/768
f 1068/1406/780 1069/1353/738 1079/1352/737 1078/1407/781 1077/1408/782 1076/1409/783 1075/1410/784 1074/1411/785 1073/1412/786 1072/1413/787 1071/1414/788 1070/1415/789
f 1071/1414/788 1072/1413/787 1096/1416/790 1095/1417/791
f 1078/1407/781 1079/1352/737 1103/1355/740 1102/1418/792
f 1161/1419/793 1156/1420/794 1089/1421/795 1090/1422/796
f 1160/1423/797 1155/1424/798 1084/1425/799 1085/1426/800
f 1070/1415/789 1071/1414/788 1095/1417/791 1094/1427/801
f 1077/1408/782 1078/1407/781 1102/1418/792 1101/1428/802
f 1157/1429/803 1152/1430/804 1091/1431/805 1081/1432/806
f 1068/1406/780 1070/1415/789 1094/1427/801 1092/1433/807
f 1158/1434/808 1153/1435/809 1086/1436/810 1087/1437/811
f 1159/1438/812 1154/1439/813 1080/1440/814 1082/1441/815
f 1076/1409/783 1077/1408/782 1101/1428/802 1100/1442/816
f 1137/1443/817 1128/1444/818 1100/1445/816 1101/1446/802
f 1128/1444/818 1129/1447/819 1099/1448/820 1100/1445/816
f 1129/1447/819 1130/1449/821 1098/1450/822 1099/1448/820
f 1130/1449/821 1131/1451/823 1097/1452/824 1098/1450/822
f 1131/1451/823 1132/1453/825 1096/1454/790 1097/1452/824
f 1132/1453/825 1133/1455/826 1095/1456/791 1096/1454/790
f 1138/1457/827 1134/1458/828 1103/1459/740 1093/1460/739
f 1139/1461/829 1138/1457/827 1093/1460/739 1092/1462/807
f 1133/1455/826 1135/1463/830 1094/1464/801 1095/1456/791
f 1134/1458/828 1136/1465/831 1102/1466/792 1103/1459/740
f 1135/1463/830 1139/1461/829 1092/1462/807 1094/1464/801
f 1136/1465/831 1137/1443/817 1101/1446/802 1102/1466/792
f 1162/1467/832 1159/1438/812 1082/1441/815 1083/1468/833
f 1163/1469/834 1158/1434/808 1087/1437/811 1088/1470/835
f 1072/1413/787 1073/1412/786 1097/1471/824 1096/1416/790
f 1154/1439/813 1157/1429/803 1081/1432/806 1080/1440/814
f 1073/1412/786 1074/1411/785 1098/1472/822 1097/1471/824
f 1153/1435/809 1160/1423/797 1085/1426/800 1086/1436/810
f 1152/1430/804 1161/1419/793 1090/1422/796 1091/1431/805
f 1074/1411/785 1075/1410/784 1099/1473/820 1098/1472/822
f 1155/1424/798 1162/1467/832 1083/1468/833 1084/1425/799
f 1156/1420/794 1163/1469/834 1088/1470/835 1089/1421/795
f 1075/1410/784 1076/1409/783 1100/1442/816 1099/1473/820
f 1069/1353/738 1068/1406/780 1092/1433/807 1093/1354/739
f 1127/1474/836 1116/1475/837 1105/1476/838 1115/1477/839
f 1126/1478/840 1118/1479/841 1113/1480/842 1114/1481/843
f 1125/1482/844 1127/1474/836 1115/1477/839 1111/1483/845
f 1124/1484/846 1126/1478/840 1114/1481/843 1110/1485/847
f 1118/1479/841 1117/1486/848 1112/1487/849 1113/1480/842
f 1117/1486/848 1125/1482/844 1111/1483/845 1112/1487/849
f 1123/1488/850 1124/1484/846 1110/1485/847 1109/1489/851
f 1122/1490/852 1123/1488/850 1109/1489/851 1108/1491/853
f 1121/1492/854 1122/1490/852 1108/1491/853 1107/1493/855
f 1120/1494/856 1121/1492/854 1107/1493/855 1106/1495/857
f 1119/1496/858 1120/1494/856 1106/1495/857 1104/1497/859
f 1116/1475/837 1119/1496/858 1104/1497/859 1105/1476/838
f 1089/1421/795 1088/1470/835 1119/1496/858 1116/1475/837
f 1088/1470/835 1087/1437/811 1120/1494/856 1119/1496/858
f 1087/1437/811 1086/1436/810 1121/1492/854 1120/1494/856
f 1086/1436/810 1085/1426/800 1122/1490/852 1121/1492/854
f 1085/1426/800 1084/1425/799 1123/1488/850 1122/1490/852
f 1084/1425/799 1083/1468/833 1124/1484/846 1123/1488/850
f 1081/1432/806 1091/1431/805 1125/1482/844 1117/1486/848
f 1080/1440/814 1081/1432/806 1117/1486/848 1118/1479/841
f 1083/1468/833 1082/1441/815 1126/1478/840 1124/1484/846
f 1091/1431/805 1090/1422/796 1127/1474/836 1125/1482/844
f 1082/1441/815 1080/1440/814 1118/1479/841 1126/1478/840
f 1090/1422/796 1089/1421/795 1116/1475/837 1127/1474/836
f 1115/1477/839 1105/1476/838 1137/1443/817 1136/1465/831
f 1114/1481/843 1113/1480/842 1139/1461/829 1135/1463/830
f 1111/1483/845 1115/1477/839 1136/1465/831 1134/1458/828
f 1110/1485/847 1114/1481/843 1135/1463/830 1133/1455/826
f 1113/1480/842 1112/1487/849 1138/1457/827 1139/1461/829
f 1112/1487/849 1111/1483/845 1134/1458/828 1138/1457/827
f 1109/1489/851 1110/1485/847 1133/1455/826 1132/1453/825
f 1108/1491/853 1109/1489/851 1132/1453/825 1131/1451/823
f 1107/1493/855 1108/1491/853 1131/1451/823 1130/1449/821
f 1106/1495/857 1107/1493/855 1130/1449/821 1129/1447/819
f 1104/1497/859 1106/1495/857 1129/1447/819 1128/1444/818
f 1105/1476/838 1104/1497/859 1128/1444/818 1137/1443/817
f 1175/1498/860 1170/1499/861 1151/1500/862 1148/1501/863
f 1174/1502/864 1169/1503/865 1150/1504/866 1146/1505/867
f 1171/1506/868 1168/1507/869 1149/1508/870 1141/1509/871
f 1172/1510/872 1167/1511/873 1147/1512/874 1143/1513/875
f 1173/1514/876 1164/1515/877 1140/1516/878 1145/1517/879
f 1170/1499/861 1165/1518/880 1142/1519/881 1151/1500/862
f 1169/1503/865 1166/1520/882 1144/1521/883 1150/1504/866
f 1166/1520/882 1173/1514/876 1145/1517/879 1144/1521/883
f 1165/1518/880 1172/1510/872 1143/1513/875 1142/1519/881
f 1164/1515/877 1171/1506/868 1141/1509/871 1140/1516/878
f 1167/1511/873 1174/1502/864 1146/1505/867 1147/1512/874
f 1168/1507/869 1175/1498/860 1148/1501/863 1149/1508/870
f 1148/1501/863 1151/1500/862 1163/1469/884 1156/1420/885
f 1146/1505/867 1150/1504/866 1162/1467/886 1155/1424/887
f 1141/1509/871 1149/1508/870 1161/1419/888 1152/1430/889
f 1143/1513/875 1147/1512/874 1160/1423/890 1153/1435/891
f 1145/1517/879 1140/1516/878 1157/1429/892 1154/1439/893
f 1151/1500/862 1142/1519/881 1158/1434/894 1163/1469/884
f 1150/1504/866 1144/1521/883 1159/1438/895 1162/1467/886
f 1144/1521/883 1145/1517/879 1154/1439/893 1159/1438/895
f 1142/1519/881 1143/1513/875 1153/1435/891 1158/1434/894
f 1140/1516/878 1141/1509/871 1152/1430/889 1157/1429/892
f 1147/1512/874 1146/1505/867 1155/1424/887 1160/1423/890
f 1149/1508/870 1148/1501/863 1156/1420/885 1161/1419/888
f 1029/1350/896 1027/1348/897 1175/1498/860 1168/1507/869
f 1019/1340/898 1017/1338/899 1174/1502/864 1167/1511/873
f 1009/1331/900 1031/1356/901 1171/1506/868 1164/1515/877
f 1023/1344/902 1021/1342/903 1172/1510/872 1165/1518/880
f 1013/1334/904 1011/1332/905 1173/1514/876 1166/1520/882
f 1015/1336/906 1013/1334/904 1166/1520/882 1169/1503/865
f 1025/1346/907 1023/1344/902 1165/1518/880 1170/1499/861
f 1011/1332/905 1009/1331/900 1164/1515/877 1173/1514/876
f 1021/1342/903 1019/1340/898 1167/1511/873 1172/1510/872
f 1031/1356/901 1029/1350/896 1168/1507/869 1171/1506/868
f 1017/1338/899 1015/1336/906 1169/1503/865 1174/1502/864
f 1027/1348/897 1025/1346/907 1170/1499/861 1175/1498/860
f 1212/1522/908 1177/1523/909 1179/1524/910 1213/1525/911
f 1213/1525/911 1179/1524/910 1181/1526/912 1214/1527/913
f 1214/1527/913 1181/1526/912 1183/1528/914 1215/1529/915
f 1215/1529/915 1183/1528/914 1185/1530/916 1216/1531/917
f 1216/1531/917 1185/1530/916 1187/1532/918 1217/1533/919
f 1217/1533/919 1187/1532/918 1189/1534/920 1218/1535/921
f 1218/1535/921 1189/1534/920 1191/1536/922 1219/1537/923
f 1219/1537/923 1191/1536/922 1193/1538/924 1220/1539/925
f 1220/1539/925 1193/1538/924 1195/1540/926 1221/1541/927
f 1221/1541/927 1195/1540/926 1197/1542/928 1222/1543/929
f 1247/1544/930 1237/1545/931 1261/1546/932 1271/1547/933
f 1222/1543/929 1197/1542/928 1199/1548/934 1223/1549/935
f 1223/1549/935 1199/1548/934 1177/1523/909 1212/1522/908
f 1176/1550/936 1178/1551/936 1180/1552/936 1182/1553/936 1184/1554/936 1186/1555/936 1188/1556/936 1190/1557/936 1192/1558/936 1194/1559/936 1196/1560/936 1198/1561/936
f 1234/1562/937 1211/1563/938 1200/1564/939 1235/1565/940
f 1233/1566/941 1210/1567/942 1211/1563/938 1234/1562/937
f 1232/1568/943 1209/1569/944 1210/1567/942 1233/1566/941
f 1231/1570/945 1208/1571/946 1209/1569/944 1232/1568/943
f 1230/1572/947 1207/1573/948 1208/1571/946 1231/1570/945
f 1229/1574/949 1206/1575/950 1207/1573/948 1230/1572/947
f 1228/1576/951 1205/1577/952 1206/1575/950 1229/1574/949
f 1227/1578/953 1204/1579/954 1205/1577/952 1228/1576/951
f 1226/1580/955 1203/1581/956 1204/1579/954 1227/1578/953
f 1225/1582/957 1202/1583/958 1203/1581/956 1226/1580/955
f 1224/1584/959 1201/1585/960 1202/1583/958 1225/1582/957
f 1235/1565/940 1200/1564/939 1201/1585/960 1224/1584/959
f 1211/1563/938 1223/1549/935 1212/1522/908 1200/1564/939
f 1210/1567/942 1222/1543/929 1223/1549/935 1211/1563/938
f 1209/1569/944 1221/1541/927 1222/1543/929 1210/1567/942
f 1208/1571/946 1220/1539/925 1221/1541/927 1209/1569/944
f 1207/1573/948 1219/1537/923 1220/1539/925 1208/1571/946
f 1206/1575/950 1218/1535/921 1219/1537/923 1207/1573/948
f 1205/1577/952 1217/1533/919 1218/1535/921 1206/1575/950
f 1204/1579/954 1216/1531/917 1217/1533/919 1205/1577/952
f 1203/1581/956 1215/1529/915 1216/1531/917 1204/1579/954
f 1202/1583/958 1214/1527/913 1215/1529/915 1203/1581/956
f 1201/1585/960 1213/1525/911 1214/1527/913 1202/1583/958
f 1200/1564/939 1212/1522/908 1213/1525/911 1201/1585/960
f 1176/1586/961 1235/1565/940 1224/1584/959 1178/1587/962
f 1178/1587/962 1224/1584/959 1225/1582/957 1180/1588/963
f 1180/1588/963 1225/1582/957 1226/1580/955 1182/1589/964
f 1182/1589/964 1226/1580/955 1227/1578/953 1184/1590/965
f 1184/1590/965 1227/1578/953 1228/1576/951 1186/1591/966
f 1186/1591/966 1228/1576/951 1229/1574/949 1188/1592/967
f 1188/1592/967 1229/1574/949 1230/1572/947 1190/1593/968
f 1190/1593/968 1230/1572/947 1231/1570/945 1192/1594/969
f 1192/1594/969 1231/1570/945 1232/1568/943 1194/1595/970
f 1194/1595/970 1232/1568/943 1233/1566/941 1196/1596/971
f 1196/1596/971 1233/1566/941 1234/1562/937 1198/1597/972
f 1198/1597/972 1234/1562/937 1235/1565/940 1176/1586/961
f 1236/1598/973 1237/1545/931 1247/1544/930 1246/1599/974 1245/1600/975 1244/1601/976 1243/1602/977 1242/1603/978 1241/1604/979 1240/1605/980 1239/1606/981 1238/1607/982
f 1239/1606/981 1240/1605/980 1264/1608/983 1263/1609/984
f 1246/1599/974 1247/1544/930 1271/1547/933 1270/1610/985
f 1329/1611/986 1324/1612/987 1257/1613/988 1258/1614/989
f 1328/1615/990 1323/1616/991 1252/1617/992 1253/1618/993
f 1238/1607/982 1239/1606/981 1263/1609/984 1262/1619/994
f 1245/1600/975 1246/1599/974 1270/1610/985 1269/1620/995
f 1325/1621/996 1320/1622/997 1259/1623/998 1249/1624/999
f 1236/1598/973 1238/1607/982 1262/1619/994 1260/1625/1000
f 1326/1626/1001 1321/1627/1002 1254/1628/1003 1255/1629/1004
f 1327/1630/1005 1322/1631/1006 1248/1632/1007 1250/1633/1008
f 1244/1601/976 1245/1600/975 1269/1620/995 1268/1634/1009
f 1305/1635/1010 1296/1636/1011 1268/1637/1009 1269/1638/995
f 1296/1636/1011 1297/1639/1012 1267/1640/1013 1268/1637/1009
f 1297/1639/1012 1298/1641/1014 1266/1642/1015 1267/1640/1013
f 1298/1641/1014 1299/1643/1016 1265/1644/1017 1266/1642/1015
f 1299/1643/1016 1300/1645/1018 1264/1646/983 1265/1644/1017
f 1300/1645/1018 1301/1647/1019 1263/1648/984 1264/1646/983
f 1306/1649/1020 1302/1650/1021 1271/1651/933 1261/1652/932
f 1307/1653/1022 1306/1649/1020 1261/1652/932 1260/1654/1000
f 1301/1647/1019 1303/1655/1023 1262/1656/994 1263/1648/984
f 1302/1650/1021 1304/1657/1024 1270/1658/985 1271/1651/933
f 1303/1655/1023 1307/1653/1022 1260/1654/1000 1262/1656/994
f 1304/1657/1024 1305/1635/1010 1269/1638/995 1270/1658/985
f 1330/1659/1025 1327/1630/1005 1250/1633/1008 1251/1660/1026
f 1331/1661/1027 1326/1626/1001 1255/1629/1004 1256/1662/1028
f 1240/1605/980 1241/1604/979 1265/1663/1017 1264/1608/983
f 1322/1631/1006 1325/1621/996 1249/1624/999 1248/1632/1007
f 1241/1604/979 1242/1603/978 1266/1664/1015 1265/1663/1017
f 1321/1627/1002 1328/1615/990 1253/1618/993 1254/1628/1003
f 1320/1622/997 1329/1611/986 1258/1614/989 1259/1623/998
f 1242/1603/978 1243/1602/977 1267/1665/1013 1266/1664/1015
f 1323/1616/991 1330/1659/1025 1251/1660/1026 1252/1617/992
f 1324/1612/987 1331/1661/1027 1256/1662/1028 1257/1613/988
f 1243/1602/977 1244/1601/976 1268/1634/1009 1267/1665/1013
f 1237/1545/931 1236/1598/973 1260/1625/1000 1261/1546/932
f 1295/1666/1029 1284/1667/1030 1273/1668/1031 1283/1669/1032
f 1294/1670/1033 1286/1671/1034 1281/1672/1035 1282/1673/1036
f 1293/1674/1037 1295/1666/1029 1283/1669/1032 1279/1675/1038
f 1292/1676/1039 1294/1670/1033 1282/1673/1036 1278/1677/1040
f 1286/1671/1034 1285/1678/1041 1280/1679/1042 1281/1672/1035
f 1285/1678/1041 1293/1674/1037 1279/1675/1038 1280/1679/1042
f 1291/1680/1043 1292/1676/1039 1278/1677/1040 1277/1681/1044
f 1290/1682/1045 1291/1680/1043 1277/1681/1044 1276/1683/1046
f 1289/1684/1047 1290/1682/1045 1276/1683/1046 1275/1685/1048
f 1288/1686/1049 1289/1684/1047 1275/1685/1048 1274/1687/1050
f 1287/1688/1051 1288/1686/1049 1274/1687/1050 1272/1689/1052
f 1284/1667/1030 1287/1688/1051 1272/1689/1052 1273/1668/1031
f 1257/1613/988 1256/1662/1028 1287/1688/1051 1284/1667/1030
f 1256/1662/1028 1255/1629/1004 1288/1686/1049 1287/1688/1051
f 1255/1629/1004 1254/1628/1003 1289/1684/1047 1288/1686/1049
f 1254/1628/1003 1253/1618/993 1290/1682/1045 1289/1684/1047
f 1253/1618/993 1252/1617/992 1291/1680/1043 1290/1682/1045
f 1252/1617/992 1251/1660/1026 1292/1676/1039 1291/1680/1043
f 1249/1624/999 1259/1623/998 1293/1674/1037 1285/1678/1041
f 1248/1632/1007 1249/1624/999 1285/1678/1041 1286/1671/1034
f 1251/1660/1026 1250/1633/1008 1294/1670/1033 1292/1676/1039
f 1259/1623/998 1258/1614/989 1295/1666/1029 1293/1674/1037
f 1250/1633/1008 1248/1632/1007 1286/1671/1034 1294/1670/1033
f 1258/1614/989 1257/1613/988 1284/1667/1030 1295/1666/1029
f 1283/1669/1032 1273/1668/1031 1305/1635/1010 1304/1657/1024
f 1282/1673/1036 1281/1672/1035 1307/1653/1022 1303/1655/1023
f 1279/1675/1038 1283/1669/1032 1304/1657/1024 1302/1650/1021
f 1278/1677/1040 1282/1673/1036 1303/1655/1023 1301/1647/1019
f 1281/1672/1035 1280/1679/1042 1306/1649/1020 1307/1653/1022
f 1280/1679/1042 1279/1675/1038 1302/1650/1021 1306/1649/1020
f 1277/1681/1044 1278/1677/1040 1301/1647/1019 1300/1645/1018
f 1276/1683/1046 1277/1681/1044 1300/1645/1018 1299/1643/1016
f 1275/1685/1048 1276/1683/1046 1299/1643/1016 1298/1641/1014
f 1274/1687/1050 1275/1685/1048 1298/1641/1014 1297/1639/1012
f 1272/1689/1052 1274/1687/1050 1297/1639/1012 1296/1636/1011
f 1273/1668/1031 1272/1689/1052 1296/1636/1011 1305/1635/1010
f 1343/1690/1053 1338/1691/1054 1319/1692/1055 1316/1693/1056
f 1342/1694/1057 1337/1695/1058 1318/1696/1059 1314/1697/1060
f 1339/1698/1061 1336/1699/1062 1317/1700/1063 1309/1701/1064
f 1340/1702/1065 1335/1703/1066 1315/1704/1067 1311/1705/1068
f 1341/1706/1069 1332/1707/1070 1308/1708/1071 1313/1709/1072
f 1338/1691/1054 1333/1710/1073 1310/1711/1074 1319/1692/1055
f 1337/1695/1058 1334/1712/1075 1312/1713/1076 1318/1696/1059
f 1334/1712/1075 1341/1706/1069 1313/1709/1072 1312/1713/1076
f 1333/1710/1073 1340/1702/1065 1311/1705/1068 1310/1711/1074
f 1332/1707/1070 1339/1698/1061 1309/1701/1064 1308/1708/1071
f 1335/1703/1066 1342/1694/1057 1314/1697/1060 1315/1704/1067
f 1336/1699/1062 1343/1690/1053 1316/1693/1056 1317/1700/1063
f 1316/1693/1056 1319/1692/1055 1331/1661/1077 1324/1612/1078
f 1314/1697/1060 1318/1696/1059 1330/1659/1079 1323/1616/1080
f 1309/1701/1064 1317/1700/1063 1329/1611/1081 1320/1622/1082
f 1311/1705/1068 1315/1704/1067 1328/1615/1083 1321/1627/1084
f 1313/1709/1072 1308/1708/1071 1325/1621/1085 1322/1631/1086
f 1319/1692/1055 1310/1711/1074 1326/1626/1087 1331/1661/1077
f 1318/1696/1059 1312/1713/1076 1327/1630/1088 1330/1659/1079
f 1312/1713/1076 1313/1709/1072 1322/1631/1086 1327/1630/1088
f 1310/1711/1074 1311/1705/1068 1321/1627/1084 1326/1626/1087
f 1308/1708/1071 1309/1701/1064 1320/1622/1082 1325/1621/1085
f 1315/1704/1067 1314/1697/1060 1323/1616/1080 1328/1615/1083
f 1317/1700/1063 1316/1693/1056 1324/1612/1078 1329/1611/1081
f 1197/1542/1089 1195/1540/1090 1343/1690/1053 1336/1699/1062
f 1187/1532/1091 1185/1530/1092 1342/1694/1057 1335/1703/1066
f 1177/1523/1093 1199/1548/1094 1339/1698/1061 1332/1707/1070
f 1191/1536/1095 1189/1534/1096 1340/1702/1065 1333/1710/1073
f 1181/1526/1097 1179/1524/1098 1341/1706/1069 1334/1712/1075
f 1183/1528/1099 1181/1526/1097 1334/1712/1075 1337/1695/1058
f 1193/1538/1100 1191/1536/1095 1333/1710/1073 1338/1691/1054
f 1179/1524/1098 1177/1523/1093 1332/1707/1070 1341/1706/1069
f 1189/1534/1096 1187/1532/1091 1335/1703/1066 1340/1702/1065
f 1199/1548/1094 1197/1542/1089 1336/1699/1062 1339/1698/1061
f 1185/1530/1092 1183/1528/1099 1337/1695/1058 1342/1694/1057
f 1195/1540/1090 1193/1538/1100 1338/1691/1054 1343/1690/1053
f 1426/1714/1101 1360/1715/1102 1427/1716/1103
f 1427/1716/1103 1360/1715/1102 1428/1717/1104
f 1428/1717/1104 1360/1715/1102 1429/1718/1105
f 1429/1718/1106 1360/1715/1107 1430/1719/1108
f 1430/1719/1108 1360/1715/1107 1431/1720/1109
f 1431/1720/1109 1360/1715/1107 1432/1721/1110
f 1432/1721/1110 1360/1715/1107 1433/1722/1111
f 1433/1722/1111 1360/1715/1107 1434/1723/1112
f 1434/1723/1112 1360/1715/1107 1435/1724/1113
f 1435/1724/1113 1360/1715/1114 1436/1725/1115
f 1436/1725/1115 1360/1715/1114 1437/1726/1116
f 1437/1726/1117 1360/1715/1118 1438/1727/1119
f 1438/1727/1120 1360/1715/1102 1439/1728/1121
f 1439/1728/1121 1360/1715/1102 1424/1729/1122
f 1344/1730/1123 1345/1731/1123 1346/1732/1123 1347/1733/1123 1348/1734/1123 1349/1735/1123 1350/1736/1123 1351/1737/1123 1352/1738/1123 1353/1739/1123 1354/1740/1123 1355/1741/1123 1356/1742/1123 1357/1743/1123 1358/1744/1123 1359/1745/1123
f 1425/1746/1124 1360/1715/1102 1426/1714/1101
f 1347/1747/1125 1372/1748/1126 1371/1749/1127 1348/1750/1128
f 1424/1729/1122 1360/1715/1102 1425/1746/1124
f 1441/1751/1129 1376/1752/1130 1377/1753/1131 1442/1754/1132
f 1442/1754/1132 1377/1753/1131 1378/1755/1133 1443/1756/1134
f 1456/1757/1135 1391/1758/1136 1376/1752/1130 1441/1751/1129
f 1455/1759/1137 1390/1760/1138 1391/1758/1136 1456/1757/1135
f 1454/1761/1139 1389/1762/1140 1390/1760/1138 1455/1759/1137
f 1453/1763/1141 1388/1764/1142 1389/1762/1143 1454/1761/1144
f 1452/1765/1145 1387/1766/1146 1388/1764/1147 1453/1763/1148
f 1451/1767/1149 1386/1768/1150 1387/1766/1146 1452/1765/1145
f 1450/1769/1151 1385/1770/1152 1386/1768/1150 1451/1767/1149
f 1449/1771/1153 1384/1772/1154 1385/1770/1152 1450/1769/1151
f 1448/1773/1155 1383/1774/1156 1384/1772/1154 1449/1771/1153
f 1447/1775/1157 1382/1776/1158 1383/1774/1156 1448/1773/1155
f 1446/1777/1159 1381/1778/1160 1382/1776/1161 1447/1775/1162
f 1445/1779/1163 1380/1780/1164 1381/1778/1165 1446/1777/1166
f 1444/1781/1167 1379/1782/1168 1380/1780/1164 1445/1779/1163
f 1443/1756/1134 1378/1755/1133 1379/1782/1168 1444/1781/1167
f 1472/1783/1169 1392/1784/1170 1393/1785/1171 1457/1786/1172
f 1457/1786/1172 1393/1785/1171 1394/1787/1173 1458/1788/1174
f 1471/1789/1175 1407/1790/1176 1392/1784/1170 1472/1783/1169
f 1470/1791/1177 1406/1792/1178 1407/1790/1176 1471/1789/1175
f 1469/1793/1179 1405/1794/1180 1406/1792/1178 1470/1791/1177
f 1468/1795/1181 1404/1796/1182 1405/1794/1183 1469/1793/1184
f 1467/1797/1185 1403/1798/1186 1404/1796/1182 1468/1795/1187
f 1466/1799/1188 1402/1800/1189 1403/1798/1186 1467/1797/1185
f 1465/1801/1190 1401/1802/1191 1402/1800/1189 1466/1799/1188
f 1464/1803/1192 1400/1804/1193 1401/1802/1191 1465/1801/1190
f 1463/1805/1194 1399/1806/1195 1400/1804/1193 1464/1803/1192
f 1462/1807/1196 1398/1808/1197 1399/1806/1195 1463/1805/1194
f 1461/1809/1198 1397/1810/1199 1398/1808/1197 1462/1807/1200
f 1460/1811/1201 1396/1812/1202 1397/1810/1203 1461/1809/1204
f 1459/1813/1205 1395/1814/1206 1396/1812/1202 1460/1811/1201
f 1458/1788/1174 1394/1787/1173 1395/1814/1206 1459/1813/1205
f 1374/1815/1207 1409/1816/1208 1410/1817/1209 1373/1818/1210
f 1373/1818/1210 1410/1817/1209 1411/1819/1211 1372/1748/1126
f 1372/1748/1126 1411/1819/1211 1412/1820/1212 1371/1749/1127
f 1371/1749/1213 1412/1820/1214 1413/1821/1215 1370/1822/1216
f 1370/1822/1217 1413/1821/1218 1414/1823/1219 1369/1824/1220
f 1369/1824/1220 1414/1823/1219 1415/1825/1221 1368/1826/1222
f 1368/1826/1222 1415/1825/1221 1416/1827/1223 1367/1828/1224
f 1367/1828/1224 1416/1827/1223 1417/1829/1225 1366/1830/1226
f 1366/1830/1226 1417/1829/1225 1418/1831/1227 1365/1832/1228
f 1365/1832/1228 1418/1831/1227 1419/1833/1229 1364/1834/1230
f 1364/1834/1230 1419/1833/1231 1420/1835/1232 1363/1836/1233
f 1363/1836/1234 1420/1835/1235 1421/1837/1236 1362/1838/1237
f 1362/1838/1237 1421/1837/1236 1422/1839/1238 1361/1840/1239
f 1361/1840/1239 1422/1839/1238 1423/1841/1240 1440/1842/1241
f 1375/1843/1242 1408/1844/1243 1409/1816/1208 1374/1815/1207
f 1440/1842/1241 1423/1841/1240 1408/1844/1243 1375/1843/1242
f 1392/1784/1170 1424/1729/1122 1425/1746/1124 1393/1785/1171
f 1393/1785/1171 1425/1746/1124 1426/1714/1101 1394/1787/1173
f 1407/1790/1176 1439/1728/1121 1424/1729/1122 1392/1784/1170
f 1406/1792/1178 1438/1727/1120 1439/1728/1121 1407/1790/1176
f 1405/1794/1180 1437/1726/1117 1438/1727/1119 1406/1792/1178
f 1404/1796/1182 1436/1725/1115 1437/1726/1116 1405/1794/1183
f 1403/1798/1186 1435/1724/1113 1436/1725/1115 1404/1796/1182
f 1402/1800/1189 1434/1723/1112 1435/1724/1113 1403/1798/1186
f 1401/1802/1191 1433/1722/1111 1434/1723/1112 1402/1800/1189
f 1400/1804/1193 1432/1721/1110 1433/1722/1111 1401/1802/1191
f 1399/1806/1195 1431/1720/1109 1432/1721/1110 1400/1804/1193
f 1398/1808/1197 1430/1719/1108 1431/1720/1109 1399/1806/1195
f 1397/1810/1199 1429/1718/1106 1430/1719/1108 1398/1808/1197
f 1396/1812/1202 1428/1717/1104 1429/1718/1105 1397/1810/1203
f 1395/1814/1206 1427/1716/1103 1428/1717/1104 1396/1812/1202
f 1394/1787/1173 1426/1714/1101 1427/1716/1103 1395/1814/1206
f 1348/1750/1244 1371/1749/1213 1370/1822/1216 1349/1845/1244
f 1349/1845/1245 1370/1822/1217 1369/1824/1220 1350/1846/1246
f 1350/1846/1246 1369/1824/1220 1368/1826/1222 1351/1847/1247
f 1351/1847/1248 1368/1826/1222 1367/1828/1224 1352/1848/1249
f 1352/1848/1249 1367/1828/1224 1366/1830/1226 1353/1849/1250
f 1353/1849/1250 1366/1830/1226 1365/1832/1228 1354/1850/1251
f 1354/1850/1251 1365/1832/1228 1364/1834/1230 1355/1851/1252
f 1355/1851/1252 1364/1834/1230 1363/1836/1233 1356/1852/1253
f 1356/1852/1254 1363/1836/1234 1362/1838/1237 1357/1853/1255
f 1357/1853/1255 1362/1838/1237 1361/1840/1239 1358/1854/1256
f 1358/1854/1256 1361/1840/1239 1440/1842/1241 1359/1855/1257
f 1344/1856/1258 1375/1843/1242 1374/1815/1207 1345/1857/1259
f 1359/1855/1257 1440/1842/1241 1375/1843/1242 1344/1856/1258
f 1346/1858/1260 1373/1818/1210 1372/1748/1126 1347/1747/1125
f 1345/1857/1259 1374/1815/1207 1373/1818/1210 1346/1858/1260
f 1409/1816/1208 1443/1756/1134 1444/1781/1167 1410/1817/1209
f 1410/1817/1209 1444/1781/1167 1445/1779/1163 1411/1819/1211
f 1411/1819/1211 1445/1779/1163 1446/1777/1166 1412/1820/1212
f 1412/1820/1214 1446/1777/1159 1447/1775/1162 1413/1821/1215
f 1413/1821/1218 1447/1775/1157 1448/1773/1155 1414/1823/1219
f 1414/1823/1219 1448/1773/1155 1449/1771/1153 1415/1825/1221
f 1415/1825/1221 1449/1771/1153 1450/1769/1151 1416/1827/1223
f 1416/1827/1223 1450/1769/1151 1451/1767/1149 1417/1829/1225
f 1417/1829/1225 1451/1767/1149 1452/1765/1145 1418/1831/1227
f 1418/1831/1227 1452/1765/1145 1453/1763/1148 1419/1833/1229
f 1419/1833/1231 1453/1763/1141 1454/1761/1144 1420/1835/1232
f 1420/1835/1235 1454/1761/1139 1455/1759/1137 1421/1837/1236
f 1421/1837/1236 1455/1759/1137 1456/1757/1135 1422/1839/1238
f 1422/1839/1238 1456/1757/1135 1441/1751/1129 1423/1841/1240
f 1408/1844/1243 1442/1754/1132 1443/1756/1134 1409/1816/1208
f 1423/1841/1240 1441/1751/1129 1442/1754/1132 1408/1844/1243
f 1378/1755/1133 1458/1788/1174 1459/1813/1205 1379/1782/1168
f 1379/1782/1168 1459/1813/1205 1460/1811/1201 1380/1780/1164
f 1380/1780/1164 1460/1811/1201 1461/1809/1204 1381/1778/1165
f 1381/1778/1160 1461/1809/1198 1462/1807/1200 1382/1776/1161
f 1382/1776/1158 1462/1807/1196 1463/1805/1194 1383/1774/1156
f 1383/1774/1156 1463/1805/1194 1464/1803/1192 1384/1772/1154
f 1384/1772/1154 1464/1803/1192 1465/1801/1190 1385/1770/1152
f 1385/1770/1152 1465/1801/1190 1466/1799/1188 1386/1768/1150
f 1386/1768/1150 1466/1799/1188 1467/1797/1185 1387/1766/1146
f 1387/1766/1146 1467/1797/1185 1468/1795/1187 1388/1764/1147
f 1388/1764/1142 1468/1795/1181 1469/1793/1184 1389/1762/1143
f 1389/1762/1140 1469/1793/1179 1470/1791/1177 1390/1760/1138
f 1390/1760/1138 1470/1791/1177 1471/1789/1175 1391/1758/1136
f 1391/1758/1136 1471/1789/1175 1472/1783/1169 1376/1752/1130
f 1377/1753/1131 1457/1786/1172 1458/1788/1174 1378/1755/1133
f 1376/1752/1130 1472/1783/1169 1457/1786/1172 1377/1753/1131
f 1555/1859/1261 1489/1860/1262 1556/1861/1263
f 1556/1861/1263 1489/1860/1262 1557/1862/1264
f 1557/1862/1264 1489/1860/1262 1558/1863/1265
f 1558/1863/1266 1489/1860/1267 1559/1864/1268
f 1559/1864/1268 1489/1860/1267 1560/1865/1269
f 1560/1865/1269 1489/1860/1267 1561/1866/1270
f 1561/1866/1270 1489/1860/1267 1562/1867/1271
f 1562/1867/1271 1489/1860/1267 1563/1868/1272
f 1563/1868/1272 1489/1860/1267 1564/1869/1273
f 1564/1869/1273 1489/1860/1274 1565/1870/1275
f 1565/1870/1275 1489/1860/1274 1566/1871/1276
f 1566/1871/1277 1489/1860/1278 1567/1872/1279
f 1567/1872/1280 1489/1860/1262 1568/1873/1281
f 1568/1873/1281 1489/1860/1262 1553/1874/1282
f 1473/1875/1283 1474/1876/1283 1475/1877/1283 1476/1878/1283 1477/1879/1283 1478/1880/1283 1479/1881/1283 1480/1882/1283 1481/1883/1283 1482/1884/1283 1483/1885/1283 1484/1886/1283 1485/1887/1283 1486/1888/1283 1487/1889/1283 1488/1890/1283
f 1554/1891/1284 1489/1860/1262 1555/1859/1261
f 1476/1892/1285 1501/1893/1286 1500/1894/1287 1477/1895/1288
f 1553/1874/1282 1489/1860/1262 1554/1891/1284
f 1570/1896/1289 1505/1897/1290 1506/1898/1291 1571/1899/1292
f 1571/1899/1292 1506/1898/1291 1507/1900/1293 1572/1901/1294
f 1585/1902/1295 1520/1903/1296 1505/1897/1290 1570/1896/1289
f 1584/1904/1297 1519/1905/1298 1520/1903/1296 1585/1902/1295
f 1583/1906/1299 1518/1907/1300 1519/1905/1298 1584/1904/1297
f 1582/1908/1301 1517/1909/1302 1518/1907/1303 1583/1906/1304
f 1581/1910/1305 1516/1911/1306 1517/1909/1307 1582/1908/1308
f 1580/1912/1309 1515/1913/1310 1516/1911/1306 1581/1910/1305
f 1579/1914/1311 1514/1915/1312 1515/1913/1310 1580/1912/1309
f 1578/1916/1313 1513/1917/1314 1514/1915/1312 1579/1914/1311
f 1577/1918/1315 1512/1919/1316 1513/1917/1314 1578/1916/1313
f 1576/1920/1317 1511/1921/1318 1512/1919/1316 1577/1918/1315
f 1575/1922/1319 1510/1923/1320 1511/1921/1321 1576/1920/1322
f 1574/1924/1323 1509/1925/1324 1510/1923/1325 1575/1922/1326
f 1573/1926/1327 1508/1927/1328 1509/1925/1324 1574/1924/1323
f 1572/1901/1294 1507/1900/1293 1508/1927/1328 1573/1926/1327
f 1601/1928/1329 1521/1929/1330 1522/1930/1331 1586/1931/1332
f 1586/1931/1332 1522/1930/1331 1523/1932/1333 1587/1933/1334
f 1600/1934/1335 1536/1935/1336 1521/1929/1330 1601/1928/1329
f 1599/1936/1337 1535/1937/1338 1536/1935/1336 1600/1934/1335
f 1598/1938/1339 1534/1939/1340 1535/1937/1338 1599/1936/1337
f 1597/1940/1341 1533/1941/1342 1534/1939/1343 1598/1938/1344
f 1596/1942/1345 1532/1943/1346 1533/1941/1342 1597/1940/1347
f 1595/1944/1348 1531/1945/1349 1532/1943/1346 1596/1942/1345
f 1594/1946/1350 1530/1947/1351 1531/1945/1349 1595/1944/1348
f 1593/1948/1352 1529/1949/1353 1530/1947/1351 1594/1946/1350
f 1592/1950/1354 1528/1951/1355 1529/1949/1353 1593/1948/1352
f 1591/1952/1356 1527/1953/1357 1528/1951/1355 1592/1950/1354
f 1590/1954/1358 1526/1955/1359 1527/1953/1357 1591/1952/1360
f 1589/1956/1361 1525/1957/1362 1526/1955/1363 1590/1954/1364
f 1588/1958/1365 1524/1959/1366 1525/1957/1362 1589/1956/1361
f 1587/1933/1334 1523/1932/1333 1524/1959/1366 1588/1958/1365
f 1503/1960/1367 1538/1961/1368 1539/1962/1369 1502/1963/1370
f 1502/1963/1370 1539/1962/1369 1540/1964/1371 1501/1893/1286
f 1501/1893/1286 1540/1964/1371 1541/1965/1372 1500/1894/1287
f 1500/1894/1373 1541/1965/1374 1542/1966/1375 1499/1967/1376
f 1499/1967/1377 1542/1966/1378 1543/1968/1379 1498/1969/1380
f 1498/1969/1380 1543/1968/1379 1544/1970/1381 1497/1971/1382
f 1497/1971/1382 1544/1970/1381 1545/1972/1383 1496/1973/1384
f 1496/1973/1384 1545/1972/1383 1546/1974/1385 1495/1975/1386
f 1495/1975/1386 1546/1974/1385 1547/1976/1387 1494/1977/1388
f 1494/1977/1388 1547/1976/1387 1548/1978/1389 1493/1979/1390
f 1493/1979/1390 1548/1978/1391 1549/1980/1392 1492/1981/1393
f 1492/1981/1394 1549/1980/1395 1550/1982/1396 1491/1983/1397
f 1491/1983/1397 1550/1982/1396 1551/1984/1398 1490/1985/1399
f 1490/1985/1399 1551/1984/1398 1552/1986/1400 1569/1987/1401
f 1504/1988/1402 1537/1989/1403 1538/1961/1368 1503/1960/1367
f 1569/1987/1401 1552/1986/1400 1537/1989/1403 1504/1988/1402
f 1521/1929/1330 1553/1874/1282 1554/1891/1284 1522/1930/1331
f 1522/1930/1331 1554/1891/1284 1555/1859/1261 1523/1932/1333
f 1536/1935/1336 1568/1873/1281 1553/1874/1282 1521/1929/1330
f 1535/1937/1338 1567/1872/1280 1568/1873/1281 1536/1935/1336
f 1534/1939/1340 1566/1871/1277 1567/1872/1279 1535/1937/1338
f 1533/1941/1342 1565/1870/1275 1566/1871/1276 1534/1939/1343
f 1532/1943/1346 1564/1869/1273 1565/1870/1275 1533/1941/1342
f 1531/1945/1349 1563/1868/1272 1564/1869/1273 1532/1943/1346
f 1530/1947/1351 1562/1867/1271 1563/1868/1272 1531/1945/1349
f 1529/1949/1353 1561/1866/1270 1562/1867/1271 1530/1947/1351
f 1528/1951/1355 1560/1865/1269 1561/1866/1270 1529/1949/1353
f 1527/1953/1357 1559/1864/1268 1560/1865/1269 1528/1951/1355
f 1526/1955/1359 1558/1863/1266 1559/1864/1268 1527/1953/1357
f 1525/1957/1362 1557/1862/1264 1558/1863/1265 1526/1955/1363
f 1524/1959/1366 1556/1861/1263 1557/1862/1264 1525/1957/1362
f 1523/1932/1333 1555/1859/1261 1556/1861/1263 1524/1959/1366
f 1477/1895/1404 1500/1894/1373 1499/1967/1376 1478/1990/1404
f 1478/1990/1405 1499/1967/1377 1498/1969/1380 1479/1991/1406
f 1479/1991/1406 1498/1969/1380 1497/1971/1382 1480/1992/1407
f 1480/1992/1408 1497/1971/1382 1496/1973/1384 1481/1993/1409
f 1481/1993/1409 1496/1973/1384 1495/1975/1386 1482/1994/1410
f 1482/1994/1410 1495/1975/1386 1494/1977/1388 1483/1995/1411
f 1483/1995/1411 1494/1977/1388 1493/1979/1390 1484/1996/1412
f 1484/1996/1412 1493/1979/1390 1492/1981/1393 1485/1997/1413
f 1485/1997/1414 1492/1981/1394 1491/1983/1397 1486/1998/1415
f 1486/1998/1415 1491/1983/1397 1490/1985/1399 1487/1999/1416
f 1487/1999/1416 1490/1985/1399 1569/1987/1401 1488/2000/1417
f 1473/2001/1418 1504/1988/1402 1503/1960/1367 1474/2002/1419
f 1488/2000/1417 1569/1987/1401 1504/1988/1402 1473/2001/1418
f 1475/2003/1420 1502/1963/1370 1501/1893/1286 1476/1892/1285
f 1474/2002/1419 1503/1960/1367 1502/1963/1370 1475/2003/1420
f 1538/1961/1368 1572/1901/1294 1573/1926/1327 1539/1962/1369
f 1539/1962/1369 1573/1926/1327 1574/1924/1323 1540/1964/1371
f 1540/1964/1371 1574/1924/1323 1575/1922/1326 1541/1965/1372
f 1541/1965/1374 1575/1922/1319 1576/1920/1322 1542/1966/1375
f 1542/1966/1378 1576/1920/1317 1577/1918/1315 1543/1968/1379
f 1543/1968/1379 1577/1918/1315 1578/1916/1313 1544/1970/1381
f 1544/1970/1381 1578/1916/1313 1579/1914/1311 1545/1972/1383
f 1545/1972/1383 1579/1914/1311 1580/1912/1309 1546/1974/1385
f 1546/1974/1385 1580/1912/1309 1581/1910/1305 1547/1976/1387
f 1547/1976/1387 1581/1910/1305 1582/1908/1308 1548/1978/1389
f 1548/1978/1391 1582/1908/1301 1583/1906/1304 1549/1980/1392
f 1549/1980/1395 1583/1906/1299 1584/1904/1297 1550/1982/1396
f 1550/1982/1396 1584/1904/1297 1585/1902/1295 1551/1984/1398
f 1551/1984/1398 1585/1902/1295 1570/1896/1289 1552/1986/1400
f 1537/1989/1403 1571/1899/1292 1572/1901/1294 1538/1961/1368
f 1552/1986/1400 1570/1896/1289 1571/1899/1292 1537/1989/1403
f 1507/1900/1293 1587/1933/1334 1588/1958/1365 1508/1927/1328
f 1508/1927/1328 1588/1958/1365 1589/1956/1361 1509/1925/1324
f 1509/1925/1324 1589/1956/1361 1590/1954/1364 1510/1923/1325
f 1510/1923/1320 1590/1954/1358 1591/1952/1360 1511/1921/1321
f 1511/1921/1318 1591/1952/1356 1592/1950/1354 1512/1919/1316
f 1512/1919/1316 1592/1950/1354 1593/1948/1352 1513/1917/1314
f 1513/1917/1314 1593/1948/1352 1594/1946/1350 1514/1915/1312
f 1514/1915/1312 1594/1946/1350 1595/1944/1348 1515/1913/1310
f 1515/1913/1310 1595/1944/1348 1596/1942/1345 1516/1911/1306
f 1516/1911/1306 1596/1942/1345 1597/1940/1347 1517/1909/1307
f 1517/1909/1302 1597/1940/1341 1598/1938/1344 1518/1907/1303
f 1518/1907/1300 1598/1938/1339 1599/1936/1337 1519/1905/1298
f 1519/1905/1298 1599/1936/1337 1600/1934/1335 1520/1903/1296
f 1520/1903/1296 1600/1934/1335 1601/1928/1329 1505/1897/1290
f 1506/1898/1291 1586/1931/1332 1587/1933/1334 1507/1900/1293
f 1505/1897/1290 1601/1928/1329 1586/1931/1332 1506/1898/1291
f 1684/2004/1421 1618/2005/1422 1685/2006/1423
f 1685/2006/1423 1618/2005/1422 1686/2007/1424
f 1686/2007/1424 1618/2005/1422 1687/2008/1425
f 1687/2008/1426 1618/2005/1427 1688/2009/1428
f 1688/2009/1428 1618/2005/1427 1689/2010/1429
f 1689/2010/1429 1618/2005/1427 1690/2011/1430
f 1690/2011/1430 1618/2005/1427 1691/2012/1431
f 1691/2012/1431 1618/2005/1427 1692/2013/1432
f 1692/2013/1432 1618/2005/1427 1693/2014/1433
f 1693/2014/1433 1618/2005/1434 1694/2015/1435
f 1694/2015/1435 1618/2005/1434 1695/2016/1436
f 1695/2016/1437 1618/2005/1438 1696/2017/1439
f 1696/2017/1440 1618/2005/1422 1697/2018/1441
f 1697/2018/1441 1618/2005/1422 1682/2019/1442
f 1602/2020/1443 1603/2021/1443 1604/2022/1443 1605/2023/1443 1606/2024/1443 1607/2025/1443 1608/2026/1443 1609/2027/1443 1610/2028/1443 1611/2029/1443 1612/2030/1443 1613/2031/1443 1614/2032/1443 1615/2033/1443 1616/2034/1443 1617/2035/1443
f 1683/2036/1444 1618/2005/1422 1684/2004/1421
f 1605/2037/1445 1630/2038/1446 1629/2039/1447 1606/2040/1448
f 1682/2019/1442 1618/2005/1422 1683/2036/1444
f 1699/2041/1449 1634/2042/1450 1635/2043/1451 1700/2044/1452
f 1700/2044/1452 1635/2043/1451 1636/2045/1453 1701/2046/1454
f 1714/2047/1455 1649/2048/1456 1634/2042/1450 1699/2041/1449
f 1713/2049/1457 1648/2050/1458 1649/2048/1456 1714/2047/1455
f 1712/2051/1459 1647/2052/1460 1648/2050/1458 1713/2049/1457
f 1711/2053/1461 1646/2054/1462 1647/2052/1463 1712/2051/1464
f 1710/2055/1465 1645/2056/1466 1646/2054/1467 1711/2053/1468
f 1709/2057/1469 1644/2058/1470 1645/2056/1466 1710/2055/1465
f 1708/2059/1471 1643/2060/1472 1644/2058/1470 1709/2057/1469
f 1707/2061/1473 1642/2062/1474 1643/2060/1472 1708/2059/1471
f 1706/2063/1475 1641/2064/1476 1642/2062/1474 1707/2061/1473
f 1705/2065/1477 1640/2066/1478 1641/2064/1476 1706/2063/1475
f 1704/2067/1479 1639/2068/1480 1640/2066/1481 1705/2065/1482
f 1703/2069/1483 1638/2070/1484 1639/2068/1485 1704/2067/1486
f 1702/2071/1487 1637/2072/1488 1638/2070/1484 1703/2069/1483
f 1701/2046/1454 1636/2045/1453 1637/2072/1488 1702/2071/1487
f 1730/2073/1489 1650/2074/1490 1651/2075/1491 1715/2076/1492
f 1715/2076/1492 1651/2075/1491 1652/2077/1493 1716/2078/1494
f 1729/2079/1495 1665/2080/1496 1650/2074/1490 1730/2073/1489
f 1728/2081/1497 1664/2082/1498 1665/2080/1496 1729/2079/1495
f 1727/2083/1499 1663/2084/1500 1664/2082/1498 1728/2081/1497
f 1726/2085/1501 1662/2086/1502 1663/2084/1503 1727/2083/1504
f 1725/2087/1505 1661/2088/1506 1662/2086/1502 1726/2085/1507
f 1724/2089/1508 1660/2090/1509 1661/2088/1506 1725/2087/1505
f 1723/2091/1510 1659/2092/1511 1660/2090/1509 1724/2089/1508
f 1722/2093/1512 1658/2094/1513 1659/2092/1511 1723/2091/1510
f 1721/2095/1514 1657/2096/1515 1658/2094/1513 1722/2093/1512
f 1720/2097/1516 1656/2098/1517 1657/2096/1515 1721/2095/1514
f 1719/2099/1518 1655/2100/1519 1656/2098/1517 1720/2097/1520
f 1718/2101/1521 1654/2102/1522 1655/2100/1523 1719/2099/1524
f 1717/2103/1525 1653/2104/1526 1654/2102/1522 1718/2101/1521
f 1716/2078/1494 1652/2077/1493 1653/2104/1526 1717/2103/1525
f 1632/2105/1527 1667/2106/1528 1668/2107/1529 1631/2108/1530
f 1631/2108/1530 1668/2107/1529 1669/2109/1531 1630/2038/1446
f 1630/2038/1446 1669/2109/1531 1670/2110/1532 1629/2039/1447
f 1629/2039/1533 1670/2110/1534 1671/2111/1535 1628/2112/1536
f 1628/2112/1537 1671/2111/1538 1672/2113/1539 1627/2114/1540
f 1627/2114/1540 1672/2113/1539 1673/2115/1541 1626/2116/1542
f 1626/2116/1542 1673/2115/1541 1674/2117/1543 1625/2118/1544
f 1625/2118/1544 1674/2117/1543 1675/2119/1545 1624/2120/1546
f 1624/2120/1546 1675/2119/1545 1676/2121/1547 1623/2122/1548
f 1623/2122/1548 1676/2121/1547 1677/2123/1549 1622/2124/1550
f 1622/2124/1550 1677/2123/1551 1678/2125/1552 1621/2126/1553
f 1621/2126/1554 1678/2125/1555 1679/2127/1556 1620/2128/1557
f 1620/2128/1557 1679/2127/1556 1680/2129/1558 1619/2130/1559
f 1619/2130/1559 1680/2129/1558 1681/2131/1560 1698/2132/1561
f 1633/2133/1562 1666/2134/1563 1667/2106/1528 1632/2105/1527
f 1698/2132/1561 1681/2131/1560 1666/2134/1563 1633/2133/1562
f 1650/2074/1490 1682/2019/1442 1683/2036/1444 1651/2075/1491
f 1651/2075/1491 1683/2036/1444 1684/2004/1421 1652/2077/1493
f 1665/2080/1496 1697/2018/1441 1682/2019/1442 1650/2074/1490
f 1664/2082/1498 1696/2017/1440 1697/2018/1441 1665/2080/1496
f 1663/2084/1500 1695/2016/1437 1696/2017/1439 1664/2082/1498
f 1662/2086/1502 1694/2015/1435 1695/2016/1436 1663/2084/1503
f 1661/2088/1506 1693/2014/1433 1694/2015/1435 1662/2086/1502
f 1660/2090/1509 1692/2013/1432 1693/2014/1433 1661/2088/1506
f 1659/2092/1511 1691/2012/1431 1692/2013/1432 1660/2090/1509
f 1658/2094/1513 1690/2011/1430 1691/2012/1431 1659/2092/1511
f 1657/2096/1515 1689/2010/1429 1690/2011/1430 1658/2094/1513
f 1656/2098/1517 1688/2009/1428 1689/2010/1429 1657/2096/1515
f 1655/2100/1519 1687/2008/1426 1688/2009/1428 1656/2098/1517
f 1654/2102/1522 1686/2007/1424 1687/2008/1425 1655/2100/1523
f 1653/2104/1526 1685/2006/1423 1686/2007/1424 1654/2102/1522
f 1652/2077/1493 1684/2004/1421 1685/2006/1423 1653/2104/1526
f 1606/2040/1564 1629/2039/1533 1628/2112/1536 1607/2135/1564
f 1607/2135/1565 1628/2112/1537 1627/2114/1540 1608/2136/1566
f 1608/2136/1566 1627/2114/1540 1626/2116/1542 1609/2137/1567
f 1609/2137/1568 1626/2116/1542 1625/2118/1544 1610/2138/1569
f 1610/2138/1569 1625/2118/1544 1624/2120/1546 1611/2139/1570
f 1611/2139/1570 1624/2120/1546 1623/2122/1548 1612/2140/1571
f 1612/2140/1571 1623/2122/1548 1622/2124/1550 1613/2141/1572
f 1613/2141/1572 1622/2124/1550 1621/2126/1553 1614/2142/1573
f 1614/2142/1574 1621/2126/1554 1620/2128/1557 1615/2143/1575
f 1615/2143/1575 1620/2128/1557 1619/2130/1559 1616/2144/1576
f 1616/2144/1576 1619/2130/1559 1698/2132/1561 1617/2145/1577
f 1602/2146/1578 1633/2133/1562 1632/2105/1527 1603/2147/1579
f 1617/2145/1577 1698/2132/1561 1633/2133/1562 1602/2146/1578
f 1604/2148/1580 1631/2108/1530 1630/2038/1446 1605/2037/1445
f 1603/2147/1579 1632/2105/1527 1631/2108/1530 1604/2148/1580
f 1667/2106/1528 1701/2046/1454 1702/2071/1487 1668/2107/1529
f 1668/2107/1529 1702/2071/1487 1703/2069/1483 1669/2109/1531
f 1669/2109/1531 1703/2069/1483 1704/2067/1486 1670/2110/1532
f 1670/2110/1534 1704/2067/1479 1705/2065/1482 1671/2111/1535
f 1671/2111/1538 1705/2065/1477 1706/2063/1475 1672/2113/1539
f 1672/2113/1539 1706/2063/1475 1707/2061/1473 1673/2115/1541
f 1673/2115/1541 1707/2061/1473 1708/2059/1471 1674/2117/1543
f 1674/2117/1543 1708/2059/1471 1709/2057/1469 1675/2119/1545
f 1675/2119/1545 1709/2057/1469 1710/2055/1465 1676/2121/1547
f 1676/2121/1547 1710/2055/1465 1711/2053/1468 1677/2123/1549
f 1677/2123/1551 1711/2053/1461 1712/2051/1464 1678/2125/1552
f 1678/2125/1555 1712/2051/1459 1713/2049/1457 1679/2127/1556
f 1679/2127/1556 1713/2049/1457 1714/2047/1455 1680/2129/1558
f 1680/2129/1558 1714/2047/1455 1699/2041/1449 1681/2131/1560
f 1666/2134/1563 1700/2044/1452 1701/2046/1454 1667/2106/1528
f 1681/2131/1560 1699/2041/1449 1700/2044/1452 1666/2134/1563
f 1636/2045/1453 1716/2078/1494 1717/2103/1525 1637/2072/1488
f 1637/2072/1488 1717/2103/1525 1718/2101/1521 1638/2070/1484
f 1638/2070/1484 1718/2101/1521 1719/2099/1524 1639/2068/1485
f 1639/2068/1480 1719/2099/1518 1720/2097/1520 1640/2066/1481
f 1640/2066/1478 1720/2097/1516 1721/2095/1514 1641/2064/1476
f 1641/2064/1476 1721/2095/1514 1722/2093/1512 1642/2062/1474
f 1642/2062/1474 1722/2093/1512 1723/2091/1510 1643/2060/1472
f 1643/2060/1472 1723/2091/1510 1724/2089/1508 1644/2058/1470
f 1644/2058/1470 1724/2089/1508 1725/2087/1505 1645/2056/1466
f 1645/2056/1466 1725/2087/1505 1726/2085/1507 1646/2054/1467
f 1646/2054/1462 1726/2085/1501 1727/2083/1504 1647/2052/1463
f 1647/2052/1460 1727/2083/1499 1728/2081/1497 1648/2050/1458
f 1648/2050/1458 1728/2081/1497 1729/2079/1495 1649/2048/1456
f 1649/2048/1456 1729/2079/1495 1730/2073/1489 1634/2042/1450
f 1635/2043/1451 1715/2076/1492 1716/2078/1494 1636/2045/1453
f 1634/2042/1450 1730/2073/1489 1715/2076/1492 1635/2043/1451
f 1813/2149/1581 1747/2150/1582 1814/2151/1583
f 1814/2151/1583 1747/2150/1582 1815/2152/1584
f 1815/2152/1584 1747/2150/1582 1816/2153/1585
f 1816/2153/1586 1747/2150/1587 1817/2154/1588
f 1817/2154/1588 1747/2150/1587 1818/2155/1589
f 1818/2155/1589 1747/2150/1587 1819/2156/1590
f 1819/2156/1590 1747/2150/1587 1820/2157/1591
f 1820/2157/1591 1747/2150/1587 1821/2158/1592
f 1821/2158/1592 1747/2150/1587 1822/2159/1593
f 1822/2159/1593 1747/2150/1594 1823/2160/1595
f 1823/2160/1595 1747/2150/1594 1824/2161/1596
f 1824/2161/1597 1747/2150/1598 1825/2162/1599
f 1825/2162/1600 1747/2150/1582 1826/2163/1601
f 1826/2163/1601 1747/2150/1582 1811/2164/1602
f 1731/2165/1603 1732/2166/1603 1733/2167/1603 1734/2168/1603 1735/2169/1603 1736/2170/1603 1737/2171/1603 1738/2172/1603 1739/2173/1603 1740/2174/1603 1741/2175/1603 1742/2176/1603 1743/2177/1603 1744/2178/1603 1745/2179/1603 1746/2180/1603
f 1812/2181/1604 1747/2150/1582 1813/2149/1581
f 1734/2182/1605 1759/2183/1606 1758/2184/1607 1735/2185/1608
f 1811/2164/1602 1747/2150/1582 1812/2181/1604
f 1828/2186/1609 1763/2187/1610 1764/2188/1611 1829/2189/1612
f 1829/2189/1612 1764/2188/1611 1765/2190/1613 1830/2191/1614
f 1843/2192/1615 1778/2193/1616 1763/2187/1610 1828/2186/1609
f 1842/2194/1617 1777/2195/1618 1778/2193/1616 1843/2192/1615
f 1841/2196/1619 1776/2197/1620 1777/2195/1618 1842/2194/1617
f 1840/2198/1621 1775/2199/1622 1776/2197/1623 1841/2196/1624
f 1839/2200/1625 1774/2201/1626 1775/2199/1627 1840/2198/1628
f 1838/2202/1629 1773/2203/1630 1774/2201/1626 1839/2200/1625
f 1837/2204/1631 1772/2205/1632 1773/2203/1630 1838/2202/1629
f 1836/2206/1633 1771/2207/1634 1772/2205/1632 1837/2204/1631
f 1835/2208/1635 1770/2209/1636 1771/2207/1634 1836/2206/1633
f 1834/2210/1637 1769/2211/1638 1770/2209/1636 1835/2208/1635
f 1833/2212/1639 1768/2213/1640 1769/2211/1641 1834/2210/1642
f 1832/2214/1643 1767/2215/1644 1768/2213/1645 1833/2212/1646
f 1831/2216/1647 1766/2217/1648 1767/2215/1644 1832/2214/1643
f 1830/2191/1614 1765/2190/1613 1766/2217/1648 1831/2216/1647
f 1859/2218/1649 1779/2219/1650 1780/2220/1651 1844/2221/1652
f 1844/2221/1652 1780/2220/1651 1781/2222/1653 1845/2223/1654
f 1858/2224/1655 1794/2225/1656 1779/2219/1650 1859/2218/1649
f 1857/2226/1657 1793/2227/1658 1794/2225/1656 1858/2224/1655
f 1856/2228/1659 1792/2229/1660 1793/2227/1658 1857/2226/1657
f 1855/2230/1661 1791/2231/1662 1792/2229/1663 1856/2228/1664
f 1854/2232/1665 1790/2233/1666 1791/2231/1662 1855/2230/1667
f 1853/2234/1668 1789/2235/1669 1790/2233/1666 1854/2232/1665
f 1852/2236/1670 1788/2237/1671 1789/2235/1669 1853/2234/1668
f 1851/2238/1672 1787/2239/1673 1788/2237/1671 1852/2236/1670
f 1850/2240/1674 1786/2241/1675 1787/2239/1673 1851/2238/1672
f 1849/2242/1676 1785/2243/1677 1786/2241/1675 1850/2240/1674
f 1848/2244/1678 1784/2245/1679 1785/2243/1677 1849/2242/1680
f 1847/2246/1681 1783/2247/1682 1784/2245/1683 1848/2244/1684
f 1846/2248/1685 1782/2249/1686 1783/2247/1682 1847/2246/1681
f 1845/2223/1654 1781/2222/1653 1782/2249/1686 1846/2248/1685
f 1761/2250/1687 1796/2251/1688 1797/2252/1689 1760/2253/1690
f 1760/2253/1690 1797/2252/1689 1798/2254/1691 1759/2183/1606
f 1759/2183/1606 1798/2254/1691 1799/2255/1692 1758/2184/1607
f 1758/2184/1693 1799/2255/1694 1800/2256/1695 1757/2257/1696
f 1757/2257/1697 1800/2256/1698 1801/2258/1699 1756/2259/1700
f 1756/2259/1700 1801/2258/1699 1802/2260/1701 1755/2261/1702
f 1755/2261/1702 1802/2260/1701 1803/2262/1703 1754/2263/1704
f 1754/2263/1704 1803/2262/1703 1804/2264/1705 1753/2265/1706
f 1753/2265/1706 1804/2264/1705 1805/2266/1707 1752/2267/1708
f 1752/2267/1708 1805/2266/1707 1806/2268/1709 1751/2269/1710
f 1751/2269/1710 1806/2268/1711 1807/2270/1712 1750/2271/1713
f 1750/2271/1714 1807/2270/1715 1808/2272/1716 1749/2273/1717
f 1749/2273/1717 1808/2272/1716 1809/2274/1718 1748/2275/1719
f 1748/2275/1719 1809/2274/1718 1810/2276/1720 1827/2277/1721
f 1762/2278/1722 1795/2279/1723 1796/2251/1688 1761/2250/1687
f 1827/2277/1721 1810/2276/1720 1795/2279/1723 1762/2278/1722
f 1779/2219/1650 1811/2164/1602 1812/2181/1604 1780/2220/1651
f 1780/2220/1651 1812/2181/1604 1813/2149/1581 1781/2222/1653
f 1794/2225/1656 1826/2163/1601 1811/2164/1602 1779/2219/1650
f 1793/2227/1658 1825/2162/1600 1826/2163/1601 1794/2225/1656
f 1792/2229/1660 1824/2161/1597 1825/2162/1599 1793/2227/1658
f 1791/2231/1662 1823/2160/1595 1824/2161/1596 1792/2229/1663
f 1790/2233/1666 1822/2159/1593 1823/2160/1595 1791/2231/1662
f 1789/2235/1669 1821/2158/1592 1822/2159/1593 1790/2233/1666
f 1788/2237/1671 1820/2157/1591 1821/2158/1592 1789/2235/1669
f 1787/2239/1673 1819/2156/1590 1820/2157/1591 1788/2237/1671
f 1786/2241/1675 1818/2155/1589 1819/2156/1590 1787/2239/1673
f 1785/2243/1677 1817/2154/1588 1818/2155/1589 1786/2241/1675
f 1784/2245/1679 1816/2153/1586 1817/2154/1588 1785/2243/1677
f 1783/2247/1682 1815/2152/1584 1816/2153/1585 1784/2245/1683
f 1782/2249/1686 1814/2151/1583 1815/2152/1584 1783/2247/1682
f 1781/2222/1653 1813/2149/1581 1814/2151/1583 1782/2249/1686
f 1735/2185/1724 1758/2184/1693 1757/2257/1696 1736/2280/1724
f 1736/2280/1725 1757/2257/1697 1756/2259/1700 1737/2281/1726
f 1737/2281/1726 1756/2259/1700 1755/2261/1702 1738/2282/1727
f 1738/2282/1728 1755/2261/1702 1754/2263/1704 1739/2283/1729
f 1739/2283/1729 1754/2263/1704 1753/2265/1706 1740/2284/1730
f 1740/2284/1730 1753/2265/1706 1752/2267/1708 1741/2285/1731
f 1741/2285/1731 1752/2267/1708 1751/2269/1710 1742/2286/1732
f 1742/2286/1732 1751/2269/1710 1750/2271/1713 1743/2287/1733
f 1743/2287/1734 1750/2271/1714 1749/2273/1717 1744/2288/1735
f 1744/2288/1735 1749/2273/1717 1748/2275/1719 1745/2289/1736
f 1745/2289/1736 1748/2275/1719 1827/2277/1721 1746/2290/1737
f 1731/2291/1738 1762/2278/1722 1761/2250/1687 1732/2292/1739
f 1746/2290/1737 1827/2277/1721 1762/2278/1722 1731/2291/1738
f 1733/2293/1740 1760/2253/1690 1759/2183/1606 1734/2182/1605
f 1732/2292/1739 1761/2250/1687 1760/2253/1690 1733/2293/1740
f 1796/2251/1688 1830/2191/1614 1831/2216/1647 1797/2252/1689
f 1797/2252/1689 1831/2216/1647 1832/2214/1643 1798/2254/1691
f 1798/2254/1691 1832/2214/1643 1833/2212/1646 1799/2255/1692
f 1799/2255/1694 1833/2212/1639 1834/2210/1642 1800/2256/1695
f 1800/2256/1698 1834/2210/1637 1835/2208/1635 1801/2258/1699
f 1801/2258/1699 1835/2208/1635 1836/2206/1633 1802/2260/1701
f 1802/2260/1701 1836/2206/1633 1837/2204/1631 1803/2262/1703
f 1803/2262/1703 1837/2204/1631 1838/2202/1629 1804/2264/1705
f 1804/2264/1705 1838/2202/1629 1839/2200/1625 1805/2266/1707
f 1805/2266/1707 1839/2200/1625 1840/2198/1628 1806/2268/1709
f 1806/2268/1711 1840/2198/1621 1841/2196/1624 1807/2270/1712
f 1807/2270/1715 1841/2196/1619 1842/2194/1617 1808/2272/1716
f 1808/2272/1716 1842/2194/1617 1843/2192/1615 1809/2274/1718
f 1809/2274/1718 1843/2192/1615 1828/2186/1609 1810/2276/1720
f 1795/2279/1723 1829/2189/1612 1830/2191/1614 1796/2251/1688
f 1810/2276/1720 1828/2186/1609 1829/2189/1612 1795/2279/1723
f 1765/2190/1613 1845/2223/1654 1846/2248/1685 1766/2217/1648
f 1766/2217/1648 1846/2248/1685 1847/2246/1681 1767/2215/1644
f 1767/2215/1644 1847/2246/1681 1848/2244/1684 1768/2213/1645
f 1768/2213/1640 1848/2244/1678 1849/2242/1680 1769/2211/1641
f 1769/2211/1638 1849/2242/1676 1850/2240/1674 1770/2209/1636
f 1770/2209/1636 1850/2240/1674 1851/2238/1672 1771/2207/1634
f 1771/2207/1634 1851/2238/1672 1852/2236/1670 1772/2205/1632
f 1772/2205/1632 1852/2236/1670 1853/2234/1668 1773/2203/1630
f 1773/2203/1630 1853/2234/1668 1854/2232/1665 1774/2201/1626
f 1774/2201/1626 1854/2232/1665 1855/2230/1667 1775/2199/1627
f 1775/2199/1622 1855/2230/1661 1856/2228/1664 1776/2197/1623
f 1776/2197/1620 1856/2228/1659 1857/2226/1657 1777/2195/1618
f 1777/2195/1618 1857/2226/1657 1858/2224/1655 1778/2193/1616
f 1778/2193/1616 1858/2224/1655 1859/2218/1649 1763/2187/1610
f 1764/2188/1611 1844/2221/1652 1845/2223/1654 1765/2190/1613
f 1763/2187/1610 1859/2218/1649 1844/2221/1652 1764/2188/1611
f 1942/2294/1741 1876/2295/1742 1943/2296/1743
f 1943/2296/1743 1876/2295/1742 1944/2297/1744
f 1944/2297/1744 1876/2295/1742 1945/2298/1745
f 1945/2298/1746 1876/2295/1747 1946/2299/1748
f 1946/2299/1748 1876/2295/1747 1947/2300/1749
f 1947/2300/1749 1876/2295/1747 1948/2301/1750
f 1948/2301/1750 1876/2295/1747 1949/2302/1751
f 1949/2302/1751 1876/2295/1747 1950/2303/1752
f 1950/2303/1752 1876/2295/1747 1951/2304/1753
f 1951/2304/1753 1876/2295/1754 1952/2305/1755
f 1952/2305/1755 1876/2295/1754 1953/2306/1756
f 1953/2306/1757 1876/2295/1758 1954/2307/1759
f 1954/2307/1760 1876/2295/1742 1955/2308/1761
f 1955/2308/1761 1876/2295/1742 1940/2309/1762
f 1860/2310/1763 1861/2311/1763 1862/2312/1763 1863/2313/1763 1864/2314/1763 1865/2315/1763 1866/2316/1763 1867/2317/1763 1868/2318/1763 1869/2319/1763 1870/2320/1763 1871/2321/1763 1872/2322/1763 1873/2323/1763 1874/2324/1763 1875/2325/1763
f 1941/2326/1764 1876/2295/1742 1942/2294/1741
f 1863/2327/1765 1888/2328/1766 1887/2329/1767 1864/2330/1768
f 1940/2309/1762 1876/2295/1742 1941/2326/1764
f 1957/2331/1769 1892/2332/1770 1893/2333/1771 1958/2334/1772
f 1958/2334/1772 1893/2333/1771 1894/2335/1773 1959/2336/1774
f 1972/2337/1775 1907/2338/1776 1892/2332/1770 1957/2331/1769
f 1971/2339/1777 1906/2340/1778 1907/2338/1776 1972/2337/1775
f 1970/2341/1779 1905/2342/1780 1906/2340/1778 1971/2339/1777
f 1969/2343/1781 1904/2344/1782 1905/2342/1783 1970/2341/1784
f 1968/2345/1785 1903/2346/1786 1904/2344/1787 1969/2343/1788
f 1967/2347/1789 1902/2348/1790 1903/2346/1786 1968/2345/1785
f 1966/2349/1791 1901/2350/1792 1902/2348/1790 1967/2347/1789
f 1965/2351/1793 1900/2352/1794 1901/2350/1792 1966/2349/1791
f 1964/2353/1795 1899/2354/1796 1900/2352/1794 1965/2351/1793
f 1963/2355/1797 1898/2356/1798 1899/2354/1796 1964/2353/1795
f 1962/2357/1799 1897/2358/1800 1898/2356/1801 1963/2355/1802
f 1961/2359/1803 1896/2360/1804 1897/2358/1805 1962/2357/1806
f 1960/2361/1807 1895/2362/1808 1896/2360/1804 1961/2359/1803
f 1959/2336/1774 1894/2335/1773 1895/2362/1808 1960/2361/1807
f 1988/2363/1809 1908/2364/1810 1909/2365/1811 1973/2366/1812
f 1973/2366/1812 1909/2365/1811 1910/2367/1813 1974/2368/1814
f 1987/2369/1815 1923/2370/1816 1908/2364/1810 1988/2363/1809
f 1986/2371/1817 1922/2372/1818 1923/2370/1816 1987/2369/1815
f 1985/2373/1819 1921/2374/1820 1922/2372/1818 1986/2371/1817
f 1984/2375/1821 1920/2376/1822 1921/2374/1823 1985/2373/1824
f 1983/2377/1825 1919/2378/1826 1920/2376/1822 1984/2375/1827
f 1982/2379/1828 1918/2380/1829 1919/2378/1826 1983/2377/1825
f 1981/2381/1830 1917/2382/1831 1918/2380/1829 1982/2379/1828
f 1980/2383/1832 1916/2384/1833 1917/2382/1831 1981/2381/1830
f 1979/2385/1834 1915/2386/1835 1916/2384/1833 1980/2383/1832
f 1978/2387/1836 1914/2388/1837 1915/2386/1835 1979/2385/1834
f 1977/2389/1838 1913/2390/1839 1914/2388/1837 1978/2387/1840
f 1976/2391/1841 1912/2392/1842 1913/2390/1843 1977/2389/1844
f 1975/2393/1845 1911/2394/1846 1912/2392/1842 1976/2391/1841
f 1974/2368/1814 1910/2367/1813 1911/2394/1846 1975/2393/1845
f 1890/2395/1847 1925/2396/1848 1926/2397/1849 1889/2398/1850
f 1889/2398/1850 1926/2397/1849 1927/2399/1851 1888/2328/1766
f 1888/2328/1766 1927/2399/1851 1928/2400/1852 1887/2329/1767
f 1887/2329/1853 1928/2400/1854 1929/2401/1855 1886/2402/1856
f 1886/2402/1857 1929/2401/1858 1930/2403/1859 1885/2404/1860
f 1885/2404/1860 1930/2403/1859 1931/2405/1861 1884/2406/1862
f 1884/2406/1862 1931/2405/1861 1932/2407/1863 1883/2408/1864
f 1883/2408/1864 1932/2407/1863 1933/2409/1865 1882/2410/1866
f 1882/2410/1866 1933/2409/1865 1934/2411/1867 1881/2412/1868
f 1881/2412/1868 1934/2411/1867 1935/2413/1869 1880/2414/1870
f 1880/2414/1870 1935/2413/1871 1936/2415/1872 1879/2416/1873
f 1879/2416/1874 1936/2415/1875 1937/2417/1876 1878/2418/1877
f 1878/2418/1877 1937/2417/1876 1938/2419/1878 1877/2420/1879
f 1877/2420/1879 1938/2419/1878 1939/2421/1880 1956/2422/1881
f 1891/2423/1882 1924/2424/1883 1925/2396/1848 1890/2395/1847
f 1956/2422/1881 1939/2421/1880 1924/2424/1883 1891/2423/1882
f 1908/2364/1810 1940/2309/1762 1941/2326/1764 1909/2365/1811
f 1909/2365/1811 1941/2326/1764 1942/2294/1741 1910/2367/1813
f 1923/2370/1816 1955/2308/1761 1940/2309/1762 1908/2364/1810
f 1922/2372/1818 1954/2307/1760 1955/2308/1761 1923/2370/1816
f 1921/2374/1820 1953/2306/1757 1954/2307/1759 1922/2372/1818
f 1920/2376/1822 1952/2305/1755 1953/2306/1756 1921/2374/1823
f 1919/2378/1826 1951/2304/1753 1952/2305/1755 1920/2376/1822
f 1918/2380/1829 1950/2303/1752 1951/2304/1753 1919/2378/1826
f 1917/2382/1831 1949/2302/1751 1950/2303/1752 1918/2380/1829
f 1916/2384/1833 1948/2301/1750 1949/2302/1751 1917/2382/1831
f 1915/2386/1835 1947/2300/1749 1948/2301/1750 1916/2384/1833
f 1914/2388/1837 1946/2299/1748 1947/2300/1749 1915/2386/1835
f 1913/2390/1839 1945/2298/1746 1946/2299/1748 1914/2388/1837
f 1912/2392/1842 1944/2297/1744 1945/2298/1745 1913/2390/1843
f 1911/2394/1846 1943/2296/1743 1944/2297/1744 1912/2392/1842
f 1910/2367/1813 1942/2294/1741 1943/2296/1743 1911/2394/1846
f 1864/2330/1884 1887/2329/1853 1886/2402/1856 1865/2425/1884
f 1865/2425/1885 1886/2402/1857 1885/2404/1860 1866/2426/1886
f 1866/2426/1886 1885/2404/1860 1884/2406/1862 1867/2427/1887
f 1867/2427/1888 1884/2406/1862 1883/2408/1864 1868/2428/1889
f 1868/2428/1889 1883/2408/1864 1882/2410/1866 1869/2429/1890
f 1869/2429/1890 1882/2410/1866 1881/2412/1868 1870/2430/1891
f 1870/2430/1891 1881/2412/1868 1880/2414/1870 1871/2431/1892
f 1871/2431/1892 1880/2414/1870 1879/2416/1873 1872/2432/1893
f 1872/2432/1894 1879/2416/1874 1878/2418/1877 1873/2433/1895
f 1873/2433/1895 1878/2418/1877 1877/2420/1879 1874/2434/1896
f 1874/2434/1896 1877/2420/1879 1956/2422/1881 1875/2435/1897
f 1860/2436/1898 1891/2423/1882 1890/2395/1847 1861/2437/1899
f 1875/2435/1897 1956/2422/1881 1891/2423/1882 1860/2436/1898
f 1862/2438/1900 1889/2398/1850 1888/2328/1766 1863/2327/1765
f 1861/2437/1899 1890/2395/1847 1889/2398/1850 1862/2438/1900
f 1925/2396/1848 1959/2336/1774 1960/2361/1807 1926/2397/1849
f 1926/2397/1849 1960/2361/1807 1961/2359/1803 1927/2399/1851
f 1927/2399/1851 1961/2359/1803 1962/2357/1806 1928/2400/1852
f 1928/2400/1854 1962/2357/1799 1963/2355/1802 1929/2401/1855
f 1929/2401/1858 1963/2355/1797 1964/2353/1795 1930/2403/1859
f 1930/2403/1859 1964/2353/1795 1965/2351/1793 1931/2405/1861
f 1931/2405/1861 1965/2351/1793 1966/2349/1791 1932/2407/1863
f 1932/2407/1863 1966/2349/1791 1967/2347/1789 1933/2409/1865
f 1933/2409/1865 1967/2347/1789 1968/2345/1785 1934/2411/1867
f 1934/2411/1867 1968/2345/1785 1969/2343/1788 1935/2413/1869
f 1935/2413/1871 1969/2343/1781 1970/2341/1784 1936/2415/1872
f 1936/2415/1875 1970/2341/1779 1971/2339/1777 1937/2417/1876
f 1937/2417/1876 1971/2339/1777 1972/2337/1775 1938/2419/1878
f 1938/2419/1878 1972/2337/1775 1957/2331/1769 1939/2421/1880
f 1924/2424/1883 1958/2334/1772 1959/2336/1774 1925/2396/1848
f 1939/2421/1880 1957/2331/1769 1958/2334/1772 1924/2424/1883
f 1894/2335/1773 1974/2368/1814 1975/2393/1845 1895/2362/1808
f 1895/2362/1808 1975/2393/1845 1976/2391/1841 1896/2360/1804
f 1896/2360/1804 1976/2391/1841 1977/2389/1844 1897/2358/1805
f 1897/2358/1800 1977/2389/1838 1978/2387/1840 1898/2356/1801
f 1898/2356/1798 1978/2387/1836 1979/2385/1834 1899/2354/1796
f 1899/2354/1796 1979/2385/1834 1980/2383/1832 1900/2352/1794
f 1900/2352/1794 1980/2383/1832 1981/2381/1830 1901/2350/1792
f 1901/2350/1792 1981/2381/1830 1982/2379/1828 1902/2348/1790
f 1902/2348/1790 1982/2379/1828 1983/2377/1825 1903/2346/1786
f 1903/2346/1786 1983/2377/1825 1984/2375/1827 1904/2344/1787
f 1904/2344/1782 1984/2375/1821 1985/2373/1824 1905/2342/1783
f 1905/2342/1780 1985/2373/1819 1986/2371/1817 1906/2340/1778
f 1906/2340/1778 1986/2371/1817 1987/2369/1815 1907/2338/1776
f 1907/2338/1776 1987/2369/1815 1988/2363/1809 1892/2332/1770
f 1893/2333/1771 1973/2366/1812 1974/2368/1814 1894/2335/1773
f 1892/2332/1770 1988/2363/1809 1973/2366/1812 1893/2333/1771
f 2071/2439/1901 2005/2440/1902 2072/2441/1903
f 2072/2441/1903 2005/2440/1902 2073/2442/1904
f 2073/2442/1904 2005/2440/1902 2074/2443/1905
f 2074/2443/1906 2005/2440/1907 2075/2444/1908
f 2075/2444/1908 2005/2440/1907 2076/2445/1909
f 2076/2445/1909 2005/2440/1907 2077/2446/1910
f 2077/2446/1910 2005/2440/1907 2078/2447/1911
f 2078/2447/1911 2005/2440/1907 2079/2448/1912
f 2079/2448/1912 2005/2440/1907 2080/2449/1913
f 2080/2449/1913 2005/2440/1914 2081/2450/1915
f 2081/2450/1915 2005/2440/1914 2082/2451/1916
f 2082/2451/1917 2005/2440/1918 2083/2452/1919
f 2083/2452/1920 2005/2440/1902 2084/2453/1921
f 2084/2453/1921 2005/2440/1902 2069/2454/1922
f 1989/2455/1923 1990/2456/1923 1991/2457/1923 1992/2458/1923 1993/2459/1923 1994/2460/1923 1995/2461/1923 1996/2462/1923 1997/2463/1923 1998/2464/1923 1999/2465/1923 2000/2466/1923 2001/2467/1923 2002/2468/1923 2003/2469/1923 2004/2470/1923
f 2070/2471/1924 2005/2440/1902 2071/2439/1901
f 1992/2472/1925 2017/2473/1926 2016/2474/1927 1993/2475/1928
f 2069/2454/1922 2005/2440/1902 2070/2471/1924
f 2086/2476/1929 2021/2477/1930 2022/2478/1931 2087/2479/1932
f 2087/2479/1932 2022/2478/1931 2023/2480/1933 2088/2481/1934
f 2101/2482/1935 2036/2483/1936 2021/2477/1930 2086/2476/1929
f 2100/2484/1937 2035/2485/1938 2036/2483/1936 2101/2482/1935
f 2099/2486/1939 2034/2487/1940 2035/2485/1938 2100/2484/1937
f 2098/2488/1941 2033/2489/1942 2034/2487/1943 2099/2486/1944
f 2097/2490/1945 2032/2491/1946 2033/2489/1947 2098/2488/1948
f 2096/2492/1949 2031/2493/1950 2032/2491/1946 2097/2490/1945
f 2095/2494/1951 2030/2495/1952 2031/2493/1950 2096/2492/1949
f 2094/2496/1953 2029/2497/1954 2030/2495/1952 2095/2494/1951
f 2093/2498/1955 2028/2499/1956 2029/2497/1954 2094/2496/1953
f 2092/2500/1957 2027/2501/1958 2028/2499/1956 2093/2498/1955
f 2091/2502/1959 2026/2503/1960 2027/2501/1961 2092/2500/1962
f 2090/2504/1963 2025/2505/1964 2026/2503/1965 2091/2502/1966
f 2089/2506/1967 2024/2507/1968 2025/2505/1964 2090/2504/1963
f 2088/2481/1934 2023/2480/1933 2024/2507/1968 2089/2506/1967
f 2117/2508/1969 2037/2509/1970 2038/2510/1971 2102/2511/1972
f 2102/2511/1972 2038/2510/1971 2039/2512/1973 2103/2513/1974
f 2116/2514/1975 2052/2515/1976 2037/2509/1970 2117/2508/1969
f 2115/2516/1977 2051/2517/1978 2052/2515/1976 2116/2514/1975
f 2114/2518/1979 2050/2519/1980 2051/2517/1978 2115/2516/1977
f 2113/2520/1981 2049/2521/1982 2050/2519/1983 2114/2518/1984
f 2112/2522/1985 2048/2523/1986 2049/2521/1982 2113/2520/1987
f 2111/2524/1988 2047/2525/1989 2048/2523/1986 2112/2522/1985
f 2110/2526/1990 2046/2527/1991 2047/2525/1989 2111/2524/1988
f 2109/2528/1992 2045/2529/1993 2046/2527/1991 2110/2526/1990
f 2108/2530/1994 2044/2531/1995 2045/2529/1993 2109/2528/1992
f 2107/2532/1996 2043/2533/1997 2044/2531/1995 2108/2530/1994
f 2106/2534/1998 2042/2535/1999 2043/2533/1997 2107/2532/2000
f 2105/2536/2001 2041/2537/2002 2042/2535/2003 2106/2534/2004
f 2104/2538/2005 2040/2539/2006 2041/2537/2002 2105/2536/2001
f 2103/2513/1974 2039/2512/1973 2040/2539/2006 2104/2538/2005
f 2019/2540/2007 2054/2541/2008 2055/2542/2009 2018/2543/2010
f 2018/2543/2010 2055/2542/2009 2056/2544/2011 2017/2473/1926
f 2017/2473/1926 2056/2544/2011 2057/2545/2012 2016/2474/1927
f 2016/2474/2013 2057/2545/2014 2058/2546/2015 2015/2547/2016
f 2015/2547/2017 2058/2546/2018 2059/2548/2019 2014/2549/2020
f 2014/2549/2020 2059/2548/2019 2060/2550/2021 2013/2551/2022
f 2013/2551/2022 2060/2550/2021 2061/2552/2023 2012/2553/2024
f 2012/2553/2024 2061/2552/2023 2062/2554/2025 2011/2555/2026
f 2011/2555/2026 2062/2554/2025 2063/2556/2027 2010/2557/2028
f 2010/2557/2028 2063/2556/2027 2064/2558/2029 2009/2559/2030
f 2009/2559/2030 2064/2558/2031 2065/2560/2032 2008/2561/2033
f 2008/2561/2034 2065/2560/2035 2066/2562/2036 2007/2563/2037
f 2007/2563/2037 2066/2562/2036 2067/2564/2038 2006/2565/2039
f 2006/2565/2039 2067/2564/2038 2068/2566/2040 2085/2567/2041
f 2020/2568/2042 2053/2569/2043 2054/2541/2008 2019/2540/2007
f 2085/2567/2041 2068/2566/2040 2053/2569/2043 2020/2568/2042
f 2037/2509/1970 2069/2454/1922 2070/2471/1924 2038/2510/1971
f 2038/2510/1971 2070/2471/1924 2071/2439/1901 2039/2512/1973
f 2052/2515/1976 2084/2453/1921 2069/2454/1922 2037/2509/1970
f 2051/2517/1978 2083/2452/1920 2084/2453/1921 2052/2515/1976
f 2050/2519/1980 2082/2451/1917 2083/2452/1919 2051/2517/1978
f 2049/2521/1982 2081/2450/1915 2082/2451/1916 2050/2519/1983
f 2048/2523/1986 2080/2449/1913 2081/2450/1915 2049/2521/1982
f 2047/2525/1989 2079/2448/1912 2080/2449/1913 2048/2523/1986
f 2046/2527/1991 2078/2447/1911 2079/2448/1912 2047/2525/1989
f 2045/2529/1993 2077/2446/1910 2078/2447/1911 2046/2527/1991
f 2044/2531/1995 2076/2445/1909 2077/2446/1910 2045/2529/1993
f 2043/2533/1997 2075/2444/1908 2076/2445/1909 2044/2531/1995
f 2042/2535/1999 2074/2443/1906 2075/2444/1908 2043/2533/1997
f 2041/2537/2002 2073/2442/1904 2074/2443/1905 2042/2535/2003
f 2040/2539/2006 2072/2441/1903 2073/2442/1904 2041/2537/2002
f 2039/2512/1973 2071/2439/1901 2072/2441/1903 2040/2539/2006
f 1993/2475/2044 2016/2474/2013 2015/2547/2016 1994/2570/2044
f 1994/2570/2045 2015/2547/2017 2014/2549/2020 1995/2571/2046
f 1995/2571/2046 2014/2549/2020 2013/2551/2022 1996/2572/2047
f 1996/2572/2048 2013/2551/2022 2012/2553/2024 1997/2573/2049
f 1997/2573/2049 2012/2553/2024 2011/2555/2026 1998/2574/2050
f 1998/2574/2050 2011/2555/2026 2010/2557/2028 1999/2575/2051
f 1999/2575/2051 2010/2557/2028 2009/2559/2030 2000/2576/2052
f 2000/2576/2052 2009/2559/2030 2008/2561/2033 2001/2577/2053
f 2001/2577/2054 2008/2561/2034 2007/2563/2037 2002/2578/2055
f 2002/2578/2055 2007/2563/2037 2006/2565/2039 2003/2579/2056
f 2003/2579/2056 2006/2565/2039 2085/2567/2041 2004/2580/2057
f 1989/2581/2058 2020/2568/2042 2019/2540/2007 1990/2582/2059
f 2004/2580/2057 2085/2567/2041 2020/2568/2042 1989/2581/2058
f 1991/2583/2060 2018/2543/2010 2017/2473/1926 1992/2472/1925
f 1990/2582/2059 2019/2540/2007 2018/2543/2010 1991/2583/2060
f 2054/2541/2008 2088/2481/1934 2089/2506/1967 2055/2542/2009
f 2055/2542/2009 2089/2506/1967 2090/2504/1963 2056/2544/2011
f 2056/2544/2011 2090/2504/1963 2091/2502/1966 2057/2545/2012
f 2057/2545/2014 2091/2502/1959 2092/2500/1962 2058/2546/2015
f 2058/2546/2018 2092/2500/1957 2093/2498/1955 2059/2548/2019
f 2059/2548/2019 2093/2498/1955 2094/2496/1953 2060/2550/2021
f 2060/2550/2021 2094/2496/1953 2095/2494/1951 2061/2552/2023
f 2061/2552/2023 2095/2494/1951 2096/2492/1949 2062/2554/2025
f 2062/2554/2025 2096/2492/1949 2097/2490/1945 2063/2556/2027
f 2063/2556/2027 2097/2490/1945 2098/2488/1948 2064/2558/2029
f 2064/2558/2031 2098/2488/1941 2099/2486/1944 2065/2560/2032
f 2065/2560/2035 2099/2486/1939 2100/2484/1937 2066/2562/2036
f 2066/2562/2036 2100/2484/1937 2101/2482/1935 2067/2564/2038
f 2067/2564/2038 2101/2482/1935 2086/2476/1929 2068/2566/2040
f 2053/2569/2043 2087/2479/1932 2088/2481/1934 2054/2541/2008
f 2068/2566/2040 2086/2476/1929 2087/2479/1932 2053/2569/2043
f 2023/2480/1933 2103/2513/1974 2104/2538/2005 2024/2507/1968
f 2024/2507/1968 2104/2538/2005 2105/2536/2001 2025/2505/1964
f 2025/2505/1964 2105/2536/2001 2106/2534/2004 2026/2503/1965
f 2026/2503/1960 2106/2534/1998 2107/2532/2000 2027/2501/1961
f 2027/2501/1958 2107/2532/1996 2108/2530/1994 2028/2499/1956
f 2028/2499/1956 2108/2530/1994 2109/2528/1992 2029/2497/1954
f 2029/2497/1954 2109/2528/1992 2110/2526/1990 2030/2495/1952
f 2030/2495/1952 2110/2526/1990 2111/2524/1988 2031/2493/1950
f 2031/2493/1950 2111/2524/1988 2112/2522/1985 2032/2491/1946
f 2032/2491/1946 2112/2522/1985 2113/2520/1987 2033/2489/1947
f 2033/2489/1942 2113/2520/1981 2114/2518/1984 2034/2487/1943
f 2034/2487/1940 2114/2518/1979 2115/2516/1977 2035/2485/1938
f 2035/2485/1938 2115/2516/1977 2116/2514/1975 2036/2483/1936
f 2036/2483/1936 2116/2514/1975 2117/2508/1969 2021/2477/1930
f 2022/2478/1931 2102/2511/1972 2103/2513/1974 2023/2480/1933
f 2021/2477/1930 2117/2508/1969 2102/2511/1972 2022/2478/1931
f 2200/2584/2061 2134/2585/2062 2201/2586/2063
f 2201/2586/2063 2134/2585/2062 2202/2587/2064
f 2202/2587/2064 2134/2585/2062 2203/2588/2065
f 2203/2588/2066 2134/2585/2067 2204/2589/2068
f 2204/2589/2068 2134/2585/2067 2205/2590/2069
f 2205/2590/2069 2134/2585/2067 2206/2591/2070
f 2206/2591/2070 2134/2585/2067 2207/2592/2071
f 2207/2592/2071 2134/2585/2067 2208/2593/2072
f 2208/2593/2072 2134/2585/2067 2209/2594/2073
f 2209/2594/2073 2134/2585/2074 2210/2595/2075
f 2210/2595/2075 2134/2585/2074 2211/2596/2076
f 2211/2596/2077 2134/2585/2078 2212/2597/2079
f 2212/2597/2080 2134/2585/2062 2213/2598/2081
f 2213/2598/2081 2134/2585/2062 2198/2599/2082
f 2118/2600/2083 2119/2601/2083 2120/2602/2083 2121/2603/2083 2122/2604/2083 2123/2605/2083 2124/2606/2083 2125/2607/2083 2126/2608/2083 2127/2609/2083 2128/2610/2083 2129/2611/2083 2130/2612/2083 2131/2613/2083 2132/2614/2083 2133/2615/2083
f 2199/2616/2084 2134/2585/2062 2200/2584/2061
f 2121/2617/2085 2146/2618/2086 2145/2619/2087 2122/2620/2088
f 2198/2599/2082 2134/2585/2062 2199/2616/2084
f 2215/2621/2089 2150/2622/2090 2151/2623/2091 2216/2624/2092
f 2216/2624/2092 2151/2623/2091 2152/2625/2093 2217/2626/2094
f 2230/2627/2095 2165/2628/2096 2150/2622/2090 2215/2621/2089
f 2229/2629/2097 2164/2630/2098 2165/2628/2096 2230/2627/2095
f 2228/2631/2099 2163/2632/2100 2164/2630/2098 2229/2629/2097
f 2227/2633/2101 2162/2634/2102 2163/2632/2103 2228/2631/2104
f 2226/2635/2105 2161/2636/2106 2162/2634/2107 2227/2633/2108
f 2225/2637/2109 2160/2638/2110 2161/2636/2106 2226/2635/2105
f 2224/2639/2111 2159/2640/2112 2160/2638/2110 2225/2637/2109
f 2223/2641/2113 2158/2642/2114 2159/2640/2112 2224/2639/2111
f 2222/2643/2115 2157/2644/2116 2158/2642/2114 2223/2641/2113
f 2221/2645/2117 2156/2646/2118 2157/2644/2116 2222/2643/2115
f 2220/2647/2119 2155/2648/2120 2156/2646/2121 2221/2645/2122
f 2219/2649/2123 2154/2650/2124 2155/2648/2125 2220/2647/2126
f 2218/2651/2127 2153/2652/2128 2154/2650/2124 2219/2649/2123
f 2217/2626/2094 2152/2625/2093 2153/2652/2128 2218/2651/2127
f 2246/2653/2129 2166/2654/2130 2167/2655/2131 2231/2656/2132
f 2231/2656/2132 2167/2655/2131 2168/2657/2133 2232/2658/2134
f 2245/2659/2135 2181/2660/2136 2166/2654/2130 2246/2653/2129
f 2244/2661/2137 2180/2662/2138 2181/2660/2136 2245/2659/2135
f 2243/2663/2139 2179/2664/2140 2180/2662/2138 2244/2661/2137
f 2242/2665/2141 2178/2666/2142 2179/2664/2143 2243/2663/2144
f 2241/2667/2145 2177/2668/2146 2178/2666/2142 2242/2665/2147
f 2240/2669/2148 2176/2670/2149 2177/2668/2146 2241/2667/2145
f 2239/2671/2150 2175/2672/2151 2176/2670/2149 2240/2669/2148
f 2238/2673/2152 2174/2674/2153 2175/2672/2151 2239/2671/2150
f 2237/2675/2154 2173/2676/2155 2174/2674/2153 2238/2673/2152
f 2236/2677/2156 2172/2678/2157 2173/2676/2155 2237/2675/2154
f 2235/2679/2158 2171/2680/2159 2172/2678/2157 2236/2677/2160
f 2234/2681/2161 2170/2682/2162 2171/2680/2163 2235/2679/2164
f 2233/2683/2165 2169/2684/2166 2170/2682/2162 2234/2681/2161
f 2232/2658/2134 2168/2657/2133 2169/2684/2166 2233/2683/2165
f 2148/2685/2167 2183/2686/2168 2184/2687/2169 2147/2688/2170
f 2147/2688/2170 2184/2687/2169 2185/2689/2171 2146/2618/2086
f 2146/2618/2086 2185/2689/2171 2186/2690/2172 2145/2619/2087
f 2145/2619/2173 2186/2690/2174 2187/2691/2175 2144/2692/2176
f 2144/2692/2177 2187/2691/2178 2188/2693/2179 2143/2694/2180
f 2143/2694/2180 2188/2693/2179 2189/2695/2181 2142/2696/2182
f 2142/2696/2182 2189/2695/2181 2190/2697/2183 2141/2698/2184
f 2141/2698/2184 2190/2697/2183 2191/2699/2185 2140/2700/2186
f 2140/2700/2186 2191/2699/2185 2192/2701/2187 2139/2702/2188
f 2139/2702/2188 2192/2701/2187 2193/2703/2189 2138/2704/2190
f 2138/2704/2190 2193/2703/2191 2194/2705/2192 2137/2706/2193
f 2137/2706/2194 2194/2705/2195 2195/2707/2196 2136/2708/2197
f 2136/2708/2197 2195/2707/2196 2196/2709/2198 2135/2710/2199
f 2135/2710/2199 2196/2709/2198 2197/2711/2200 2214/2712/2201
f 2149/2713/2202 2182/2714/2203 2183/2686/2168 2148/2685/2167
f 2214/2712/2201 2197/2711/2200 2182/2714/2203 2149/2713/2202
f 2166/2654/2130 2198/2599/2082 2199/2616/2084 2167/2655/2131
f 2167/2655/2131 2199/2616/2084 2200/2584/2061 2168/2657/2133
f 2181/2660/2136 2213/2598/2081 2198/2599/2082 2166/2654/2130
f 2180/2662/2138 2212/2597/2080 2213/2598/2081 2181/2660/2136
f 2179/2664/2140 2211/2596/2077 2212/2597/2079 2180/2662/2138
f 2178/2666/2142 2210/2595/2075 2211/2596/2076 2179/2664/2143
f 2177/2668/2146 2209/2594/2073 2210/2595/2075 2178/2666/2142
f 2176/2670/2149 2208/2593/2072 2209/2594/2073 2177/2668/2146
f 2175/2672/2151 2207/2592/2071 2208/2593/2072 2176/2670/2149
f 2174/2674/2153 2206/2591/2070 2207/2592/2071 2175/2672/2151
f 2173/2676/2155 2205/2590/2069 2206/2591/2070 2174/2674/2153
f 2172/2678/2157 2204/2589/2068 2205/2590/2069 2173/2676/2155
f 2171/2680/2159 2203/2588/2066 2204/2589/2068 2172/2678/2157
f 2170/2682/2162 2202/2587/2064 2203/2588/2065 2171/2680/2163
f 2169/2684/2166 2201/2586/2063 2202/2587/2064 2170/2682/2162
f 2168/2657/2133 2200/2584/2061 2201/2586/2063 2169/2684/2166
f 2122/2620/2204 2145/2619/2173 2144/2692/2176 2123/2715/2204
f 2123/2715/2205 2144/2692/2177 2143/2694/2180 2124/2716/2206
f 2124/2716/2206 2143/2694/2180 2142/2696/2182 2125/2717/2207
f 2125/2717/2208 2142/2696/2182 2141/2698/2184 2126/2718/2209
f 2126/2718/2209 2141/2698/2184 2140/2700/2186 2127/2719/2210
f 2127/2719/2210 2140/2700/2186 2139/2702/2188 2128/2720/2211
f 2128/2720/2211 2139/2702/2188 2138/2704/2190 2129/2721/2212
f 2129/2721/2212 2138/2704/2190 2137/2706/2193 2130/2722/2213
f 2130/2722/2214 2137/2706/2194 2136/2708/2197 2131/2723/2215
f 2131/2723/2215 2136/2708/2197 2135/2710/2199 2132/2724/2216
f 2132/2724/2216 2135/2710/2199 2214/2712/2201 2133/2725/2217
f 2118/2726/2218 2149/2713/2202 2148/2685/2167 2119/2727/2219
f 2133/2725/2217 2214/2712/2201 2149/2713/2202 2118/2726/2218
f 2120/2728/2220 2147/2688/2170 2146/2618/2086 2121/2617/2085
f 2119/2727/2219 2148/2685/2167 2147/2688/2170 2120/2728/2220
f 2183/2686/2168 2217/2626/2094 2218/2651/2127 2184/2687/2169
f 2184/2687/2169 2218/2651/2127 2219/2649/2123 2185/2689/2171
f 2185/2689/2171 2219/2649/2123 2220/2647/2126 2186/2690/2172
f 2186/2690/2174 2220/2647/2119 2221/2645/2122 2187/2691/2175
f 2187/2691/2178 2221/2645/2117 2222/2643/2115 2188/2693/2179
f 2188/2693/2179 2222/2643/2115 2223/2641/2113 2189/2695/2181
f 2189/2695/2181 2223/2641/2113 2224/2639/2111 2190/2697/2183
f 2190/2697/2183 2224/2639/2111 2225/2637/2109 2191/2699/2185
f 2191/2699/2185 2225/2637/2109 2226/2635/2105 2192/2701/2187
f 2192/2701/2187 2226/2635/2105 2227/2633/2108 2193/2703/2189
f 2193/2703/2191 2227/2633/2101 2228/2631/2104 2194/2705/2192
f 2194/2705/2195 2228/2631/2099 2229/2629/2097 2195/2707/2196
f 2195/2707/2196 2229/2629/2097 2230/2627/2095 2196/2709/2198
f 2196/2709/2198 2230/2627/2095 2215/2621/2089 2197/2711/2200
f 2182/2714/2203 2216/2624/2092 2217/2626/2094 2183/2686/2168
f 2197/2711/2200 2215/2621/2089 2216/2624/2092 2182/2714/2203
f 2152/2625/2093 2232/2658/2134 2233/2683/2165 2153/2652/2128
f 2153/2652/2128 2233/2683/2165 2234/2681/2161 2154/2650/2124
f 2154/2650/2124 2234/2681/2161 2235/2679/2164 2155/2648/2125
f 2155/2648/2120 2235/2679/2158 2236/2677/2160 2156/2646/2121
f 2156/2646/2118 2236/2677/2156 2237/2675/2154 2157/2644/2116
f 2157/2644/2116 2237/2675/2154 2238/2673/2152 2158/2642/2114
f 2158/2642/2114 2238/2673/2152 2239/2671/2150 2159/2640/2112
f 2159/2640/2112 2239/2671/2150 2240/2669/2148 2160/2638/2110
f 2160/2638/2110 2240/2669/2148 2241/2667/2145 2161/2636/2106
f 2161/2636/2106 2241/2667/2145 2242/2665/2147 2162/2634/2107
f 2162/2634/2102 2242/2665/2141 2243/2663/2144 2163/2632/2103
f 2163/2632/2100 2243/2663/2139 2244/2661/2137 2164/2630/2098
f 2164/2630/2098 2244/2661/2137 2245/2659/2135 2165/2628/2096
f 2165/2628/2096 2245/2659/2135 2246/2653/2129 2150/2622/2090
f 2151/2623/2091 2231/2656/2132 2232/2658/2134 2152/2625/2093
f 2150/2622/2090 2246/2653/2129 2231/2656/2132 2151/2623/2091
f 2329/2729/2221 2263/2730/2222 2330/2731/2223
f 2330/2731/2223 2263/2730/2222 2331/2732/2224
f 2331/2732/2224 2263/2730/2222 2332/2733/2225
f 2332/2733/2226 2263/2730/2227 2333/2734/2228
f 2333/2734/2228 2263/2730/2227 2334/2735/2229
f 2334/2735/2229 2263/2730/2227 2335/2736/2230
f 2335/2736/2230 2263/2730/2227 2336/2737/2231
f 2336/2737/2231 2263/2730/2227 2337/2738/2232
f 2337/2738/2232 2263/2730/2227 2338/2739/2233
f 2338/2739/2233 2263/2730/2234 2339/2740/2235
f 2339/2740/2235 2263/2730/2234 2340/2741/2236
f 2340/2741/2237 2263/2730/2238 2341/2742/2239
f 2341/2742/2240 2263/2730/2222 2342/2743/2241
f 2342/2743/2241 2263/2730/2222 2327/2744/2242
f 2247/2745/2243 2248/2746/2243 2249/2747/2243 2250/2748/2243 2251/2749/2243 2252/2750/2243 2253/2751/2243 2254/2752/2243 2255/2753/2243 2256/2754/2243 2257/2755/2243 2258/2756/2243 2259/2757/2243 2260/2758/2243 2261/2759/2243 2262/2760/2243
f 2328/2761/2244 2263/2730/2222 2329/2729/2221
f 2250/2762/2245 2275/2763/2246 2274/2764/2247 2251/2765/2248
f 2327/2744/2242 2263/2730/2222 2328/2761/2244
f 2344/2766/2249 2279/2767/2250 2280/2768/2251 2345/2769/2252
f 2345/2769/2252 2280/2768/2251 2281/2770/2253 2346/2771/2254
f 2359/2772/2255 2294/2773/2256 2279/2767/2250 2344/2766/2249
f 2358/2774/2257 2293/2775/2258 2294/2773/2256 2359/2772/2255
f 2357/2776/2259 2292/2777/2260 2293/2775/2258 2358/2774/2257
f 2356/2778/2261 2291/2779/2262 2292/2777/2263 2357/2776/2264
f 2355/2780/2265 2290/2781/2266 2291/2779/2267 2356/2778/2268
f 2354/2782/2269 2289/2783/2270 2290/2781/2266 2355/2780/2265
f 2353/2784/2271 2288/2785/2272 2289/2783/2270 2354/2782/2269
f 2352/2786/2273 2287/2787/2274 2288/2785/2272 2353/2784/2271
f 2351/2788/2275 2286/2789/2276 2287/2787/2274 2352/2786/2273
f 2350/2790/2277 2285/2791/2278 2286/2789/2276 2351/2788/2275
f 2349/2792/2279 2284/2793/2280 2285/2791/2281 2350/2790/2282
f 2348/2794/2283 2283/2795/2284 2284/2793/2285 2349/2792/2286
f 2347/2796/2287 2282/2797/2288 2283/2795/2284 2348/2794/2283
f 2346/2771/2254 2281/2770/2253 2282/2797/2288 2347/2796/2287
f 2375/2798/2289 2295/2799/2290 2296/2800/2291 2360/2801/2292
f 2360/2801/2292 2296/2800/2291 2297/2802/2293 2361/2803/2294
f 2374/2804/2295 2310/2805/2296 2295/2799/2290 2375/2798/2289
f 2373/2806/2297 2309/2807/2298 2310/2805/2296 2374/2804/2295
f 2372/2808/2299 2308/2809/2300 2309/2807/2298 2373/2806/2297
f 2371/2810/2301 2307/2811/2302 2308/2809/2303 2372/2808/2304
f 2370/2812/2305 2306/2813/2306 2307/2811/2302 2371/2810/2307
f 2369/2814/2308 2305/2815/2309 2306/2813/2306 2370/2812/2305
f 2368/2816/2310 2304/2817/2311 2305/2815/2309 2369/2814/2308
f 2367/2818/2312 2303/2819/2313 2304/2817/2311 2368/2816/2310
f 2366/2820/2314 2302/2821/2315 2303/2819/2313 2367/2818/2312
f 2365/2822/2316 2301/2823/2317 2302/2821/2315 2366/2820/2314
f 2364/2824/2318 2300/2825/2319 2301/2823/2317 2365/2822/2320
f 2363/2826/2321 2299/2827/2322 2300/2825/2323 2364/2824/2324
f 2362/2828/2325 2298/2829/2326 2299/2827/2322 2363/2826/2321
f 2361/2803/2294 2297/2802/2293 2298/2829/2326 2362/2828/2325
f 2277/2830/2327 2312/2831/2328 2313/2832/2329 2276/2833/2330
f 2276/2833/2330 2313/2832/2329 2314/2834/2331 2275/2763/2246
f 2275/2763/2246 2314/2834/2331 2315/2835/2332 2274/2764/2247
f 2274/2764/2333 2315/2835/2334 2316/2836/2335 2273/2837/2336
f 2273/2837/2337 2316/2836/2338 2317/2838/2339 2272/2839/2340
f 2272/2839/2340 2317/2838/2339 2318/2840/2341 2271/2841/2342
f 2271/2841/2342 2318/2840/2341 2319/2842/2343 2270/2843/2344
f 2270/2843/2344 2319/2842/2343 2320/2844/2345 2269/2845/2346
f 2269/2845/2346 2320/2844/2345 2321/2846/2347 2268/2847/2348
f 2268/2847/2348 2321/2846/2347 2322/2848/2349 2267/2849/2350
f 2267/2849/2350 2322/2848/2351 2323/2850/2352 2266/2851/2353
f 2266/2851/2354 2323/2850/2355 2324/2852/2356 2265/2853/2357
f 2265/2853/2357 2324/2852/2356 2325/2854/2358 2264/2855/2359
f 2264/2855/2359 2325/2854/2358 2326/2856/2360 2343/2857/2361
f 2278/2858/2362 2311/2859/2363 2312/2831/2328 2277/2830/2327
f 2343/2857/2361 2326/2856/2360 2311/2859/2363 2278/2858/2362
f 2295/2799/2290 2327/2744/2242 2328/2761/2244 2296/2800/2291
f 2296/2800/2291 2328/2761/2244 2329/2729/2221 2297/2802/2293
f 2310/2805/2296 2342/2743/2241 2327/2744/2242 2295/2799/2290
f 2309/2807/2298 2341/2742/2240 2342/2743/2241 2310/2805/2296
f 2308/2809/2300 2340/2741/2237 2341/2742/2239 2309/2807/2298
f 2307/2811/2302 2339/2740/2235 2340/2741/2236 2308/2809/2303
f 2306/2813/2306 2338/2739/2233 2339/2740/2235 2307/2811/2302
f 2305/2815/2309 2337/2738/2232 2338/2739/2233 2306/2813/2306
f 2304/2817/2311 2336/2737/2231 2337/2738/2232 2305/2815/2309
f 2303/2819/2313 2335/2736/2230 2336/2737/2231 2304/2817/2311
f 2302/2821/2315 2334/2735/2229 2335/2736/2230 2303/2819/2313
f 2301/2823/2317 2333/2734/2228 2334/2735/2229 2302/2821/2315
f 2300/2825/2319 2332/2733/2226 2333/2734/2228 2301/2823/2317
f 2299/2827/2322 2331/2732/2224 2332/2733/2225 2300/2825/2323
f 2298/2829/2326 2330/2731/2223 2331/2732/2224 2299/2827/2322
f 2297/2802/2293 2329/2729/2221 2330/2731/2223 2298/2829/2326
f 2251/2765/2364 2274/2764/2333 2273/2837/2336 2252/2860/2364
f 2252/2860/2365 2273/2837/2337 2272/2839/2340 2253/2861/2366
f 2253/2861/2366 2272/2839/2340 2271/2841/2342 2254/2862/2367
f 2254/2862/2368 2271/2841/2342 2270/2843/2344 2255/2863/2369
f 2255/2863/2369 2270/2843/2344 2269/2845/2346 2256/2864/2370
f 2256/2864/2370 2269/2845/2346 2268/2847/2348 2257/2865/2371
f 2257/2865/2371 2268/2847/2348 2267/2849/2350 2258/2866/2372
f 2258/2866/2372 2267/2849/2350 2266/2851/2353 2259/2867/2373
f 2259/2867/2374 2266/2851/2354 2265/2853/2357 2260/2868/2375
f 2260/2868/2375 2265/2853/2357 2264/2855/2359 2261/2869/2376
f 2261/2869/2376 2264/2855/2359 2343/2857/2361 2262/2870/2377
f 2247/2871/2378 2278/2858/2362 2277/2830/2327 2248/2872/2379
f 2262/2870/2377 2343/2857/2361 2278/2858/2362 2247/2871/2378
f 2249/2873/2380 2276/2833/2330 2275/2763/2246 2250/2762/2245
f 2248/2872/2379 2277/2830/2327 2276/2833/2330 2249/2873/2380
f 2312/2831/2328 2346/2771/2254 2347/2796/2287 2313/2832/2329
f 2313/2832/2329 2347/2796/2287 2348/2794/2283 2314/2834/2331
f 2314/2834/2331 2348/2794/2283 2349/2792/2286 2315/2835/2332
f 2315/2835/2334 2349/2792/2279 2350/2790/2282 2316/2836/2335
f 2316/2836/2338 2350/2790/2277 2351/2788/2275 2317/2838/2339
f 2317/2838/2339 2351/2788/2275 2352/2786/2273 2318/2840/2341
f 2318/2840/2341 2352/2786/2273 2353/2784/2271 2319/2842/2343
f 2319/2842/2343 2353/2784/2271 2354/2782/2269 2320/2844/2345
f 2320/2844/2345 2354/2782/2269 2355/2780/2265 2321/2846/2347
f 2321/2846/2347 2355/2780/2265 2356/2778/2268 2322/2848/2349
f 2322/2848/2351 2356/2778/2261 2357/2776/2264 2323/2850/2352
f 2323/2850/2355 2357/2776/2259 2358/2774/2257 2324/2852/2356
f 2324/2852/2356 2358/2774/2257 2359/2772/2255 2325/2854/2358
f 2325/2854/2358 2359/2772/2255 2344/2766/2249 2326/2856/2360
f 2311/2859/2363 2345/2769/2252 2346/2771/2254 2312/2831/2328
f 2326/2856/2360 2344/2766/2249 2345/2769/2252 2311/2859/2363
f 2281/2770/2253 2361/2803/2294 2362/2828/2325 2282/2797/2288
f 2282/2797/2288 2362/2828/2325 2363/2826/2321 2283/2795/2284
f 2283/2795/2284 2363/2826/2321 2364/2824/2324 2284/2793/2285
f 2284/2793/2280 2364/2824/2318 2365/2822/2320 2285/2791/2281
f 2285/2791/2278 2365/2822/2316 2366/2820/2314 2286/2789/2276
f 2286/2789/2276 2366/2820/2314 2367/2818/2312 2287/2787/2274
f 2287/2787/2274 2367/2818/2312 2368/2816/2310 2288/2785/2272
f 2288/2785/2272 2368/2816/2310 2369/2814/2308 2289/2783/2270
f 2289/2783/2270 2369/2814/2308 2370/2812/2305 2290/2781/2266
f 2290/2781/2266 2370/2812/2305 2371/2810/2307 2291/2779/2267
f 2291/2779/2262 2371/2810/2301 2372/2808/2304 2292/2777/2263
f 2292/2777/2260 2372/2808/2299 2373/2806/2297 2293/2775/2258
f 2293/2775/2258 2373/2806/2297 2374/2804/2295 2294/2773/2256
f 2294/2773/2256 2374/2804/2295 2375/2798/2289 2279/2767/2250
f 2280/2768/2251 2360/2801/2292 2361/2803/2294 2281/2770/2253
f 2279/2767/2250 2375/2798/2289 2360/2801/2292 2280/2768/2251
f 2458/2874/2381 2392/2875/2382 2459/2876/2383
f 2459/2876/2383 2392/2875/2382 2460/2877/2384
f 2460/2877/2384 2392/2875/2382 2461/2878/2385
f 2461/2878/2386 2392/2875/2387 2462/2879/2388
f 2462/2879/2388 2392/2875/2387 2463/2880/2389
f 2463/2880/2389 2392/2875/2387 2464/2881/2390
f 2464/2881/2390 2392/2875/2387 2465/2882/2391
f 2465/2882/2391 2392/2875/2387 2466/2883/2392
f 2466/2883/2392 2392/2875/2387 2467/2884/2393
f 2467/2884/2393 2392/2875/2394 2468/2885/2395
f 2468/2885/2395 2392/2875/2394 2469/2886/2396
f 2469/2886/2397 2392/2875/2398 2470/2887/2399
f 2470/2887/2400 2392/2875/2382 2471/2888/2401
f 2471/2888/2401 2392/2875/2382 2456/2889/2402
f 2387/2890/2403 2388/2891/2404 2517/2892/2404 2516/2893/2405
f 2457/2894/2406 2392/2875/2382 2458/2874/2381
f 2379/2895/2407 2404/2896/2408 2403/2897/2409 2380/2898/2410
f 2456/2889/2402 2392/2875/2382 2457/2894/2406
f 2473/2899/2411 2408/2900/2412 2409/2901/2413 2474/2902/2414
f 2474/2902/2414 2409/2901/2413 2410/2903/2415 2475/2904/2416
f 2488/2905/2417 2423/2906/2418 2408/2900/2412 2473/2899/2411
f 2487/2907/2419 2422/2908/2420 2423/2906/2418 2488/2905/2417
f 2486/2909/2421 2421/2910/2422 2422/2908/2420 2487/2907/2419
f 2485/2911/2423 2420/2912/2424 2421/2910/2425 2486/2909/2426
f 2484/2913/2427 2419/2914/2428 2420/2912/2429 2485/2911/2430
f 2483/2915/2431 2418/2916/2432 2419/2914/2428 2484/2913/2427
f 2482/2917/2433 2417/2918/2434 2418/2916/2432 2483/2915/2431
f 2481/2919/2435 2416/2920/2436 2417/2918/2434 2482/2917/2433
f 2480/2921/2437 2415/2922/2438 2416/2920/2436 2481/2919/2435
f 2479/2923/2439 2414/2924/2440 2415/2922/2438 2480/2921/2437
f 2478/2925/2441 2413/2926/2442 2414/2924/2443 2479/2923/2444
f 2477/2927/2445 2412/2928/2446 2413/2926/2447 2478/2925/2448
f 2476/2929/2449 2411/2930/2450 2412/2928/2446 2477/2927/2445
f 2475/2904/2416 2410/2903/2415 2411/2930/2450 2476/2929/2449
f 2504/2931/2451 2424/2932/2452 2425/2933/2453 2489/2934/2454
f 2489/2934/2454 2425/2933/2453 2426/2935/2455 2490/2936/2456
f 2503/2937/2457 2439/2938/2458 2424/2932/2452 2504/2931/2451
f 2502/2939/2459 2438/2940/2460 2439/2938/2458 2503/2937/2457
f 2501/2941/2461 2437/2942/2462 2438/2940/2460 2502/2939/2459
f 2500/2943/2463 2436/2944/2464 2437/2942/2465 2501/2941/2466
f 2499/2945/2467 2435/2946/2468 2436/2944/2464 2500/2943/2469
f 2498/2947/2470 2434/2948/2471 2435/2946/2468 2499/2945/2467
f 2497/2949/2472 2433/2950/2473 2434/2948/2471 2498/2947/2470
f 2496/2951/2474 2432/2952/2475 2433/2950/2473 2497/2949/2472
f 2495/2953/2476 2431/2954/2477 2432/2952/2475 2496/2951/2474
f 2494/2955/2478 2430/2956/2479 2431/2954/2477 2495/2953/2476
f 2493/2957/2480 2429/2958/2481 2430/2956/2479 2494/2955/2482
f 2492/2959/2483 2428/2960/2484 2429/2958/2485 2493/2957/2486
f 2491/2961/2487 2427/2962/2488 2428/2960/2484 2492/2959/2483
f 2490/2936/2456 2426/2935/2455 2427/2962/2488 2491/2961/2487
f 2406/2963/2489 2441/2964/2490 2442/2965/2491 2405/2966/2492
f 2405/2966/2492 2442/2965/2491 2443/2967/2493 2404/2896/2408
f 2404/2896/2408 2443/2967/2493 2444/2968/2494 2403/2897/2409
f 2403/2897/2495 2444/2968/2496 2445/2969/2497 2402/2970/2498
f 2402/2970/2499 2445/2969/2500 2446/2971/2501 2401/2972/2502
f 2401/2972/2502 2446/2971/2501 2447/2973/2503 2400/2974/2504
f 2400/2974/2504 2447/2973/2503 2448/2975/2505 2399/2976/2506
f 2399/2976/2506 2448/2975/2505 2449/2977/2507 2398/2978/2508
f 2398/2978/2508 2449/2977/2507 2450/2979/2509 2397/2980/2510
f 2397/2980/2510 2450/2979/2509 2451/2981/2511 2396/2982/2512
f 2396/2982/2512 2451/2981/2513 2452/2983/2514 2395/2984/2515
f 2395/2984/2516 2452/2983/2517 2453/2985/2518 2394/2986/2519
f 2394/2986/2519 2453/2985/2518 2454/2987/2520 2393/2988/2521
f 2393/2988/2521 2454/2987/2520 2455/2989/2522 2472/2990/2523
f 2407/2991/2524 2440/2992/2525 2441/2964/2490 2406/2963/2489
f 2472/2990/2523 2455/2989/2522 2440/2992/2525 2407/2991/2524
f 2424/2932/2452 2456/2889/2402 2457/2894/2406 2425/2933/2453
f 2425/2933/2453 2457/2894/2406 2458/2874/2381 2426/2935/2455
f 2439/2938/2458 2471/2888/2401 2456/2889/2402 2424/2932/2452
f 2438/2940/2460 2470/2887/2400 2471/2888/2401 2439/2938/2458
f 2437/2942/2462 2469/2886/2397 2470/2887/2399 2438/2940/2460
f 2436/2944/2464 2468/2885/2395 2469/2886/2396 2437/2942/2465
f 2435/2946/2468 2467/2884/2393 2468/2885/2395 2436/2944/2464
f 2434/2948/2471 2466/2883/2392 2467/2884/2393 2435/2946/2468
f 2433/2950/2473 2465/2882/2391 2466/2883/2392 2434/2948/2471
f 2432/2952/2475 2464/2881/2390 2465/2882/2391 2433/2950/2473
f 2431/2954/2477 2463/2880/2389 2464/2881/2390 2432/2952/2475
f 2430/2956/2479 2462/2879/2388 2463/2880/2389 2431/2954/2477
f 2429/2958/2481 2461/2878/2386 2462/2879/2388 2430/2956/2479
f 2428/2960/2484 2460/2877/2384 2461/2878/2385 2429/2958/2485
f 2427/2962/2488 2459/2876/2383 2460/2877/2384 2428/2960/2484
f 2426/2935/2455 2458/2874/2381 2459/2876/2383 2427/2962/2488
f 2380/2898/2526 2403/2897/2495 2402/2970/2498 2381/2993/2526
f 2381/2993/2527 2402/2970/2499 2401/2972/2502 2382/2994/2528
f 2382/2994/2528 2401/2972/2502 2400/2974/2504 2383/2995/2529
f 2383/2995/2529 2400/2974/2504 2399/2976/2506 2384/2996/2530
f 2384/2996/2530 2399/2976/2506 2398/2978/2508 2385/2997/2531
f 2385/2997/2531 2398/2978/2508 2397/2980/2510 2386/2998/2532
f 2386/2998/2532 2397/2980/2510 2396/2982/2512 2387/2890/2403
f 2387/2890/2403 2396/2982/2512 2395/2984/2515 2388/2891/2533
f 2388/2891/2534 2395/2984/2516 2394/2986/2519 2389/2999/2534
f 2389/2999/2535 2394/2986/2519 2393/2988/2521 2390/3000/2536
f 2390/3000/2536 2393/2988/2521 2472/2990/2523 2391/3001/2537
f 2376/3002/2538 2407/2991/2524 2406/2963/2489 2377/3003/2539
f 2391/3001/2537 2472/2990/2523 2407/2991/2524 2376/3002/2538
f 2378/3004/2540 2405/2966/2492 2404/2896/2408 2379/2895/2407
f 2377/3003/2539 2406/2963/2489 2405/2966/2492 2378/3004/2540
f 2441/2964/2490 2475/2904/2416 2476/2929/2449 2442/2965/2491
f 2442/2965/2491 2476/2929/2449 2477/2927/2445 2443/2967/2493
f 2443/2967/2493 2477/2927/2445 2478/2925/2448 2444/2968/2494
f 2444/2968/2496 2478/2925/2441 2479/2923/2444 2445/2969/2497
f 2445/2969/2500 2479/2923/2439 2480/2921/2437 2446/2971/2501
f 2446/2971/2501 2480/2921/2437 2481/2919/2435 2447/2973/2503
f 2447/2973/2503 2481/2919/2435 2482/2917/2433 2448/2975/2505
f 2448/2975/2505 2482/2917/2433 2483/2915/2431 2449/2977/2507
f 2449/2977/2507 2483/2915/2431 2484/2913/2427 2450/2979/2509
f 2450/2979/2509 2484/2913/2427 2485/2911/2430 2451/2981/2511
f 2451/2981/2513 2485/2911/2423 2486/2909/2426 2452/2983/2514
f 2452/2983/2517 2486/2909/2421 2487/2907/2419 2453/2985/2518
f 2453/2985/2518 2487/2907/2419 2488/2905/2417 2454/2987/2520
f 2454/2987/2520 2488/2905/2417 2473/2899/2411 2455/2989/2522
f 2440/2992/2525 2474/2902/2414 2475/2904/2416 2441/2964/2490
f 2455/2989/2522 2473/2899/2411 2474/2902/2414 2440/2992/2525
f 2410/2903/2415 2490/2936/2456 2491/2961/2487 2411/2930/2450
f 2411/2930/2450 2491/2961/2487 2492/2959/2483 2412/2928/2446
f 2412/2928/2446 2492/2959/2483 2493/2957/2486 2413/2926/2447
f 2413/2926/2442 2493/2957/2480 2494/2955/2482 2414/2924/2443
f 2414/2924/2440 2494/2955/2478 2495/2953/2476 2415/2922/2438
f 2415/2922/2438 2495/2953/2476 2496/2951/2474 2416/2920/2436
f 2416/2920/2436 2496/2951/2474 2497/2949/2472 2417/2918/2434
f 2417/2918/2434 2497/2949/2472 2498/2947/2470 2418/2916/2432
f 2418/2916/2432 2498/2947/2470 2499/2945/2467 2419/2914/2428
f 2419/2914/2428 2499/2945/2467 2500/2943/2469 2420/2912/2429
f 2420/2912/2424 2500/2943/2463 2501/2941/2466 2421/2910/2425
f 2421/2910/2422 2501/2941/2461 2502/2939/2459 2422/2908/2420
f 2422/2908/2420 2502/2939/2459 2503/2937/2457 2423/2906/2418
f 2423/2906/2418 2503/2937/2457 2504/2931/2451 2408/2900/2412
f 2409/2901/2413 2489/2934/2454 2490/2936/2456 2410/2903/2415
f 2408/2900/2412 2504/2931/2451 2489/2934/2454 2409/2901/2413
f 2505/3005/2541 2506/3006/2541 2507/3007/2541 2508/3008/2541 2509/3009/2541 2510/3010/2541 2511/3011/2541 2512/3012/2541 2513/3013/2541 2514/3014/2541 2515/3015/2541 2516/3016/2541 2517/3017/2541 2518/3018/2541 2519/3019/2541 2520/3020/2541
f 2380/2898/2542 2381/2993/2527 2510/3021/2543 2509/3022/2542
f 2388/2891/2544 2389/2999/2535 2518/3023/2545 2517/2892/2544
f 2381/2993/2527 2382/2994/2528 2511/3024/2546 2510/3021/2543
f 2389/2999/2535 2390/3000/2536 2519/3025/2547 2518/3023/2545
f 2382/2994/2528 2383/2995/2529 2512/3026/2548 2511/3024/2546
f 2390/3000/2536 2391/3001/2537 2520/3027/2549 2519/3025/2547
f 2383/2995/2529 2384/2996/2530 2513/3028/2550 2512/3026/2548
f 2376/3002/2538 2377/3003/2539 2506/3029/2551 2505/3030/2552
f 2391/3001/2537 2376/3002/2538 2505/3030/2552 2520/3027/2549
f 2384/2996/2530 2385/2997/2531 2514/3031/2553 2513/3028/2550
f 2377/3003/2539 2378/3004/2540 2507/3032/2554 2506/3029/2551
f 2385/2997/2531 2386/2998/2532 2515/3033/2555 2514/3031/2553
f 2378/3004/2540 2379/2895/2407 2508/3034/2556 2507/3032/2554
f 2386/2998/2532 2387/2890/2403 2516/2893/2405 2515/3033/2555
f 2379/2895/2407 2380/2898/2557 2509/3022/2557 2508/3034/2556
f 2521/3035/2558 2522/163/2558 2523/196/2558
f 2524/181/2559 2525/213/2559 2526/182/2559
f 2524/165/2560 2527/164/2560 2528/209/2560 2525/208/2560
f 2521/3035/2561 2528/209/2561 2527/164/2561 2522/163/2561
f 158/205/2562 159/189/2562 2521/188/2562 2523/3036/2562 157/3037/2562
