# Blender 4.4.3
# www.blender.org
mtllib soldier.mtl
o 円柱
v 2.039118 2.195942 -0.170104
v 1.532009 4.066194 -0.370205
v 2.068700 2.203963 -0.167085
v 1.599268 4.084431 -0.363341
v 2.097145 2.211675 -0.158145
v 1.663943 4.101967 -0.343014
v 2.123360 2.218784 -0.143627
v 1.723547 4.118128 -0.310005
v 2.146338 2.225014 -0.124089
v 1.775791 4.132294 -0.265581
v 2.165195 2.230127 -0.100281
v 1.818666 4.143919 -0.211451
v 2.179207 2.233926 -0.073120
v 1.850525 4.152557 -0.149695
v 2.187836 2.236266 -0.043647
v 1.870144 4.157877 -0.082685
v 2.190749 2.237056 -0.012997
v 1.876769 4.159673 -0.012997
v 2.187836 2.236266 0.017653
v 1.870144 4.157877 0.056691
v 2.179207 2.233926 0.047125
v 1.850525 4.152557 0.123700
v 2.165195 2.230127 0.074286
v 1.818666 4.143919 0.185457
v 2.146338 2.225014 0.098094
v 1.775791 4.132294 0.239587
v 2.123360 2.218784 0.117632
v 1.723547 4.118128 0.284010
v 2.097145 2.211675 0.132150
v 1.663943 4.101967 0.317020
v 2.068700 2.203963 0.141091
v 1.599268 4.084431 0.337347
v 2.039118 2.195942 0.144109
v 1.532009 4.066194 0.344211
v 2.009536 2.187921 0.141091
v 1.464750 4.047956 0.337347
v 1.981091 2.180208 0.132150
v 1.400075 4.030420 0.317020
v 1.954875 2.173100 0.117632
v 1.340471 4.014259 0.284010
v 1.931898 2.166870 0.098094
v 1.288228 4.000093 0.239587
v 1.913041 2.161757 0.074286
v 1.245352 3.988468 0.185457
v 1.899028 2.157957 0.047125
v 1.213493 3.979830 0.123700
v 1.890399 2.155618 0.017653
v 1.193874 3.974510 0.056691
v 1.887486 2.154828 -0.012997
v 1.187250 3.972714 -0.012997
v 1.890399 2.155618 -0.043647
v 1.193874 3.974510 -0.082685
v 1.899028 2.157957 -0.073120
v 1.213493 3.979830 -0.149695
v 1.913041 2.161757 -0.100281
v 1.245352 3.988468 -0.211451
v 1.931898 2.166870 -0.124089
v 1.288228 4.000093 -0.265581
v 1.954875 2.173100 -0.143627
v 1.340471 4.014259 -0.310005
v 1.981091 2.180208 -0.158145
v 1.400075 4.030420 -0.343014
v 2.009536 2.187921 -0.167085
v 1.464750 4.047956 -0.363341
v 1.793704 3.101043 -0.395763
v 1.865776 3.120585 -0.388408
v 1.935078 3.139376 -0.366626
v 1.998947 3.156693 -0.331255
v 2.054928 3.171873 -0.283653
v 2.100871 3.184330 -0.225650
v 2.135010 3.193586 -0.159475
v 2.156033 3.199286 -0.087671
v 2.163131 3.201211 -0.012997
v 2.156033 3.199286 0.061677
v 2.135010 3.193586 0.133481
v 2.100871 3.184330 0.199656
v 2.054928 3.171873 0.257659
v 1.998947 3.156693 0.305261
v 1.935078 3.139376 0.340632
v 1.865776 3.120585 0.362414
v 1.793704 3.101043 0.369768
v 1.721633 3.081501 0.362414
v 1.652331 3.062711 0.340632
v 1.588462 3.045393 0.305261
v 1.532481 3.030214 0.257659
v 1.486538 3.017756 0.199656
v 1.452399 3.008500 0.133481
v 1.431377 3.002800 0.061677
v 1.424278 3.000875 -0.012997
v 1.431377 3.002800 -0.087671
v 1.452399 3.008500 -0.159475
v 1.486538 3.017756 -0.225650
v 1.532481 3.030214 -0.283653
v 1.588462 3.045393 -0.331255
v 1.652331 3.062711 -0.366626
v 1.721633 3.081501 -0.388408
v 1.662857 3.583618 -0.473160
v 1.749502 3.607111 -0.464318
v 1.832817 3.629702 -0.438132
v 1.909600 3.650521 -0.395608
v 1.976902 3.668770 -0.338381
v 2.032134 3.683746 -0.268650
v 2.073176 3.694874 -0.189094
v 2.098449 3.701727 -0.102770
v 2.106983 3.704041 -0.012997
v 2.098449 3.701727 0.076776
v 2.073176 3.694874 0.163099
v 2.032134 3.683746 0.242655
v 1.976902 3.668770 0.312387
v 1.909600 3.650521 0.369614
v 1.832817 3.629702 0.412138
v 1.749502 3.607111 0.438324
v 1.662857 3.583618 0.447165
v 1.576212 3.560125 0.438324
v 1.492897 3.537534 0.412138
v 1.416114 3.516715 0.369614
v 1.348812 3.498467 0.312387
v 1.293579 3.483491 0.242655
v 1.252538 3.472363 0.163099
v 1.227264 3.465510 0.076776
v 1.218731 3.463196 -0.012997
v 1.227264 3.465510 -0.102770
v 1.252538 3.472363 -0.189094
v 1.293579 3.483491 -0.268650
v 1.348812 3.498467 -0.338381
v 1.416114 3.516715 -0.395608
v 1.492897 3.537534 -0.438132
v 1.576212 3.560125 -0.464318
v 1.946661 2.624463 -0.128160
v 1.967921 2.630227 -0.121479
v 1.987514 2.635540 -0.110628
v 2.004687 2.640196 -0.096025
v 2.018780 2.644018 -0.078232
v 2.029253 2.646857 -0.057932
v 2.035702 2.648606 -0.035905
v 2.037880 2.649196 -0.012997
v 2.035702 2.648606 0.009910
v 2.029253 2.646857 0.031937
v 2.018780 2.644018 0.052238
v 2.004687 2.640196 0.070031
v 1.987514 2.635540 0.084633
v 1.967921 2.630227 0.095484
v 1.946661 2.624463 0.102166
v 1.924552 2.618468 0.104422
v 1.902443 2.612473 0.102166
v 1.881184 2.606709 0.095484
v 1.861591 2.601396 0.084633
v 1.844418 2.596740 0.070031
v 1.830324 2.592919 0.052238
v 1.819851 2.590079 0.031937
v 1.813402 2.588330 0.009910
v 1.811225 2.587740 -0.012997
v 1.813402 2.588330 -0.035905
v 1.819851 2.590079 -0.057932
v 1.830324 2.592919 -0.078232
v 1.844418 2.596740 -0.096025
v 1.861591 2.601396 -0.110628
v 1.881184 2.606709 -0.121479
v 1.902443 2.612473 -0.128160
v 1.924552 2.618468 -0.130417
v 1.814925 3.365824 -0.464318
v 1.898240 3.388414 -0.438132
v 1.975024 3.409234 -0.395608
v 2.042325 3.427482 -0.338381
v 2.097558 3.442458 -0.268650
v 2.138600 3.453586 -0.189094
v 2.163873 3.460439 -0.102770
v 2.172407 3.462753 -0.012997
v 2.163873 3.460439 0.076776
v 2.138600 3.453586 0.163099
v 2.097558 3.442458 0.242655
v 2.042325 3.427482 0.312387
v 1.975024 3.409234 0.369614
v 1.898240 3.388414 0.412138
v 1.814925 3.365824 0.438324
v 1.728281 3.342330 0.447165
v 1.641636 3.318837 0.438324
v 1.558321 3.296247 0.412138
v 1.481537 3.275427 0.369614
v 1.414236 3.257179 0.312387
v 1.359003 3.242203 0.242655
v 1.317961 3.231075 0.163099
v 1.292688 3.224222 0.076776
v 1.284154 3.221908 -0.012997
v 1.292688 3.224222 -0.102770
v 1.317961 3.231075 -0.189094
v 1.359003 3.242203 -0.268650
v 1.414236 3.257179 -0.338381
v 1.481537 3.275427 -0.395608
v 1.558321 3.296247 -0.438132
v 1.641636 3.318837 -0.464318
v 1.728281 3.342330 -0.473160
v 1.597433 3.824906 -0.446780
v 1.679111 3.847052 -0.438445
v 1.757650 3.868348 -0.413761
v 1.830031 3.887974 -0.373675
v 1.893474 3.905176 -0.319728
v 1.945541 3.919293 -0.253994
v 1.984230 3.929784 -0.178999
v 2.008054 3.936244 -0.097624
v 2.016099 3.938425 -0.012997
v 2.008054 3.936244 0.071630
v 1.984230 3.929784 0.153004
v 1.945541 3.919293 0.228000
v 1.893474 3.905176 0.293734
v 1.830031 3.887974 0.347680
v 1.757650 3.868348 0.387766
v 1.679111 3.847052 0.412451
v 1.597433 3.824906 0.420786
v 1.515755 3.802759 0.412451
v 1.437216 3.781464 0.387766
v 1.364834 3.761838 0.347680
v 1.301391 3.744636 0.293734
v 1.249325 3.730518 0.228000
v 1.210636 3.720028 0.153004
v 1.186811 3.713568 0.071630
v 1.178767 3.711387 -0.012997
v 1.186811 3.713568 -0.097624
v 1.210636 3.720028 -0.178999
v 1.249325 3.730518 -0.253994
v 1.301391 3.744636 -0.319728
v 1.364834 3.761838 -0.373675
v 1.437216 3.781464 -0.413761
v 1.515755 3.802759 -0.438445
v 1.859128 2.859756 -0.180179
v 1.890607 2.868291 -0.176967
v 1.920877 2.876498 -0.167453
v 1.948773 2.884062 -0.152004
v 1.973224 2.890692 -0.131213
v 1.993291 2.896133 -0.105879
v 2.008202 2.900176 -0.076975
v 2.017384 2.902666 -0.045613
v 2.020484 2.903507 -0.012997
v 2.017384 2.902666 0.019618
v 2.008202 2.900176 0.050981
v 1.993291 2.896133 0.079884
v 1.973224 2.890692 0.105218
v 1.948773 2.884062 0.126010
v 1.920877 2.876498 0.141459
v 1.890607 2.868291 0.150973
v 1.859128 2.859756 0.154185
v 1.827649 2.851220 0.150973
v 1.797380 2.843013 0.141459
v 1.769484 2.835449 0.126010
v 1.745033 2.828819 0.105218
v 1.724966 2.823378 0.079884
v 1.710055 2.819335 0.050981
v 1.700873 2.816845 0.019618
v 1.697773 2.816005 -0.012997
v 1.700873 2.816845 -0.045613
v 1.710055 2.819335 -0.076975
v 1.724966 2.823378 -0.105879
v 1.745033 2.828819 -0.131213
v 1.769484 2.835449 -0.152004
v 1.797380 2.843013 -0.167453
v 1.827649 2.851220 -0.176967
v 2.008696 2.382256 -0.110505
v 2.026696 2.387137 -0.104847
v 2.043285 2.391635 -0.095660
v 2.057825 2.395577 -0.083296
v 2.069758 2.398813 -0.068231
v 2.078625 2.401217 -0.051043
v 2.084085 2.402698 -0.032393
v 2.085929 2.403198 -0.012997
v 2.084085 2.402698 0.006398
v 2.078625 2.401217 0.025048
v 2.069758 2.398813 0.042236
v 2.057825 2.395577 0.057302
v 2.043285 2.391635 0.069666
v 2.026696 2.387137 0.078853
v 2.008696 2.382256 0.084510
v 1.989976 2.377180 0.086421
v 1.971257 2.372105 0.084510
v 1.953256 2.367224 0.078853
v 1.936667 2.362726 0.069666
v 1.922127 2.358783 0.057302
v 1.910194 2.355548 0.042236
v 1.901327 2.353144 0.025048
v 1.895867 2.351663 0.006398
v 1.894023 2.351163 -0.012997
v 1.895867 2.351663 -0.032393
v 1.901327 2.353144 -0.051043
v 1.910194 2.355548 -0.068231
v 1.922127 2.358783 -0.083296
v 1.936667 2.362726 -0.095660
v 1.953256 2.367224 -0.104847
v 1.971257 2.372105 -0.110505
v 1.989976 2.377180 -0.112415
v 1.534093 4.242977 -0.255691
v 1.487501 4.230344 -0.260445
v 1.578895 4.255125 -0.241610
v 1.620185 4.266320 -0.218743
v 1.656375 4.276134 -0.187970
v 1.686076 4.284186 -0.150472
v 1.708146 4.290171 -0.107692
v 1.721737 4.293856 -0.061272
v 1.726326 4.295100 -0.012997
v 1.721737 4.293856 0.035278
v 1.708146 4.290171 0.081697
v 1.686076 4.284186 0.124478
v 1.656375 4.276134 0.161975
v 1.620185 4.266320 0.192748
v 1.578895 4.255125 0.215615
v 1.534093 4.242977 0.229696
v 1.487501 4.230344 0.234451
v 1.440908 4.217710 0.229696
v 1.396106 4.205563 0.215615
v 1.354817 4.194367 0.192748
v 1.318626 4.184555 0.161975
v 1.288925 4.176501 0.124478
v 1.266855 4.170517 0.081697
v 1.253265 4.166832 0.035278
v 1.248676 4.165588 -0.012997
v 1.253265 4.166832 -0.061272
v 1.266855 4.170517 -0.107692
v 1.288925 4.176501 -0.150472
v 1.318626 4.184555 -0.187970
v 1.354817 4.194367 -0.218743
v 1.396106 4.205563 -0.241610
v 1.440908 4.217710 -0.255691
v 2.074507 2.065424 -0.170104
v 2.104089 2.073445 -0.167085
v 2.132534 2.081157 -0.158145
v 2.158749 2.088265 -0.143627
v 2.181727 2.094496 -0.124089
v 2.200584 2.099609 -0.100281
v 2.214597 2.103408 -0.073120
v 2.223225 2.105748 -0.043647
v 2.226139 2.106538 -0.012997
v 2.223225 2.105748 0.017653
v 2.214597 2.103408 0.047125
v 2.200584 2.099609 0.074286
v 2.181727 2.094496 0.098094
v 2.158749 2.088265 0.117632
v 2.132534 2.081157 0.132150
v 2.104089 2.073445 0.141091
v 2.074507 2.065424 0.144109
v 2.044925 2.057403 0.141091
v 2.016480 2.049690 0.132150
v 1.990265 2.042582 0.117632
v 1.967287 2.036352 0.098094
v 1.948430 2.031239 0.074286
v 1.934418 2.027439 0.047125
v 1.925789 2.025100 0.017653
v 1.922875 2.024310 -0.012997
v 1.925789 2.025100 -0.043647
v 1.934418 2.027439 -0.073120
v 1.948430 2.031239 -0.100281
v 1.967287 2.036352 -0.124089
v 1.990265 2.042582 -0.143627
v 2.016480 2.049690 -0.158145
v 2.044925 2.057403 -0.167085
v -0.100956 2.825942 -0.076646
v -0.174165 3.643470 -0.076646
v -0.100956 2.825942 -0.121452
v -0.174165 3.643470 -0.121452
v 0.106124 2.825291 -0.076646
v 0.175460 3.643470 -0.076646
v 0.106124 2.825291 -0.121452
v 0.175460 3.643470 -0.121452
v -0.124596 3.232646 -0.076646
v -0.124596 3.232646 -0.121452
v 0.127357 3.232863 -0.121452
v 0.127357 3.232863 -0.076646
v 0.000648 2.823470 -0.121452
v 0.000648 3.643470 -0.121452
v 0.000648 2.823470 -0.076646
v 0.000648 3.643470 -0.076646
v 0.000633 3.233470 -0.076646
v 0.000633 3.233470 -0.121452
v 0.092913 3.512980 -0.121452
v 0.069169 2.823470 -0.076646
v 0.072773 3.233470 -0.121452
v 0.069169 2.823470 -0.121452
v 0.092913 3.512980 -0.076646
v 0.072773 3.233470 -0.076646
v -0.067873 2.823470 -0.121452
v -0.091617 3.494936 -0.076646
v -0.071507 3.233470 -0.076646
v -0.091617 3.494936 -0.121452
v -0.067873 2.823470 -0.076646
v -0.071507 3.233470 -0.121452
v -0.148813 3.435997 -0.076646
v -0.148813 3.435997 -0.121452
v 0.150323 3.436649 -0.121452
v 0.150323 3.436649 -0.076646
v 0.000641 3.438470 -0.076646
v 0.000641 3.438470 -0.121452
v 0.080886 3.438470 -0.076646
v 0.080886 3.438470 -0.121452
v -0.079604 3.438470 -0.121452
v -0.079604 3.438470 -0.076646
v -0.109628 3.029294 -0.121452
v 0.113569 3.029077 -0.121452
v 0.113569 3.029077 -0.076646
v -0.109628 3.029294 -0.076646
v 0.000648 3.028470 -0.121452
v 0.000648 3.028470 -0.076646
v 0.069169 3.028470 -0.076646
v 0.069169 3.028470 -0.121452
v -0.067873 3.028470 -0.121452
v -0.067873 3.028470 -0.076646
v -0.136705 3.334321 -0.121452
v 0.138840 3.334756 -0.121452
v 0.138840 3.334756 -0.076646
v 0.000637 3.335970 -0.076646
v 0.000637 3.335970 -0.121452
v 0.076830 3.335970 -0.076646
v 0.076830 3.335970 -0.121452
v -0.075555 3.335970 -0.121452
v -0.075555 3.335970 -0.076646
v -0.136705 3.334321 -0.076646
v -0.117112 3.130970 -0.076646
v -0.117112 3.130970 -0.121452
v 0.120463 3.130970 -0.121452
v 0.120463 3.130970 -0.076646
v 0.000640 3.130970 -0.121452
v 0.000640 3.130970 -0.076646
v 0.070971 3.130970 -0.076646
v 0.070971 3.130970 -0.121452
v -0.069690 3.130970 -0.121452
v -0.069690 3.130970 -0.076646
v -0.105292 2.927618 -0.121452
v 0.109847 2.927183 -0.121452
v 0.109847 2.927183 -0.076646
v 0.000648 2.925970 -0.121452
v 0.000648 2.925970 -0.076646
v 0.069169 2.925970 -0.076646
v 0.069169 2.925970 -0.121452
v -0.067873 2.925970 -0.121452
v -0.067873 2.925970 -0.076646
v -0.105292 2.927618 -0.076646
v -0.000000 1.446322 -1.021486
v 0.357572 2.312348 -0.742507
v 0.413158 1.946322 -0.857932
v 0.443206 1.446323 -0.920327
v 0.437532 0.984954 -0.908544
v 0.318063 0.580297 -0.660465
v 0.183214 2.867243 -0.380448
v 0.644323 2.312348 -0.513831
v 0.744485 1.946322 -0.593707
v 0.798630 1.446323 -0.636886
v 0.788405 0.984954 -0.628732
v 0.995875 1.446322 -0.227302
v 0.983125 0.984954 -0.224392
v 0.995875 1.446323 0.227302
v 0.983125 0.984954 0.224392
v 0.714681 0.580297 0.163121
v 0.644323 2.312348 0.513831
v 0.744485 1.946323 0.593707
v 0.798630 1.446322 0.636886
v 0.788405 0.984954 0.628732
v 0.573130 0.580297 0.457056
v 0.357572 2.312348 0.742507
v 0.413158 1.946322 0.857932
v 0.443206 1.446322 0.920327
v 0.437532 0.984954 0.908544
v 0.318063 0.580297 0.660465
v -0.000000 2.312348 0.824120
v -0.000000 1.946322 0.952232
v -0.000000 1.446322 1.021486
v -0.000000 0.984954 1.008408
v -0.000000 0.580297 0.733060
v -0.357573 2.312348 0.742507
v -0.413158 1.946322 0.857931
v -0.443206 1.446322 0.920327
v -0.437532 0.984954 0.908544
v -0.318063 0.580297 0.660465
v 0.289173 2.624603 -0.600475
v -0.644323 2.312347 0.513831
v -0.744485 1.946322 0.593707
v -0.798630 1.446322 0.636886
v -0.788405 0.984954 0.628732
v -0.573130 0.580297 0.457056
v -0.995875 1.446322 0.227302
v -0.983125 0.984954 0.224392
v -0.714681 0.580297 0.163121
v -0.995875 1.446322 -0.227302
v -0.983125 0.984954 -0.224392
v -0.644323 2.312347 -0.513831
v -0.744485 1.946322 -0.593707
v -0.798629 1.446323 -0.636886
v -0.788405 0.984954 -0.628732
v -0.357572 2.312348 -0.742507
v -0.413158 1.946322 -0.857932
v -0.443206 1.446322 -0.920327
v -0.437531 0.984954 -0.908544
v -0.318063 0.580297 -0.660465
v 0.000000 2.312348 -0.824120
v 0.000000 1.946322 -0.952232
v 0.000000 0.984954 -1.008408
v 0.000000 0.580297 -0.733060
v 0.521073 2.624603 -0.415541
v 0.649767 2.624603 -0.148305
v 0.649767 2.624603 0.148305
v 0.521072 2.624603 0.415542
v 0.289173 2.624603 0.600475
v -0.000000 2.624603 0.666477
v -0.289174 2.624603 0.600475
v -0.521073 2.624603 0.415541
v -0.649767 2.624603 0.148305
v -0.649767 2.624603 -0.148305
v -0.521073 2.624603 -0.415542
v -0.289173 2.624603 -0.600475
v 0.000000 2.624603 -0.666477
v 0.330140 2.867243 -0.263278
v 0.411678 2.867243 -0.093963
v 0.411678 2.867243 0.093963
v 0.330140 2.867243 0.263278
v 0.183214 2.867243 0.380448
v -0.000000 2.867243 0.422265
v -0.183214 2.867243 0.380448
v -0.330140 2.867243 0.263278
v -0.411678 2.867243 0.093963
v -0.411678 2.867243 -0.093963
v -0.330140 2.867243 -0.263278
v -0.183214 2.867243 -0.380448
v 0.000000 2.867243 -0.422265
v -0.000000 2.989101 -0.000000
v 0.803458 2.312348 -0.034036
v 0.851559 2.171385 -0.194363
v 0.738659 2.312348 -0.317941
v 0.737838 2.445668 -0.168407
v 0.817546 2.271061 -0.142857
v 0.880257 2.087285 -0.200913
v 0.928358 1.946322 -0.062544
v 0.948334 1.798387 -0.216451
v 0.863558 1.946322 -0.346449
v 0.914269 1.987609 -0.164933
v 0.851559 2.171385 0.194363
v 0.803458 2.312348 0.034037
v 0.737838 2.445668 0.168407
v 0.738658 2.312348 0.317942
v 0.817546 2.271061 0.142857
v 0.928358 1.946322 0.062544
v 0.880257 2.087285 0.200913
v 0.863558 1.946322 0.346449
v 0.948334 1.798387 0.216451
v 0.914269 1.987610 0.164933
v 1.871229 2.505633 -0.137655
v 1.837162 2.605468 -0.024106
v 1.847140 2.576227 -0.101177
v 1.925621 2.346234 -0.044296
v 1.891553 2.446069 -0.142294
v 1.915642 2.375475 -0.116812
v 1.837162 2.605468 0.024106
v 1.871229 2.505633 0.137656
v 1.847139 2.576227 0.101177
v 1.891553 2.446069 0.142295
v 1.925621 2.346234 0.044297
v 1.915642 2.375475 0.116813
v -0.803458 2.312348 0.027874
v -0.853544 2.165569 0.194816
v -0.735985 2.312348 0.323493
v -0.735130 2.451169 0.167789
v -0.818128 2.269357 0.141184
v -0.878272 2.093101 0.200460
v -0.928358 1.946322 0.056382
v -0.949158 1.792283 0.216639
v -0.860885 1.946323 0.352001
v -0.913688 1.989313 0.162995
v -0.853544 2.165569 -0.194816
v -0.803458 2.312348 -0.027874
v -0.735130 2.451169 -0.167789
v -0.735985 2.312348 -0.323494
v -0.818128 2.269357 -0.141185
v -0.928358 1.946322 -0.056382
v -0.878272 2.093101 -0.200460
v -0.860884 1.946323 -0.352001
v -0.949158 1.792283 -0.216639
v -0.913688 1.989313 -0.162996
v -1.892421 2.510204 0.147315
v -1.854547 2.621195 0.021078
v -1.865640 2.588686 0.106760
v -1.948993 2.344415 0.042634
v -1.911119 2.455405 0.151583
v -1.937900 2.376924 0.123253
v -1.854547 2.621195 -0.021078
v -1.892421 2.510204 -0.147315
v -1.865640 2.588686 -0.106761
v -1.911119 2.455406 -0.151583
v -1.948993 2.344415 -0.042635
v -1.937900 2.376924 -0.123254
v 1.397103 2.325116 0.060110
v 1.386584 2.355942 0.044181
v 1.382227 2.368710 0.010527
v 1.397103 2.325116 -0.060109
v 1.386584 2.355942 -0.044180
v 1.382227 2.368710 -0.010526
v 1.405978 2.299106 -0.062135
v 1.416497 2.268280 -0.051008
v 1.420854 2.255512 -0.019342
v 1.405978 2.299106 0.062135
v 1.416497 2.268280 0.051008
v 1.420854 2.255512 0.019343
v 1.665136 2.415870 0.057183
v 1.655129 2.445195 -0.042029
v 1.650984 2.457342 -0.010013
v 1.673579 2.391127 -0.059110
v 1.683586 2.361802 0.048525
v 1.687731 2.349655 0.018401
v 1.655129 2.445195 0.042030
v 1.650984 2.457342 0.010014
v 1.665136 2.415870 -0.057183
v 1.683586 2.361802 -0.048524
v 1.687731 2.349655 -0.018401
v 1.673579 2.391127 0.059110
v 1.117621 2.267914 0.047568
v 1.112930 2.281662 0.011333
v 1.128947 2.234725 -0.064718
v 1.149827 2.173532 -0.054918
v 1.154519 2.159784 -0.020825
v 1.138502 2.206721 0.066899
v 1.128947 2.234725 0.064718
v 1.117621 2.267914 -0.047567
v 1.112930 2.281662 -0.011333
v 1.138502 2.206721 -0.066899
v 1.149827 2.173532 0.054919
v 1.154519 2.159784 0.020826
v 1.526846 2.402450 0.042958
v 1.522609 2.414865 0.010235
v 1.537074 2.372476 -0.058446
v 1.555932 2.317214 -0.049596
v 1.560168 2.304798 -0.018807
v 1.545704 2.347187 0.060416
v 1.537074 2.372476 0.058447
v 1.526846 2.402450 -0.042958
v 1.522609 2.414865 -0.010235
v 1.545704 2.347187 -0.060416
v 1.555932 2.317214 0.049597
v 1.560168 2.304798 0.018808
v 1.798869 2.462076 0.059553
v 1.788448 2.492617 -0.043771
v 1.784132 2.505267 -0.010428
v 1.807662 2.436308 -0.061559
v 1.818084 2.405768 0.050535
v 1.822400 2.393117 0.019164
v 1.788448 2.492617 0.043771
v 1.784131 2.505267 0.010429
v 1.798869 2.462076 -0.059552
v 1.818084 2.405768 -0.050535
v 1.822400 2.393117 -0.019163
v 1.807662 2.436308 0.061560
v 1.262968 2.280088 0.063193
v 1.251909 2.312495 -0.046446
v 1.247329 2.325919 -0.011066
v 1.272298 2.252745 -0.065322
v 1.283356 2.220338 0.053624
v 1.287937 2.206914 0.020335
v 1.251909 2.312495 0.046447
v 1.247329 2.325919 0.011066
v 1.262968 2.280088 -0.063192
v 1.283356 2.220338 -0.053624
v 1.287937 2.206914 -0.020335
v 1.272298 2.252745 0.065322
v 0.981882 2.227585 0.052975
v 0.976658 2.242895 0.012622
v 0.994495 2.190622 -0.072075
v 1.017750 2.122473 -0.061162
v 1.022974 2.107163 -0.023193
v 1.005137 2.159436 0.074504
v 0.994495 2.190622 0.072075
v 0.981882 2.227585 -0.052975
v 0.976658 2.242895 -0.012622
v 1.005137 2.159436 -0.074504
v 1.017750 2.122473 0.061162
v 1.022974 2.107163 0.023193
v -1.405363 2.300910 0.061965
v -1.416311 2.268827 0.050384
v -1.420846 2.255538 0.017428
v -1.405363 2.300910 -0.061966
v -1.416311 2.268827 -0.050385
v -1.420846 2.255538 -0.017429
v -1.397719 2.323311 -0.060221
v -1.386771 2.355394 -0.043643
v -1.382237 2.368683 -0.008617
v -1.397719 2.323311 0.060221
v -1.386771 2.355394 0.043642
v -1.382237 2.368683 0.008616
v -1.148992 2.175980 0.052084
v -1.153680 2.162242 0.018016
v -1.137675 2.209145 -0.064056
v -1.118457 2.265466 -0.045115
v -1.113769 2.279203 -0.008907
v -1.129774 2.232301 0.062252
v -1.137675 2.209145 0.064055
v -1.148992 2.175980 -0.052084
v -1.153680 2.162242 -0.018017
v -1.129774 2.232301 -0.062252
v -1.118457 2.265466 0.045114
v -1.113769 2.279203 0.008907
v -1.673348 2.391803 0.064702
v -1.684780 2.358303 -0.052611
v -1.689515 2.344427 -0.018199
v -1.665367 2.415194 -0.062881
v -1.653935 2.448694 0.045570
v -1.649200 2.462569 0.008997
v -1.684780 2.358303 0.052610
v -1.689515 2.344427 0.018198
v -1.673348 2.391803 -0.064703
v -1.653935 2.448694 -0.045571
v -1.649200 2.462569 -0.008997
v -1.665367 2.415194 0.062881
v -1.017979 2.121801 0.061961
v -1.023556 2.105459 0.021433
v -1.004516 2.161255 -0.076203
v -0.981653 2.228257 -0.053670
v -0.976077 2.244599 -0.010596
v -0.995116 2.188802 0.074057
v -1.004516 2.161255 0.076202
v -1.017979 2.121801 -0.061961
v -1.023556 2.105459 -0.021433
v -0.995116 2.188802 -0.074057
v -0.981653 2.228257 0.053670
v -0.976077 2.244599 0.010596
v -1.271509 2.255057 0.062846
v -1.282612 2.222518 -0.051101
v -1.287211 2.209041 -0.017676
v -1.263757 2.277776 -0.061077
v -1.252653 2.310314 0.044262
v -1.248054 2.323793 0.008739
v -1.282612 2.222518 0.051100
v -1.287211 2.209041 0.017676
v -1.271509 2.255057 -0.062846
v -1.252653 2.310314 -0.044263
v -1.248054 2.323793 -0.008739
v -1.263757 2.277776 0.061076
v -1.550653 2.313251 0.051863
v -1.555320 2.299572 0.017940
v -1.539383 2.346275 -0.063784
v -1.520246 2.402357 -0.044923
v -1.515579 2.416037 -0.008870
v -1.531515 2.369334 0.061987
v -1.539384 2.346275 0.063783
v -1.550653 2.313251 -0.051863
v -1.555320 2.299572 -0.017940
v -1.531515 2.369333 -0.061988
v -1.520246 2.402357 0.044923
v -1.515579 2.416037 0.008869
v -1.806932 2.438449 0.059435
v -1.817433 2.407676 -0.048328
v -1.821782 2.394929 -0.016717
v -1.799600 2.459935 -0.057763
v -1.789099 2.490708 0.041861
v -1.784750 2.503454 0.008264
v -1.817433 2.407676 0.048327
v -1.821782 2.394929 0.016717
v -1.806932 2.438449 -0.059436
v -1.789099 2.490708 -0.041861
v -1.784750 2.503454 -0.008265
v -1.799600 2.459935 0.057762
v -1.997364 2.484835 0.151583
v -2.078649 2.524927 0.060600
v -2.056406 2.508601 0.124934
v -2.087576 2.498767 0.051157
v -2.024145 2.406353 0.123253
v -2.077957 2.445443 0.102137
v -2.091274 2.487932 0.024285
v -2.035238 2.373845 0.042634
v -2.086884 2.419283 0.037260
v -2.024145 2.406353 -0.123254
v -2.087575 2.498767 -0.051158
v -2.077957 2.445443 -0.102137
v -2.078650 2.524927 -0.060601
v -1.997364 2.484835 -0.151583
v -2.056406 2.508601 -0.124935
v -2.035238 2.373845 -0.042635
v -2.091274 2.487932 -0.024286
v -2.086884 2.419283 -0.037261
v -1.978665 2.539634 -0.147315
v -2.071445 2.546035 -0.058957
v -2.041074 2.553531 -0.121436
v -2.059731 2.580368 -0.041216
v -1.951885 2.618116 -0.106761
v -2.018705 2.619082 -0.087563
v -2.054878 2.594589 -0.003734
v -1.940792 2.650624 -0.021078
v -2.009440 2.646235 -0.015998
v -1.951885 2.618116 0.106760
v -2.059731 2.580368 0.041215
v -2.018706 2.619082 0.087562
v -2.071446 2.546035 0.058956
v -1.978665 2.539634 0.147315
v -2.041074 2.553531 0.121435
v -1.940792 2.650624 0.021078
v -2.054878 2.594589 0.003733
v -2.009440 2.646235 0.015997
v 2.121005 2.524820 0.023006
v 2.053232 2.386832 0.045199
v 2.115697 2.441790 0.038698
v 2.116785 2.537191 0.035148
v 2.018471 2.488701 0.145192
v 2.089881 2.517445 0.112961
v 2.043050 2.416669 0.119191
v 2.119771 2.528444 0.031991
v 2.108136 2.463949 0.093651
v 2.121005 2.524820 -0.023005
v 2.053232 2.386832 -0.045198
v 2.115697 2.441790 -0.038698
v 2.119771 2.528444 -0.031990
v 2.043050 2.416669 -0.119190
v 2.108136 2.463949 -0.093650
v 2.116785 2.537191 -0.035148
v 2.018471 2.488701 -0.145191
v 2.089881 2.517445 -0.112960
v 1.962971 2.651345 -0.024596
v 2.100958 2.583570 -0.003618
v 2.046002 2.646035 -0.018452
v 2.109950 2.557220 -0.033588
v 1.997732 2.549477 -0.140458
v 2.073215 2.566286 -0.109156
v 2.103594 2.575852 -0.023960
v 1.973152 2.621508 -0.103237
v 2.053973 2.622677 -0.080017
v 2.100958 2.583570 0.003619
v 1.962971 2.651345 0.024597
v 2.046002 2.646035 0.018453
v 2.103594 2.575852 0.023961
v 1.973152 2.621508 0.103237
v 2.053973 2.622678 0.080018
v 2.109950 2.557220 0.033588
v 1.997732 2.549477 0.140459
v 2.073215 2.566286 0.109157
v 0.215889 0.518447 -0.448299
v 0.485099 0.489906 0.110721
v 0.389019 0.489906 0.310232
v 0.215889 0.489905 0.448299
v -0.000000 0.489906 0.497574
v -0.215889 0.489905 0.448299
v -0.389019 0.489906 0.310232
v -0.485099 0.489906 0.110721
v -0.215889 0.518446 -0.448299
v 0.000000 0.518446 -0.497574
v 0.650021 0.375628 -0.350443
v 0.576498 0.371833 -0.381675
v 0.512459 0.580297 -0.505439
v 0.607260 0.644454 -0.484274
v 0.609352 0.373732 -0.388117
v 0.615313 0.379107 -0.174963
v 0.660035 0.379800 -0.263660
v 0.757241 0.644454 -0.172835
v 0.714681 0.580297 -0.085521
v 0.659707 0.380381 -0.208195
v 0.527540 0.368527 -0.373397
v 0.493959 0.368518 -0.258978
v 0.328349 0.518446 -0.358615
v 0.491023 0.367737 -0.321977
v 0.520278 0.370134 -0.198212
v 0.626665 0.374613 -0.144535
v 0.485099 0.489906 -0.033120
v 0.564210 0.372230 -0.153004
v 0.879793 0.266604 -0.252426
v 0.815103 0.265601 -0.124125
v 0.879319 0.267444 -0.172195
v 0.643715 0.255078 -0.519826
v 0.781489 0.260568 -0.479391
v 0.722662 0.257826 -0.533886
v 0.625194 0.259101 -0.080112
v 0.471305 0.252622 -0.157754
v 0.534851 0.255654 -0.092361
v 0.433234 0.250284 -0.245653
v 0.481809 0.250298 -0.411160
v 0.428987 0.249154 -0.336781
v -0.689938 0.402468 -0.374018
v -0.633982 0.401055 -0.287254
v -0.714681 0.580297 -0.066971
v -0.767415 0.659790 -0.175158
v -0.689089 0.402842 -0.338284
v -0.596614 0.388903 -0.468690
v -0.663475 0.399564 -0.438394
v -0.615419 0.659790 -0.490781
v -0.497956 0.580297 -0.517005
v -0.637770 0.397211 -0.463123
v -0.538675 0.393718 -0.266853
v -0.481760 0.382492 -0.247698
v -0.518285 0.491424 -0.066274
v -0.489725 0.387440 -0.275000
v -0.470690 0.381277 -0.274626
v -0.514722 0.383038 -0.415653
v -0.313846 0.518446 -0.370181
v -0.468458 0.380133 -0.352736
v -0.768119 0.298628 -0.135577
v -0.855865 0.303549 -0.302577
v -0.853362 0.304653 -0.197235
v -0.777853 0.294988 -0.492350
v -0.598339 0.279997 -0.548587
v -0.702078 0.288051 -0.565250
v -0.422243 0.270168 -0.209758
v -0.621992 0.287379 -0.104297
v -0.503945 0.277754 -0.122441
v -0.472782 0.271005 -0.467269
v -0.405271 0.268305 -0.251045
v -0.401848 0.266551 -0.370803
v 0.819959 0.133294 -0.122710
v 0.777631 0.022993 -0.221283
v 0.809197 0.056445 -0.151105
v 0.780899 0.023087 -0.223729
v 0.884176 0.135137 -0.170780
v 0.855562 0.057775 -0.185812
v 0.780923 0.023044 -0.227811
v 0.884649 0.134296 -0.251011
v 0.855903 0.057169 -0.243739
v 0.727519 0.125519 -0.532471
v 0.697621 0.017973 -0.416002
v 0.720397 0.049477 -0.497882
v 0.693604 0.017833 -0.415286
v 0.648571 0.122771 -0.518411
v 0.663396 0.047493 -0.487730
v 0.786345 0.128261 -0.477976
v 0.700613 0.018113 -0.413229
v 0.762870 0.051456 -0.458535
v 0.486665 0.117990 -0.409745
v 0.566856 0.014092 -0.330217
v 0.511788 0.043016 -0.385976
v 0.546945 0.013659 -0.302180
v 0.433844 0.116847 -0.335366
v 0.468606 0.042081 -0.325170
v 0.548546 0.014086 -0.267830
v 0.438090 0.117977 -0.244238
v 0.472077 0.043005 -0.250672
v 0.539708 0.123346 -0.090946
v 0.594907 0.016605 -0.191445
v 0.557510 0.047539 -0.119905
v 0.628961 0.017904 -0.186827
v 0.630050 0.126793 -0.078697
v 0.631366 0.050357 -0.109891
v 0.476161 0.120315 -0.156339
v 0.570954 0.015461 -0.216094
v 0.505560 0.045060 -0.173365
v -0.415878 0.135096 -0.249396
v -0.548081 0.021429 -0.274138
v -0.458659 0.050819 -0.256012
v -0.546521 0.020631 -0.328703
v -0.412455 0.133342 -0.369155
v -0.455782 0.049345 -0.356676
v -0.578840 0.022661 -0.372655
v -0.483389 0.137796 -0.465620
v -0.515406 0.053089 -0.437760
v -0.712686 0.154843 -0.563601
v -0.681388 0.030111 -0.430445
v -0.707579 0.067325 -0.523970
v -0.694325 0.031295 -0.417999
v -0.788461 0.161779 -0.490702
v -0.764949 0.072576 -0.468776
v -0.608947 0.146788 -0.546938
v -0.663677 0.028735 -0.427600
v -0.629036 0.061227 -0.511354
v -0.866473 0.170340 -0.300928
v -0.752595 0.037689 -0.276250
v -0.837179 0.080503 -0.293069
v -0.752167 0.037878 -0.258265
v -0.863969 0.171444 -0.195586
v -0.835283 0.081339 -0.213314
v -0.737614 0.036849 -0.247739
v -0.778727 0.165419 -0.133928
v -0.770745 0.076777 -0.166631
v -0.514552 0.144545 -0.120792
v -0.585094 0.024863 -0.234870
v -0.539273 0.058507 -0.153574
v -0.547869 0.021408 -0.274654
v -0.432850 0.136959 -0.208109
v -0.470598 0.052130 -0.226969
v -0.632600 0.154170 -0.102649
v -0.638879 0.029249 -0.226604
v -0.638499 0.066597 -0.138323
v 0.000000 1.316574 -1.052274
v 0.402688 1.316574 -0.972174
v 0.744070 1.316574 -0.744070
v 0.972174 1.316574 -0.402688
v 1.052274 1.316574 0.000000
v 0.972174 1.316574 0.402688
v 0.744070 1.316574 0.744070
v 0.402688 1.316574 0.972174
v 0.000000 1.316574 1.052274
v -0.402688 1.316574 0.972174
v -0.744070 1.316574 0.744070
v -0.972174 1.316574 0.402688
v -1.052274 1.316574 0.000000
v -0.972174 1.316574 -0.402688
v -0.744070 1.316574 -0.744070
v -0.402688 1.316574 -0.972174
v -0.000000 0.424817 -1.142704
v 0.808013 0.424816 -0.808013
v 1.142704 0.424817 0.000000
v 0.808013 0.424816 0.808013
v -0.000000 0.424817 1.142704
v -0.808013 0.424817 0.808013
v -1.142704 0.424817 0.000000
v -0.808013 0.424817 -0.808013
v 0.000000 0.870695 -1.083381
v 0.414592 0.870695 -1.000914
v 0.766066 0.870695 -0.766066
v 1.000914 0.870695 -0.414592
v 1.083381 0.870695 0.000000
v 1.000914 0.870695 0.414592
v 0.766066 0.870695 0.766066
v 0.414592 0.870695 1.000914
v 0.000000 0.870695 1.083381
v -0.414592 0.870695 1.000914
v -0.766066 0.870695 0.766066
v -1.000914 0.870695 0.414592
v -1.083381 0.870695 0.000000
v -1.000914 0.870695 -0.414592
v -0.766066 0.870695 -0.766066
v -0.414592 0.870695 -1.000914
vn -0.1095 0.4037 -0.9083
vn 0.1325 0.2418 -0.9612
vn -0.0520 0.1917 -0.9801
vn 0.0616 0.4501 -0.8909
vn 0.3100 0.2899 -0.9055
vn 0.2260 0.4947 -0.8392
vn 0.4735 0.3342 -0.8149
vn 0.3776 0.5358 -0.7552
vn 0.6169 0.3731 -0.6930
vn 0.5104 0.5718 -0.6423
vn 0.7345 0.4050 -0.5445
vn 0.7004 0.6233 -0.3476
vn 0.8219 0.4287 -0.3751
vn 0.8757 0.4433 -0.1912
vn 0.7503 0.6369 -0.1772
vn 0.8939 0.4482 -0.0000
vn 0.7672 0.6414 -0.0000
vn 0.8757 0.4433 0.1912
vn 0.7503 0.6369 0.1772
vn 0.8219 0.4287 0.3751
vn 0.7004 0.6233 0.3476
vn 0.7345 0.4050 0.5445
vn 0.6194 0.6014 0.5046
vn 0.6169 0.3731 0.6930
vn 0.5104 0.5718 0.6423
vn 0.4735 0.3342 0.8149
vn 0.3776 0.5358 0.7552
vn 0.3100 0.2899 0.9055
vn 0.2260 0.4947 0.8392
vn 0.1325 0.2418 0.9612
vn 0.0616 0.4501 0.8908
vn -0.0520 0.1917 0.9801
vn -0.1095 0.4037 0.9083
vn -0.2365 0.1417 0.9612
vn -0.2805 0.3574 0.8909
vn -0.4140 0.0936 0.9055
vn -0.4449 0.3128 0.8392
vn -0.5775 0.0492 0.8149
vn -0.5965 0.2717 0.7552
vn -0.7209 0.0104 0.6930
vn -0.7294 0.2357 0.6423
vn -0.8385 -0.0215 0.5445
vn -0.8384 0.2061 0.5046
vn -0.9259 -0.0452 0.3751
vn -0.9194 0.1841 0.3476
vn -0.9797 -0.0598 0.1912
vn -0.9693 0.1706 0.1772
vn -0.9979 -0.0647 -0.0000
vn -0.9693 0.1706 -0.1772
vn -0.9797 -0.0598 -0.1912
vn -0.9259 -0.0452 -0.3751
vn -0.9194 0.1841 -0.3476
vn -0.8385 -0.0215 -0.5445
vn -0.8384 0.2061 -0.5046
vn -0.7209 0.0104 -0.6930
vn -0.7294 0.2357 -0.6423
vn -0.5775 0.0492 -0.8149
vn -0.4450 0.3128 -0.8392
vn -0.4140 0.0936 -0.9055
vn 0.6194 0.6014 -0.5046
vn 0.6073 0.7265 -0.3215
vn -0.2805 0.3574 -0.8908
vn -0.2365 0.1417 -0.9612
vn 0.3268 0.2411 -0.9138
vn 0.1883 0.0511 -0.9808
vn 0.1477 0.1925 -0.9701
vn -0.0522 -0.4752 -0.8783
vn 0.1254 -0.4626 -0.8777
vn 0.1165 -0.4295 -0.8955
vn -0.2143 -0.5192 -0.8274
vn -0.0398 -0.5074 -0.8608
vn -0.3637 -0.5597 -0.7446
vn -0.1987 -0.5505 -0.8108
vn -0.4947 -0.5952 -0.6332
vn -0.3452 -0.5902 -0.7297
vn -0.6022 -0.6243 -0.4975
vn -0.4735 -0.6250 -0.6206
vn -0.6572 -0.6748 -0.3359
vn -0.6821 -0.6460 -0.3427
vn -0.7313 -0.6593 -0.1747
vn -0.7216 -0.6923 -0.0000
vn -0.7479 -0.6638 -0.0000
vn -0.7313 -0.6593 0.1747
vn -0.6572 -0.6748 0.3359
vn -0.6821 -0.6460 0.3427
vn -0.5789 -0.6536 0.4876
vn -0.6022 -0.6243 0.4975
vn -0.4735 -0.6250 0.6206
vn -0.4947 -0.5952 0.6332
vn -0.3452 -0.5902 0.7297
vn -0.3637 -0.5597 0.7446
vn -0.1987 -0.5505 0.8108
vn -0.2143 -0.5192 0.8274
vn -0.0398 -0.5074 0.8608
vn -0.0522 -0.4752 0.8783
vn 0.1254 -0.4626 0.8777
vn 0.1165 -0.4295 0.8955
vn 0.2907 -0.4178 0.8608
vn 0.2851 -0.3838 0.8783
vn 0.4472 -0.3398 0.8274
vn 0.5960 -0.3350 0.7297
vn 0.5966 -0.2993 0.7446
vn 0.7244 -0.3002 0.6206
vn 0.7276 -0.2638 0.6332
vn 0.8351 -0.2346 0.4975
vn 0.9150 -0.2130 0.3427
vn 0.8297 -0.2716 0.4876
vn 0.9562 -0.2373 0.1712
vn 0.9642 -0.1996 0.1747
vn 0.9725 -0.2329 -0.0000
vn 0.9808 -0.1951 -0.0000
vn 0.9562 -0.2373 -0.1712
vn 0.9642 -0.1996 -0.1747
vn 0.9150 -0.2130 -0.3427
vn 0.8297 -0.2716 -0.4876
vn 0.8351 -0.2346 -0.4975
vn 0.7244 -0.3002 -0.6206
vn 0.7276 -0.2638 -0.6332
vn 0.5960 -0.3350 -0.7297
vn 0.5966 -0.2993 -0.7446
vn 0.4496 -0.3747 -0.8108
vn 0.4472 -0.3398 -0.8274
vn 0.2907 -0.4178 -0.8608
vn 0.2851 -0.3838 -0.8783
vn -0.2017 -0.0004 -0.9794
vn 0.0388 -0.1430 -0.9890
vn -0.1474 -0.1935 -0.9700
vn -0.3825 -0.0495 -0.9226
vn -0.3265 -0.2421 -0.9137
vn -0.5492 -0.0946 -0.8303
vn -0.4915 -0.2868 -0.8223
vn -0.6952 -0.1342 -0.7061
vn -0.6361 -0.3260 -0.6993
vn -0.8151 -0.1667 -0.5548
vn -0.7549 -0.3582 -0.5494
vn -0.9042 -0.1909 -0.3822
vn -0.8431 -0.3821 -0.3785
vn -0.9590 -0.2058 -0.1948
vn -0.8974 -0.3969 -0.1929
vn -0.9775 -0.2108 -0.0000
vn -0.9157 -0.4018 -0.0000
vn -0.9590 -0.2058 0.1948
vn -0.8974 -0.3969 0.1929
vn -0.9042 -0.1909 0.3822
vn -0.8431 -0.3821 0.3785
vn -0.8151 -0.1667 0.5548
vn -0.7549 -0.3582 0.5494
vn -0.6952 -0.1342 0.7061
vn -0.6361 -0.3260 0.6993
vn -0.5492 -0.0946 0.8303
vn -0.4915 -0.2868 0.8223
vn -0.3825 -0.0495 0.9226
vn -0.3265 -0.2421 0.9137
vn -0.2017 -0.0004 0.9794
vn -0.1474 -0.1935 0.9700
vn -0.0137 0.0505 0.9986
vn 0.0388 -0.1430 0.9890
vn 0.1743 0.1015 0.9794
vn 0.2250 -0.0925 0.9700
vn 0.3551 0.1506 0.9226
vn 0.4040 -0.0440 0.9137
vn 0.5218 0.1957 0.8303
vn 0.5691 0.0008 0.8223
vn 0.6678 0.2353 0.7061
vn 0.7137 0.0400 0.6993
vn 0.7877 0.2678 0.5548
vn 0.8324 0.0722 0.5494
vn 0.8768 0.2920 0.3822
vn 0.9206 0.0961 0.3785
vn 0.9316 0.3069 0.1948
vn 0.9749 0.1108 0.1929
vn 0.9501 0.3119 -0.0000
vn 0.9933 0.1158 -0.0000
vn 0.9316 0.3069 -0.1948
vn 0.9749 0.1108 -0.1929
vn 0.8768 0.2920 -0.3822
vn 0.9206 0.0961 -0.3785
vn 0.7877 0.2678 -0.5548
vn 0.8324 0.0722 -0.5494
vn 0.6678 0.2353 -0.7061
vn 0.7137 0.0400 -0.6993
vn 0.5218 0.1957 -0.8303
vn 0.5691 0.0008 -0.8223
vn 0.3551 0.1506 -0.9226
vn 0.4041 -0.0440 -0.9137
vn 0.1743 0.1015 -0.9794
vn 0.2250 -0.0925 -0.9700
vn -0.0137 0.0505 -0.9986
vn -0.0299 0.1102 -0.9935
vn 0.2217 -0.0790 -0.9719
vn 0.1572 0.1609 -0.9744
vn 0.3371 0.2097 -0.9178
vn 0.5665 0.0145 -0.8239
vn 0.5028 0.2546 -0.8260
vn 0.6481 0.2940 -0.7025
vn 0.7114 0.0538 -0.7007
vn 0.7674 0.3263 -0.5519
vn 0.8304 0.0860 -0.5505
vn 0.8560 0.3504 -0.3802
vn 0.9188 0.1100 -0.3792
vn 0.9105 0.3652 -0.1938
vn 0.9732 0.1247 -0.1933
vn 0.9290 0.3702 -0.0000
vn 0.9916 0.1297 -0.0000
vn 0.9105 0.3652 0.1938
vn 0.9732 0.1247 0.1933
vn 0.8560 0.3504 0.3802
vn 0.9188 0.1100 0.3792
vn 0.7674 0.3263 0.5519
vn 0.8304 0.0860 0.5505
vn 0.6481 0.2940 0.7025
vn 0.7114 0.0538 0.7007
vn 0.5028 0.2546 0.8260
vn 0.5665 0.0145 0.8239
vn 0.3371 0.2097 0.9178
vn 0.4011 -0.0304 0.9155
vn 0.1572 0.1609 0.9744
vn 0.0351 -0.1296 0.9909
vn -0.0299 0.1102 0.9935
vn -0.2169 0.0595 0.9744
vn -0.1514 -0.1802 0.9719
vn -0.3968 0.0107 0.9178
vn -0.3309 -0.2289 0.9155
vn -0.5626 -0.0343 0.8260
vn -0.4962 -0.2737 0.8239
vn -0.7079 -0.0737 0.7025
vn -0.6411 -0.3130 0.7007
vn -0.8271 -0.1060 0.5519
vn -0.7601 -0.3452 0.5505
vn -0.9157 -0.1300 0.3802
vn -0.8485 -0.3692 0.3792
vn -0.9703 -0.1448 0.1938
vn -0.9029 -0.3840 0.1933
vn -0.9887 -0.1498 -0.0000
vn -0.9029 -0.3840 -0.1933
vn -0.9703 -0.1448 -0.1938
vn -0.9157 -0.1300 -0.3802
vn -0.7601 -0.3452 -0.5505
vn -0.8271 -0.1060 -0.5519
vn -0.7079 -0.0737 -0.7025
vn -0.4962 -0.2737 -0.8239
vn -0.5626 -0.0343 -0.8260
vn -0.3968 0.0107 -0.9178
vn -0.1514 -0.1802 -0.9719
vn -0.2169 0.0595 -0.9744
vn 0.9080 -0.2504 -0.3359
vn 0.9080 -0.2504 0.3359
vn 0.4496 -0.3747 0.8108
vn -0.7054 -0.6879 0.1712
vn -0.7054 -0.6879 -0.1712
vn -0.5789 -0.6536 -0.4876
vn 0.0351 -0.1296 -0.9909
vn 0.4011 -0.0304 -0.9155
vn 0.2217 -0.0790 0.9719
vn -0.9213 -0.3889 -0.0000
vn -0.8485 -0.3692 -0.3792
vn -0.6411 -0.3130 -0.7007
vn -0.3309 -0.2289 -0.9155
vn -0.0385 0.1420 -0.9891
vn -0.2247 0.0915 -0.9701
vn -0.4038 0.0430 -0.9138
vn -0.5689 -0.0018 -0.8224
vn -0.7135 -0.0410 -0.6994
vn -0.8323 -0.0732 -0.5495
vn -0.9205 -0.0971 -0.3785
vn -0.9748 -0.1119 -0.1930
vn -0.9932 -0.1168 -0.0000
vn -0.9748 -0.1119 0.1930
vn -0.9205 -0.0971 0.3785
vn -0.8323 -0.0732 0.5495
vn -0.7135 -0.0410 0.6994
vn -0.5689 -0.0018 0.8224
vn -0.4038 0.0430 0.9138
vn -0.2247 0.0915 0.9701
vn -0.0385 0.1420 0.9891
vn 0.1477 0.1925 0.9701
vn 0.3268 0.2411 0.9138
vn 0.4919 0.2858 0.8224
vn 0.6365 0.3250 0.6994
vn 0.7553 0.3572 0.5495
vn 0.8435 0.3812 0.3785
vn 0.8978 0.3959 0.1930
vn 0.9161 0.4009 -0.0000
vn 0.8978 0.3959 -0.1930
vn 0.8435 0.3812 -0.3785
vn 0.7553 0.3572 -0.5495
vn 0.6365 0.3250 -0.6994
vn 0.4919 0.2858 -0.8224
vn -0.2617 0.9652 -0.0000
vn -0.2617 0.9651 -0.0000
vn 0.0163 0.5662 0.8241
vn -0.9528 0.3035 -0.0000
vn -0.9861 0.1660 -0.0000
vn 0.1684 0.6075 -0.7763
vn 0.5324 0.7062 0.4668
vn -0.5924 0.4012 0.6986
vn -0.7153 0.3679 0.5941
vn -0.5924 0.4012 -0.6986
vn -0.5965 0.2717 -0.7552
vn 0.6535 0.7390 -0.1639
vn -0.1419 0.5233 0.8402
vn -0.9373 0.3077 -0.1639
vn 0.3086 0.6455 -0.6986
vn 0.4315 0.6788 0.5941
vn -0.8162 0.3405 0.4668
vn -0.4522 0.4392 -0.7763
vn 0.6690 0.7432 -0.0000
vn -0.3001 0.4804 0.8241
vn -0.8911 0.3202 -0.3215
vn 0.4315 0.6788 -0.5941
vn 0.3086 0.6455 0.6986
vn -0.8911 0.3202 0.3215
vn -0.3001 0.4804 -0.8241
vn 0.6535 0.7390 0.1639
vn -0.4522 0.4392 0.7763
vn -0.8162 0.3405 -0.4668
vn 0.5324 0.7062 -0.4668
vn 0.1684 0.6075 0.7763
vn -0.9373 0.3077 0.1639
vn 0.0163 0.5662 -0.8241
vn -0.1419 0.5233 -0.8402
vn 0.6073 0.7265 0.3215
vn -0.7153 0.3679 -0.5941
vn 0.2617 -0.9652 -0.0000
vn 0.8917 0.2418 0.3827
vn -0.5362 -0.1454 0.8315
vn -0.6825 -0.1850 -0.7071
vn 0.8917 0.2418 -0.3827
vn 0.1883 0.0511 0.9808
vn -0.9652 -0.2617 -0.0000
vn 0.3693 0.1001 -0.9239
vn 0.8025 0.2176 0.5556
vn -0.6825 -0.1850 0.7071
vn -0.5362 -0.1454 -0.8315
vn 0.9466 0.2567 -0.1951
vn -0.0000 -0.0000 1.0000
vn -0.9466 -0.2567 -0.1951
vn 0.5362 0.1454 -0.8315
vn 0.6825 0.1850 0.7071
vn -0.8025 -0.2176 0.5556
vn -0.3694 -0.1001 -0.9239
vn 0.9652 0.2617 -0.0000
vn -0.1883 -0.0511 0.9808
vn -0.8917 -0.2418 -0.3827
vn 0.6825 0.1850 -0.7071
vn 0.5362 0.1454 0.8315
vn -0.8917 -0.2418 0.3827
vn -0.0000 -0.0000 -1.0000
vn -0.1883 -0.0511 -0.9808
vn 0.9466 0.2567 0.1951
vn -0.3693 -0.1001 0.9239
vn -0.8025 -0.2176 -0.5556
vn 0.8025 0.2176 -0.5556
vn 0.3693 0.1001 0.9239
vn -0.9466 -0.2567 0.1951
vn -0.9926 -0.1213 -0.0000
vn -0.9928 -0.1198 -0.0000
vn 0.9927 -0.1207 -0.0000
vn 0.9932 -0.1163 -0.0000
vn 0.0492 -0.9988 -0.0000
vn 0.0246 -0.9997 -0.0000
vn 0.8741 0.4858 -0.0000
vn 0.9960 -0.0898 -0.0000
vn 0.9977 -0.0675 -0.0000
vn -0.9954 -0.0959 -0.0000
vn -0.9973 -0.0734 -0.0000
vn 0.8165 0.5773 -0.0000
vn -0.0000 -1.0000 -0.0000
vn -0.0373 -0.9993 -0.0000
vn -0.8451 0.5346 -0.0000
vn -0.0745 -0.9972 -0.0000
vn -0.8495 0.5277 -0.0000
vn 0.9937 -0.1120 -0.0000
vn -0.9930 -0.1183 -0.0000
vn -0.9983 -0.0580 -0.0000
vn -0.9991 -0.0426 -0.0000
vn 0.9986 -0.0520 -0.0000
vn 0.9993 -0.0365 -0.0000
vn -0.0000 0.3881 0.9216
vn -0.3544 0.5770 0.7358
vn -0.3999 0.3881 0.8304
vn -0.0000 0.5770 -0.8167
vn -0.2309 0.8466 -0.4795
vn -0.0000 0.8466 -0.5322
vn -0.0000 -0.0283 -0.9996
vn 0.4333 0.0540 -0.8997
vn 0.4337 -0.0283 -0.9006
vn -0.0000 0.2318 -0.9728
vn 0.3999 0.3881 -0.8304
vn 0.4221 0.2318 -0.8764
vn -0.0000 -0.5626 -0.8268
vn 0.3587 -0.5626 -0.7449
vn -0.0000 0.0540 -0.9985
vn -0.6385 0.5770 0.5092
vn -0.2309 0.8466 0.4795
vn -0.4161 0.8466 0.3318
vn 0.7815 -0.0283 -0.6232
vn 0.7605 0.2318 -0.6065
vn 0.4240 0.8641 -0.2711
vn 0.4731 0.8765 -0.0884
vn 0.4128 0.8470 -0.3349
vn 0.7807 0.0540 -0.6226
vn -0.3999 0.3881 -0.8304
vn -0.0000 0.3881 -0.9216
vn 0.9735 0.0540 -0.2222
vn 0.9745 -0.0283 -0.2224
vn 0.8435 0.3832 -0.3764
vn 0.6385 0.5770 -0.5092
vn 0.7962 0.5770 -0.1817
vn 0.6601 -0.4430 -0.6066
vn 0.4616 -0.4649 -0.7555
vn -0.6411 -0.3072 0.7033
vn -0.7188 -0.0494 0.6935
vn -0.7202 -0.0449 0.6923
vn 0.3544 0.5770 -0.7358
vn 0.6385 0.5770 0.5092
vn 0.2309 0.8466 0.4795
vn 0.3544 0.5770 0.7358
vn 0.9023 0.4310 0.0130
vn 0.8787 0.4321 -0.2028
vn 0.7962 0.5770 0.1817
vn 0.6269 -0.7097 0.3215
vn 0.1677 -0.9788 0.1176
vn 0.8483 -0.5295 0.0079
vn -0.4368 -0.8894 0.1347
vn -0.4387 -0.8862 -0.1487
vn -0.4387 -0.8862 0.1487
vn -0.9619 0.1603 0.2213
vn -0.9880 0.1531 -0.0189
vn -0.9735 0.0540 -0.2222
vn 0.4161 0.8466 -0.3318
vn 0.5189 0.8466 -0.1184
vn 0.9745 -0.0283 0.2224
vn 0.8060 -0.5626 0.1840
vn 0.6464 -0.5626 0.5155
vn -0.3370 0.9222 0.1895
vn -0.1381 0.9727 -0.1863
vn -0.3370 0.9222 -0.1895
vn 0.3999 0.3881 0.8304
vn -0.0000 0.5770 0.8167
vn -0.5189 0.8466 0.1184
vn -0.7962 0.5770 0.1817
vn 0.9735 0.0540 0.2222
vn 0.7815 -0.0283 0.6232
vn 0.8435 0.3832 0.3764
vn 0.3587 -0.5626 0.7449
vn 0.7807 0.0540 0.6226
vn 0.4221 0.2318 0.8764
vn 0.4333 0.0540 0.8997
vn -0.8831 0.4485 -0.1381
vn -0.8832 0.4488 0.1361
vn -0.8832 0.4488 -0.1361
vn -0.0000 0.8466 0.5322
vn 0.4337 -0.0283 0.9006
vn 0.7206 0.3881 0.5746
vn 0.7605 0.2318 0.6065
vn -0.0000 -0.5626 0.8268
vn -0.0000 0.0540 0.9985
vn 0.9619 0.1603 -0.2213
vn 0.9880 0.1531 0.0189
vn -0.3544 0.5770 -0.7358
vn -0.4161 0.8466 -0.3318
vn -0.0000 -0.0283 0.9996
vn -0.0000 0.2318 0.9728
vn -0.3587 -0.5626 0.7449
vn -0.4333 0.0540 0.8997
vn 0.7206 0.3881 -0.5746
vn 0.5189 0.8466 0.1184
vn -0.4337 -0.0283 0.9006
vn -0.4221 0.2318 0.8764
vn -0.7807 0.0540 0.6226
vn 0.8578 0.4926 -0.1467
vn 0.8583 0.4934 0.1410
vn 0.8578 0.4926 0.1467
vn -0.5189 0.8466 -0.1184
vn -0.7962 0.5770 -0.1817
vn -0.7815 -0.0283 0.6232
vn -0.7605 0.2318 0.6065
vn -0.6464 -0.5626 0.5155
vn -0.7206 0.3881 0.5746
vn -0.9745 -0.0283 0.2224
vn -0.8435 0.3832 0.3764
vn -0.8060 -0.5626 0.1840
vn 0.6037 -0.3015 -0.7380
vn 0.6855 -0.0301 -0.7274
vn 0.6879 -0.0222 -0.7255
vn 0.4161 0.8466 0.3318
vn -0.9745 -0.0283 -0.2224
vn -0.9735 0.0540 0.2222
vn -0.5587 0.8107 -0.1749
vn -0.5133 0.7636 -0.3918
vn -0.5376 0.8387 -0.0873
vn 0.3904 -0.9093 -0.1439
vn 0.3916 -0.9071 0.1542
vn 0.3916 -0.9071 -0.1542
vn -0.0000 1.0000 -0.0000
vn -0.7815 -0.0283 -0.6232
vn -0.8435 0.3832 -0.3764
vn -0.6385 0.5770 -0.5092
vn -0.8519 -0.5191 -0.0692
vn -0.8513 -0.5184 0.0806
vn -0.3164 -0.9273 0.2000
vn -0.4939 -0.8471 -0.1962
vn -0.3164 -0.9273 -0.2000
vn -0.1584 0.8776 0.4526
vn 0.0300 0.8294 0.5579
vn 0.0918 0.8177 0.5683
vn -0.7807 0.0540 -0.6226
vn -0.4337 -0.0283 -0.9006
vn -0.7206 0.3881 -0.5746
vn -0.4221 0.2318 -0.8764
vn -0.7605 0.2318 -0.6065
vn 0.0861 -0.7034 -0.7056
vn 0.0188 -0.9889 -0.1476
vn 0.4268 -0.5994 -0.6772
vn -0.4333 0.0540 -0.8997
vn 0.9619 0.1603 0.2213
vn -0.3587 -0.5626 -0.7449
vn -0.9619 0.1603 -0.2213
vn 0.2309 0.8466 -0.4795
vn -0.9023 0.4310 -0.0130
vn -0.8787 0.4321 0.2028
vn 0.7445 0.3870 -0.5440
vn 0.8895 0.2303 -0.3947
vn -0.7419 0.3864 0.5480
vn -0.8895 0.2303 0.3947
vn 0.8068 0.2178 0.5492
vn -0.8042 0.2171 -0.5533
vn 0.8884 0.4089 -0.2088
vn 0.9513 0.2157 -0.2201
vn 0.8884 0.4089 0.2088
vn 0.8787 0.4321 0.2028
vn 0.9513 0.2157 0.2201
vn 0.8895 0.2303 0.3947
vn -0.7531 0.0804 0.6529
vn -0.8654 0.4209 0.2717
vn -0.8831 0.4485 0.1381
vn 0.5110 0.5258 -0.6800
vn 0.5636 0.4016 -0.7219
vn 0.3869 0.8777 -0.2829
vn 0.3835 0.9126 -0.1419
vn 0.3836 0.9122 -0.1438
vn -0.6379 -0.3183 -0.7013
vn -0.5937 -0.4447 -0.6707
vn -0.6411 -0.3072 -0.7033
vn -0.4526 -0.8469 -0.2792
vn -0.4368 -0.8894 -0.1347
vn 0.7140 -0.0091 0.7001
vn 0.6655 0.1344 0.7342
vn 0.8540 -0.4311 0.2913
vn 0.8676 -0.4725 0.1549
vn 0.8680 -0.4761 0.1410
vn -0.7188 -0.0494 -0.6935
vn -0.8884 0.4089 0.2088
vn -0.9513 0.2157 0.2201
vn -0.8884 0.4089 -0.2088
vn -0.8787 0.4321 -0.2028
vn -0.9513 0.2157 -0.2201
vn -0.8895 0.2303 -0.3947
vn 0.6014 -0.3089 0.7368
vn 0.5523 -0.4433 0.7060
vn 0.6037 -0.3015 0.7380
vn 0.4039 -0.8664 0.2938
vn 0.3904 -0.9093 0.1439
vn -0.7055 -0.0150 -0.7085
vn -0.6593 0.1291 -0.7407
vn -0.8472 -0.4420 -0.2948
vn -0.8624 -0.4819 -0.1547
vn -0.8628 -0.4844 -0.1444
vn 0.7200 0.1085 -0.6854
vn 0.8378 0.4656 -0.2851
vn 0.8583 0.4934 -0.1410
vn -0.5003 0.5261 0.6877
vn -0.5549 0.4026 0.7280
vn -0.3748 0.8819 0.2861
vn -0.3739 0.9166 0.1415
vn -0.3741 0.9156 0.1472
vn 0.6855 -0.0301 0.7274
vn -0.0685 0.2525 -0.9652
vn 0.0576 -0.1149 -0.9917
vn 0.0574 -0.1151 -0.9917
vn 0.3072 -0.8672 0.3920
vn 0.3326 -0.9216 0.1999
vn 0.3265 -0.9238 0.2000
vn 0.0576 -0.1149 0.9917
vn 0.1147 -0.3024 0.9462
vn 0.0514 -0.1171 0.9918
vn 0.3134 -0.8650 -0.3919
vn 0.3324 -0.9217 -0.2001
vn 0.3131 -0.8651 -0.3919
vn 0.1209 -0.3003 -0.9462
vn 0.1206 -0.3004 -0.9462
vn -0.2901 0.8817 -0.3721
vn -0.3013 0.9345 -0.1895
vn -0.3072 0.9326 -0.1895
vn -0.0683 0.2526 -0.9652
vn -0.1321 0.4191 -0.8983
vn -0.0743 0.2506 -0.9652
vn -0.2842 0.8836 0.3720
vn -0.3015 0.9345 0.1894
vn -0.2845 0.8835 0.3721
vn -0.0685 0.2525 0.9652
vn -0.1262 0.4211 0.8982
vn -0.1265 0.4210 0.8982
vn -0.3015 0.9345 -0.1894
vn -0.3013 0.9345 0.1895
vn 0.3324 -0.9217 0.2001
vn -0.0683 0.2526 0.9652
vn -0.1005 0.2415 -0.9652
vn -0.1454 0.4146 -0.8983
vn -0.1577 0.4103 -0.8982
vn -0.3032 0.8773 -0.3721
vn -0.3331 0.9237 -0.1894
vn -0.3154 0.8730 -0.3720
vn 0.0245 -0.1265 0.9917
vn 0.1007 -0.3072 0.9463
vn 0.0877 -0.3116 0.9462
vn 0.2934 -0.8719 0.3920
vn 0.2999 -0.9327 0.2002
vn 0.2806 -0.8762 0.3919
vn 0.0374 -0.1217 -0.9919
vn 0.0514 -0.1171 -0.9918
vn 0.2934 -0.8719 -0.3920
vn 0.3265 -0.9238 -0.2000
vn 0.3072 -0.8672 -0.3920
vn 0.1007 -0.3072 -0.9463
vn 0.1147 -0.3024 -0.9462
vn -0.3032 0.8773 0.3721
vn -0.3072 0.9326 0.1895
vn -0.2901 0.8817 0.3721
vn -0.0743 0.2506 0.9652
vn -0.1454 0.4146 0.8983
vn -0.1321 0.4191 0.8983
vn -0.3206 0.9281 -0.1895
vn 0.3128 -0.9286 0.1998
vn 0.0374 -0.1217 0.9919
vn -0.0880 0.2460 0.9653
vn -0.0338 0.2638 0.9640
vn 0.0724 -0.1096 0.9913
vn -0.0538 0.2575 0.9648
vn 0.3670 -0.9084 -0.2005
vn 0.3472 -0.9163 0.1996
vn 0.3670 -0.9084 0.2005
vn -0.2670 0.9450 -0.1891
vn -0.2869 0.9391 0.1894
vn -0.2869 0.9391 -0.1894
vn -0.1120 0.4257 0.8979
vn -0.0926 0.4320 0.8971
vn -0.2701 0.8881 0.3719
vn -0.2670 0.9450 0.1891
vn -0.2508 0.8939 0.3716
vn 0.0931 -0.1033 -0.9903
vn 0.1358 -0.2951 -0.9458
vn 0.1559 -0.2879 -0.9449
vn 0.3280 -0.8596 -0.3918
vn 0.3478 -0.8519 -0.3914
vn -0.0338 0.2638 -0.9640
vn 0.0724 -0.1096 -0.9913
vn 0.3131 -0.8651 0.3919
vn 0.1206 -0.3004 0.9462
vn 0.0574 -0.1151 0.9917
vn -0.2845 0.8835 -0.3721
vn -0.0538 0.2575 -0.9648
vn -0.1265 0.4210 -0.8982
vn 0.3326 -0.9216 -0.1999
vn -0.0880 0.2460 -0.9653
vn -0.4526 -0.8469 0.2792
vn -0.6379 -0.3183 0.7013
vn -0.5937 -0.4447 0.6707
vn -0.8654 0.4209 -0.2717
vn -0.7531 0.0804 -0.6529
vn 0.0245 -0.1265 -0.9917
vn 0.2999 -0.9327 -0.2002
vn 0.3128 -0.9286 -0.1998
vn -0.3331 0.9237 0.1894
vn -0.3206 0.9281 0.1895
vn -0.1005 0.2415 0.9652
vn -0.1262 0.4211 -0.8982
vn -0.2842 0.8836 -0.3720
vn 0.1209 -0.3003 0.9462
vn 0.3134 -0.8650 0.3919
vn 0.3472 -0.9163 -0.1996
vn 0.6655 0.1344 -0.7342
vn 0.8068 0.2178 -0.5492
vn 0.8540 -0.4311 -0.2913
vn 0.8676 -0.4725 -0.1549
vn 0.7140 -0.0091 -0.7001
vn 0.3869 0.8777 0.2829
vn 0.3835 0.9126 0.1419
vn 0.7445 0.3870 0.5440
vn 0.5110 0.5258 0.6800
vn 0.3836 0.9122 0.1438
vn 0.5636 0.4016 0.7219
vn 0.3280 -0.8596 0.3918
vn 0.0931 -0.1033 0.9903
vn 0.1358 -0.2951 0.9458
vn -0.2701 0.8881 -0.3719
vn -0.1120 0.4257 -0.8979
vn 0.0774 0.2495 0.9653
vn -0.0379 -0.1217 0.9918
vn -0.0483 -0.1182 0.9918
vn 0.3027 0.8774 0.3721
vn 0.3260 0.9262 0.1895
vn 0.3084 0.8755 0.3721
vn 0.0934 0.2440 0.9653
vn 0.1449 0.4148 0.8983
vn 0.1506 0.4128 0.8983
vn 0.3027 0.8774 -0.3721
vn 0.3103 0.9316 -0.1895
vn 0.2931 0.8807 -0.3721
vn 0.0774 0.2495 -0.9653
vn 0.1449 0.4148 -0.8983
vn 0.1352 0.4181 -0.8983
vn -0.2940 -0.8717 -0.3920
vn -0.3072 -0.9304 -0.2001
vn -0.2880 -0.8738 -0.3920
vn -0.0319 -0.1238 -0.9918
vn -0.1012 -0.3070 -0.9463
vn -0.0952 -0.3091 -0.9463
vn -0.2940 -0.8717 0.3920
vn -0.3234 -0.9249 0.2000
vn -0.3041 -0.8683 0.3920
vn -0.1012 -0.3070 0.9463
vn -0.1114 -0.3035 0.9463
vn -0.3133 -0.9284 -0.1999
vn -0.3234 -0.9249 -0.2000
vn -0.0379 -0.1216 -0.9918
vn 0.0875 0.2462 -0.9653
vn 0.3103 0.9316 0.1895
vn 0.3201 0.9282 -0.1895
vn 0.3201 0.9282 0.1895
vn 0.2372 0.9530 -0.1884
vn 0.2732 0.9431 0.1895
vn 0.2372 0.9530 0.1884
vn 0.0038 0.2729 -0.9620
vn -0.0865 -0.1047 -0.9907
vn 0.0401 0.2623 -0.9642
vn -0.3963 -0.8960 0.2002
vn -0.3609 -0.9110 -0.1994
vn -0.3963 -0.8961 -0.2001
vn -0.1235 -0.0927 0.9880
vn -0.1497 -0.2901 0.9452
vn -0.1856 -0.2770 0.9428
vn -0.3417 -0.8544 0.3915
vn -0.3768 -0.8399 0.3905
vn 0.0987 0.4300 -0.8974
vn 0.0639 0.4408 -0.8953
vn 0.2569 0.8921 -0.3717
vn 0.2221 0.9017 -0.3709
vn 0.0038 0.2729 0.9620
vn -0.0865 -0.1047 0.9907
vn 0.2931 0.8807 0.3721
vn 0.0401 0.2623 0.9642
vn 0.1352 0.4181 0.8983
vn -0.3041 -0.8683 -0.3920
vn -0.1114 -0.3035 -0.9463
vn -0.0483 -0.1182 -0.9918
vn -0.0559 -0.1157 -0.9917
vn -0.1398 -0.2936 -0.9456
vn -0.0768 -0.1081 -0.9912
vn -0.3320 -0.8581 -0.3917
vn -0.3309 -0.9222 -0.2002
vn -0.3515 -0.9147 -0.1995
vn 0.0699 0.2518 0.9652
vn 0.1081 0.4270 0.8978
vn 0.0496 0.2591 0.9646
vn 0.2662 0.8893 0.3719
vn 0.3030 0.9340 0.1893
vn 0.2826 0.9403 0.1896
vn -0.0319 -0.1238 0.9918
vn -0.0559 -0.1157 0.9917
vn 0.3084 0.8755 -0.3721
vn 0.3030 0.9340 -0.1893
vn 0.3260 0.9262 -0.1895
vn 0.0699 0.2518 -0.9652
vn 0.1506 0.4128 -0.8983
vn 0.0934 0.2440 -0.9653
vn -0.2880 -0.8738 0.3920
vn -0.3309 -0.9222 0.2002
vn -0.3072 -0.9304 0.2001
vn -0.0952 -0.3091 0.9463
vn -0.6593 0.1291 0.7407
vn -0.8042 0.2171 0.5533
vn -0.3748 0.8819 -0.2861
vn -0.3739 0.9166 -0.1415
vn -0.7419 0.3864 -0.5480
vn -0.5003 0.5261 -0.6877
vn -0.8472 -0.4420 0.2948
vn -0.8624 -0.4819 0.1547
vn -0.7055 -0.0150 0.7085
vn -0.5549 0.4026 -0.7280
vn 0.2569 0.8921 0.3717
vn 0.0987 0.4300 0.8974
vn -0.3417 -0.8544 -0.3915
vn -0.1235 -0.0927 -0.9880
vn -0.1497 -0.2901 -0.9452
vn 0.0875 0.2462 0.9653
vn 0.2732 0.9431 -0.1895
vn -0.3609 -0.9110 0.1994
vn -0.3133 -0.9284 0.1999
vn -0.1190 -0.3010 -0.9462
vn -0.3115 -0.8657 -0.3919
vn 0.1280 0.4205 0.8982
vn 0.2860 0.8830 0.3721
vn 0.8378 0.4656 0.2851
vn 0.7200 0.1085 0.6854
vn 0.4039 -0.8664 -0.2938
vn 0.6014 -0.3089 -0.7368
vn 0.5523 -0.4433 -0.7060
vn -0.0768 -0.1081 0.9912
vn 0.2662 0.8893 -0.3719
vn 0.2860 0.8830 -0.3721
vn 0.1081 0.4270 -0.8978
vn 0.1280 0.4205 -0.8982
vn -0.3320 -0.8581 0.3917
vn -0.3115 -0.8657 0.3919
vn -0.1398 -0.2936 0.9456
vn -0.1190 -0.3010 0.9462
vn 0.0496 0.2591 -0.9646
vn 0.0843 0.2472 0.9653
vn -0.2239 -0.0557 0.9730
vn -0.0412 -0.1206 0.9918
vn -0.1044 -0.3060 -0.9463
vn -0.2239 -0.0557 -0.9730
vn -0.0412 -0.1206 -0.9918
vn -0.2971 -0.8707 0.3920
vn -0.4939 -0.8471 0.1962
vn 0.2998 0.8785 -0.3721
vn 0.1277 0.9742 -0.1859
vn 0.3171 0.9293 -0.1895
vn -0.9064 0.3684 0.2067
vn -0.8693 0.4701 -0.1525
vn -0.9923 0.1160 -0.0430
vn 0.0202 -0.1275 0.9916
vn 0.0906 0.3021 0.9490
vn -0.1047 0.2403 0.9650
vn 0.0843 0.2472 -0.9653
vn -0.1007 0.3051 -0.9470
vn 0.2998 0.8785 0.3721
vn 0.1277 0.9742 0.1859
vn 0.1189 0.9231 0.3656
vn -0.4662 -0.7964 -0.3853
vn -0.2971 -0.8707 -0.3920
vn -0.0362 0.4685 0.8827
vn -0.1007 0.3051 0.9470
vn -0.0362 0.4685 -0.8827
vn 0.1419 0.4158 -0.8983
vn 0.3171 0.9293 0.1895
vn -0.9716 0.1695 0.1651
vn -0.8924 0.2539 0.3730
vn -0.9331 0.2895 0.2133
vn -0.4586 -0.1591 0.8743
vn -0.4064 0.0146 0.9136
vn -0.9959 -0.0495 0.0752
vn -0.9630 0.0741 0.2592
vn -0.6367 -0.6808 0.3621
vn -0.4662 -0.7964 0.3853
vn -0.9716 0.1694 -0.1652
vn -0.8924 0.2539 -0.3730
vn -0.9630 0.0741 -0.2592
vn -0.4586 -0.1591 -0.8743
vn -0.2767 -0.2413 -0.9301
vn -0.9959 -0.0495 -0.0752
vn -0.6367 -0.6808 -0.3621
vn -0.6600 -0.7283 -0.1842
vn -0.8449 0.3923 -0.3637
vn -0.9063 0.3684 -0.2069
vn -0.2311 0.5077 -0.8299
vn -0.2902 0.3533 -0.8894
vn -0.7572 0.6492 -0.0714
vn -0.7974 0.5512 -0.2454
vn -0.0852 0.9352 -0.3438
vn 0.1189 0.9231 -0.3656
vn -0.8693 0.4701 0.1525
vn -0.8449 0.3923 0.3637
vn -0.7974 0.5512 0.2454
vn -0.2311 0.5077 0.8299
vn -0.7572 0.6492 0.0714
vn -0.8565 0.5145 0.0406
vn -0.0852 0.9352 0.3438
vn -0.0757 0.9817 0.1746
vn -0.2902 0.3532 0.8894
vn -0.8566 0.5144 -0.0406
vn -0.0757 0.9817 -0.1746
vn -0.9923 0.1160 0.0430
vn -0.6600 -0.7284 0.1842
vn -0.9331 0.2895 -0.2133
vn -0.4064 0.0146 -0.9136
vn -0.1044 -0.3060 0.9463
vn -0.2768 -0.2413 0.9301
vn 0.2764 -0.8775 -0.3919
vn 0.4845 -0.8524 -0.1968
vn 0.2958 -0.9342 -0.1997
vn -0.3193 0.8716 0.3720
vn -0.1381 0.9727 0.1862
vn -0.1616 0.4089 -0.8981
vn 0.0906 0.3021 -0.9490
vn -0.1047 0.2403 -0.9650
vn 0.0835 -0.3130 0.9461
vn 0.2138 -0.0596 0.9751
vn 0.0835 -0.3130 -0.9461
vn 0.2138 -0.0596 -0.9751
vn 0.2667 -0.2454 -0.9320
vn -0.1616 0.4089 0.8981
vn 0.0262 0.4660 0.8844
vn 0.2764 -0.8775 0.3919
vn 0.4845 -0.8524 0.1968
vn 0.4566 -0.8015 0.3860
vn -0.3193 0.8716 -0.3720
vn -0.1291 0.9215 -0.3663
vn 0.0202 -0.1275 -0.9916
vn 0.9064 0.3684 -0.2067
vn 0.8693 0.4701 0.1525
vn 0.9923 0.1160 0.0429
vn 0.9959 -0.0495 -0.0752
vn 0.9924 0.1157 -0.0429
vn 0.6600 -0.7283 0.1842
vn 0.6600 -0.7283 -0.1842
vn 0.9331 0.2895 -0.2133
vn 0.8449 0.3923 -0.3637
vn 0.4064 0.0146 -0.9136
vn 0.2901 0.3532 -0.8894
vn 0.9716 0.1695 -0.1651
vn 0.8924 0.2539 -0.3730
vn 0.4586 -0.1591 -0.8743
vn 0.8694 0.4701 -0.1525
vn 0.7572 0.6493 -0.0714
vn 0.8565 0.5145 -0.0406
vn 0.0852 0.9352 -0.3438
vn 0.0757 0.9817 -0.1746
vn 0.9716 0.1696 0.1649
vn 0.8924 0.2539 0.3730
vn 0.9630 0.0741 0.2592
vn 0.4586 -0.1591 0.8743
vn 0.2667 -0.2454 0.9320
vn 0.9331 0.2895 0.2132
vn 0.8449 0.3923 0.3637
vn 0.4064 0.0146 0.9136
vn 0.7572 0.6493 0.0714
vn 0.7974 0.5512 0.2454
vn 0.0852 0.9352 0.3438
vn -0.1291 0.9215 0.3663
vn 0.8565 0.5146 0.0406
vn 0.0757 0.9817 0.1746
vn 0.9959 -0.0495 0.0752
vn 0.6367 -0.6808 0.3621
vn 0.9063 0.3684 0.2069
vn 0.2311 0.5077 0.8299
vn 0.2902 0.3532 0.8894
vn 0.7974 0.5512 -0.2454
vn 0.2311 0.5077 -0.8299
vn 0.0262 0.4660 -0.8844
vn 0.9630 0.0741 -0.2592
vn 0.6367 -0.6808 -0.3621
vn 0.4566 -0.8015 -0.3860
vn 0.2958 -0.9342 0.1997
vn -0.7411 0.4729 0.4765
vn -0.9522 0.2164 0.2154
vn -0.8128 0.2250 0.5374
vn -0.1555 -0.9336 0.3229
vn -0.0000 -0.9783 0.2071
vn -0.0000 -0.9336 0.3584
vn -0.2953 0.5626 -0.7722
vn -0.6725 0.2277 -0.7042
vn -0.4569 0.4261 -0.7808
vn -0.0000 -0.9672 -0.2540
vn -0.0114 -0.9885 -0.1506
vn -0.0000 -0.9893 -0.1460
vn -0.1102 -0.9672 -0.2289
vn -0.6254 -0.5623 -0.5411
vn -0.2802 -0.9336 0.2234
vn -0.1841 -0.9817 0.0484
vn -0.1558 -0.9808 0.1169
vn 0.1555 -0.9336 0.3229
vn 0.1557 -0.9808 0.1174
vn 0.2802 -0.9336 0.2234
vn 0.3494 -0.9336 0.0797
vn 0.2609 0.7848 0.5621
vn 0.3210 0.7635 0.5603
vn 0.4380 0.8709 0.2229
vn -0.0899 -0.9783 0.1866
vn 0.0899 -0.9783 0.1866
vn 0.2642 0.5678 -0.7796
vn 0.6090 0.5085 -0.6088
vn 0.3037 0.5777 -0.7576
vn 0.1696 -0.9833 0.0663
vn 0.0226 -0.7463 -0.6653
vn -0.1467 -0.6236 -0.7679
vn -0.3688 -0.9043 0.2149
vn -0.1565 -0.8580 0.4892
vn -0.1054 -0.9745 0.1980
vn 0.9993 0.0367 0.0055
vn 0.9676 -0.1607 -0.1946
vn 0.9791 0.0338 -0.2005
vn -0.5825 0.0564 0.8109
vn -0.4112 -0.1507 0.8990
vn -0.4035 0.0434 0.9140
vn -0.5669 -0.0222 0.8235
vn 0.8378 0.5199 0.1667
vn 0.8398 0.5193 0.1581
vn 0.8774 -0.4596 -0.1378
vn 0.3623 -0.3955 -0.8440
vn 0.8241 -0.4668 0.3209
vn 0.8665 -0.4872 0.1082
vn -0.5669 -0.7125 -0.4136
vn -0.6419 -0.7409 -0.1976
vn -0.6447 -0.7413 -0.1866
vn -0.6840 -0.7283 0.0409
vn -0.4406 -0.7686 0.4638
vn -0.2516 -0.7685 0.5883
vn -0.2649 -0.7698 0.5808
vn -0.0639 -0.7329 0.6773
vn 0.4027 0.8719 0.2786
vn 0.4594 0.8866 -0.0533
vn -0.2485 0.6744 -0.6953
vn -0.1704 0.7096 -0.6837
vn -0.1465 0.7156 -0.6829
vn 0.3397 0.8468 -0.4093
vn -0.7325 0.4473 -0.5133
vn -0.8873 0.4598 0.0356
vn -0.8637 0.4654 0.1936
vn 0.0329 0.2511 0.9674
vn -0.1357 0.4839 0.8645
vn -0.1394 0.2368 0.9615
vn -0.6421 0.4748 0.6019
vn -0.7042 0.2236 0.6739
vn 0.9401 -0.1863 -0.2855
vn -0.8578 -0.4812 0.1807
vn -0.4635 -0.0787 -0.8826
vn -0.3173 -0.0726 -0.9455
vn -0.2569 -0.0871 -0.9625
vn -0.0416 -0.8966 0.4410
vn -0.8364 -0.5276 0.1484
vn 0.6683 -0.7433 0.0300
vn 0.6334 -0.7376 -0.2339
vn 0.4802 -0.7994 0.3610
vn 0.8637 0.5037 0.0173
vn 0.7103 0.4960 -0.4994
vn 0.6083 0.5085 -0.6094
vn -0.5054 0.7618 -0.4052
vn -0.4309 0.7387 -0.5182
vn 0.0733 0.6036 -0.7939
vn 0.1713 0.6174 -0.7678
vn -0.4161 0.8953 0.1591
vn -0.1540 0.8840 0.4415
vn 0.6842 0.5834 0.4376
vn -0.0291 0.6712 0.7407
vn 0.3222 0.7502 0.5774
vn -0.8060 -0.5626 -0.1840
vn -0.6464 -0.5626 -0.5155
vn 0.4199 -0.1692 0.8917
vn 0.4208 0.0251 0.9068
vn -0.3594 -0.2170 -0.9076
vn -0.6766 -0.2262 -0.7008
vn -0.8075 -0.2176 0.5482
vn -0.6972 -0.2050 0.6870
vn 0.8155 0.0237 -0.5783
vn 0.6743 -0.1657 -0.7196
vn 0.6791 0.0171 -0.7339
vn 0.0523 -0.1814 0.9820
vn 0.8071 -0.1705 -0.5652
vn -0.7934 -0.2219 -0.5668
vn -0.8009 0.1962 -0.5658
vn -0.3736 -0.0236 -0.9273
vn -0.1651 -0.1992 -0.9660
vn 0.5984 0.0305 0.8006
vn 0.5951 -0.1525 0.7891
vn -0.9739 -0.2219 0.0481
vn -0.9480 -0.2262 0.2239
vn 0.8381 -0.0600 0.5422
vn 0.9411 -0.2667 0.2076
vn 0.9750 -0.0750 0.2092
vn -0.2765 -0.9539 0.1172
vn 0.6932 0.1453 -0.7060
vn -0.0304 0.2188 0.9753
vn -0.9801 0.0758 -0.1835
vn -0.8234 -0.1359 -0.5510
vn -0.9769 -0.1190 -0.1776
vn -0.0281 0.0146 0.9995
vn 0.1344 -0.1858 0.9733
vn 0.1519 0.0001 0.9884
vn 0.1567 -0.0247 -0.9873
vn 0.3339 -0.2325 -0.9135
vn 0.1395 -0.2063 -0.9685
vn 0.6822 -0.0633 -0.7284
vn 0.7731 -0.2559 -0.5803
vn 0.6539 -0.2552 -0.7122
vn -0.0429 -0.1787 0.9830
vn 0.3560 -0.0399 -0.9336
vn 0.7272 -0.0494 0.6847
vn 0.8069 -0.2520 0.5343
vn -0.9943 -0.1038 0.0247
vn -0.9966 0.0796 0.0228
vn -0.6904 0.0460 -0.7220
vn -0.8237 0.0586 -0.5641
vn 0.2372 -0.9650 0.1120
vn 0.1921 -0.9166 0.3505
vn 0.1265 -0.9704 0.2058
vn 0.5669 -0.3542 0.7437
vn 0.4018 -0.3664 0.8392
vn 0.4018 -0.9134 -0.0654
vn 0.3446 -0.9238 0.1665
vn 0.9373 -0.3485 0.0092
vn 0.9892 -0.1464 0.0074
vn 0.0994 -0.9734 -0.2063
vn -0.1063 -0.9350 -0.3384
vn 0.1323 -0.9369 -0.3237
vn -0.1474 -0.3981 -0.9054
vn 0.3403 -0.9172 -0.2073
vn 0.2116 -0.9707 -0.1142
vn 0.6414 -0.3666 -0.6739
vn 0.7653 -0.3676 -0.5284
vn -0.1778 -0.9827 -0.0523
vn -0.2290 -0.9379 -0.2604
vn -0.1129 -0.9833 -0.1424
vn -0.7385 -0.4157 -0.5308
vn -0.6280 -0.4185 -0.6561
vn -0.3334 -0.9380 0.0952
vn -0.3154 -0.9444 -0.0927
vn -0.9082 -0.4158 0.0475
vn -0.0645 -0.9757 0.2094
vn 0.0513 -0.9207 0.3868
vn -0.1300 -0.9330 0.3355
vn -0.1103 -0.3772 0.9196
vn -0.1254 -0.1809 0.9755
vn -0.2793 -0.9347 0.2199
vn -0.1413 -0.9815 0.1292
vn -0.6480 -0.3998 0.6483
vn -0.7510 -0.4104 0.5172
vn 0.2468 -0.9685 -0.0328
vn 0.9160 -0.3584 -0.1805
vn -0.0446 -0.9809 -0.1893
vn -0.3297 -0.4113 -0.8498
vn 0.0456 -0.9736 0.2236
vn 0.0567 -0.3764 0.9247
vn -0.1719 -0.9834 0.0587
vn -0.8830 -0.4185 0.2126
vn 0.1346 -0.9894 -0.0544
vn 0.2944 -0.9514 0.0904
vn 0.8902 -0.4544 0.0321
vn 0.8678 -0.4560 0.1976
vn 0.1839 -0.9470 -0.2634
vn 0.2729 -0.9571 -0.0972
vn 0.7106 -0.4472 -0.5432
vn -0.1446 -0.9683 -0.2036
vn -0.3830 -0.9018 -0.2005
vn -0.1781 -0.9304 -0.3204
vn -0.6682 -0.3389 -0.6623
vn -0.6933 -0.1368 -0.7076
vn 0.0602 -0.9388 -0.3393
vn -0.0008 -0.9820 -0.1891
vn 0.1144 -0.4043 -0.9075
vn 0.2969 -0.4253 -0.8550
vn -0.4417 -0.8953 -0.0575
vn -0.2887 -0.9570 -0.0275
vn -0.9511 -0.3079 0.0258
vn -0.9335 -0.3188 -0.1642
vn -0.2251 -0.9074 0.3548
vn -0.3810 -0.9081 0.1735
vn -0.5686 -0.3293 0.7538
vn -0.5872 -0.1266 0.7995
vn 0.0262 -0.9775 0.2092
vn 0.2427 -0.9457 0.2160
vn 0.0956 -0.9377 0.3341
vn 0.6414 -0.4271 0.6373
vn 0.6996 -0.2345 0.6750
vn -0.0841 -0.9176 0.3886
vn -0.0835 -0.9707 0.2254
vn 0.1100 -0.3813 0.9179
vn -0.0567 -0.3734 0.9259
vn -0.2550 -0.9607 -0.1095
vn -0.7894 -0.3346 -0.5146
vn -0.1644 -0.9640 0.2089
vn -0.4025 -0.3485 0.8465
vn 0.0681 -0.9873 -0.1434
vn 0.5980 -0.4452 -0.6665
vn 0.7416 -0.4422 0.5045
vn 0.9641 -0.2636 0.0314
vn 0.9964 -0.0790 0.0296
vn 0.8060 -0.5626 -0.1840
vn 0.6464 -0.5626 -0.5155
vn -0.9030 0.0691 -0.4240
vn -0.9095 0.0781 -0.4084
vn -0.8991 0.0639 -0.4330
vn 0.1946 0.0683 -0.9785
vn 0.5543 0.0683 -0.8295
vn 0.8295 0.0683 -0.5543
vn 0.9785 0.0683 -0.1946
vn 0.9785 0.0683 0.1946
vn 0.8295 0.0683 0.5543
vn 0.5543 0.0683 0.8295
vn 0.1946 0.0683 0.9785
vn -0.1946 0.0683 0.9785
vn -0.5543 0.0683 0.8295
vn -0.8295 0.0683 0.5543
vn -0.9785 0.0683 0.1946
vn -0.9785 0.0683 -0.1946
vn -0.8295 0.0683 -0.5543
vn -0.5543 0.0683 -0.8295
vn -0.1946 0.0683 -0.9785
vn 0.5509 0.1294 -0.8245
vn 0.8245 0.1294 -0.5509
vn 0.1935 0.1294 -0.9725
vn -0.1935 0.1294 -0.9725
vn -0.5509 0.1294 -0.8245
vn -0.8245 0.1294 -0.5509
vn -0.9725 0.1294 -0.1934
vn -0.9725 0.1294 0.1934
vn -0.8245 0.1294 0.5509
vn -0.5509 0.1294 0.8245
vn -0.1935 0.1294 0.9725
vn 0.1935 0.1294 0.9725
vn 0.5509 0.1294 0.8245
vn 0.8245 0.1294 0.5509
vn 0.9725 0.1294 0.1935
vn 0.9725 0.1294 -0.1935
vn -0.2616 0.9652 -0.0000
vn -0.2618 0.9651 -0.0000
vn 0.2617 -0.9651 -0.0000
vn 0.9023 0.4310 -0.0130
vn 0.8874 -0.2732 -0.3714
vn -0.6315 -0.7754 -0.0000
vn -0.9880 0.1531 0.0189
vn 0.9880 0.1531 -0.0189
vn 0.4673 -0.4351 -0.7696
vn -0.9023 0.4310 0.0130
vn -0.7202 -0.0449 -0.6923
vn 0.6879 -0.0222 0.7255
vn 0.2806 -0.8762 -0.3919
vn 0.0877 -0.3116 -0.9462
vn -0.3154 0.8730 0.3720
vn -0.1577 0.4103 0.8982
vn 0.8680 -0.4761 -0.1410
vn 0.3478 -0.8519 0.3914
vn 0.1559 -0.2879 0.9449
vn -0.2508 0.8939 -0.3716
vn -0.0926 0.4320 -0.8971
vn -0.3741 0.9156 -0.1472
vn -0.8628 -0.4844 0.1444
vn 0.2221 0.9017 0.3709
vn 0.0639 0.4408 0.8953
vn -0.3768 -0.8399 -0.3905
vn -0.1856 -0.2770 -0.9428
vn 0.2826 0.9403 -0.1896
vn -0.3515 -0.9147 0.1995
vn 0.1419 0.4158 0.8983
vn 0.1102 -0.9672 -0.2289
vn -0.5196 -0.5528 -0.6515
vn -0.3494 -0.9336 0.0797
vn -0.3175 -0.9063 0.2788
vn -0.7351 -0.5900 0.3341
vn -0.7293 -0.6113 0.3074
vn -0.2808 -0.9580 0.0583
vn 0.7358 -0.5361 0.4137
vn 0.7271 -0.6042 0.3261
vn -0.1062 -0.5315 -0.8404
vn -0.1850 -0.7944 0.5786
vn 0.6649 -0.2454 -0.7054
vn -0.1325 -0.5358 -0.8339
vn 0.5116 -0.5472 0.6625
vn 0.9376 -0.3475 0.0092
vn 0.4243 0.8855 0.1896
vn -0.9774 0.2068 0.0430
vn 0.9445 -0.3147 -0.0939
vn -0.9515 -0.3065 0.0258
vn -0.4497 -0.7663 0.4588
vn -0.1642 -0.1610 -0.9732
vn -0.6940 -0.0167 -0.7198
vn -0.3443 0.9097 0.2322
vn -0.1747 -0.0169 -0.9845
vn 0.8020 -0.0712 -0.5930
vn -0.9194 0.0929 -0.3821
vt 0.164362 0.132170
vt 0.155402 0.136650
vt 0.155402 0.132170
vt 0.164362 0.136650
vt 0.155402 0.141131
vt 0.164362 0.141131
vt 0.155402 0.145611
vt 0.164362 0.145611
vt 0.155402 0.150091
vt 0.164362 0.150091
vt 0.155402 0.154572
vt 0.164362 0.159052
vt 0.155402 0.159052
vt 0.155402 0.163533
vt 0.164362 0.163533
vt 0.155402 0.168013
vt 0.164362 0.168013
vt 0.155402 0.172494
vt 0.164362 0.172494
vt 0.155402 0.176974
vt 0.164362 0.176974
vt 0.155402 0.181454
vt 0.164362 0.181454
vt 0.155402 0.185935
vt 0.164362 0.185935
vt 0.155402 0.190415
vt 0.164362 0.190415
vt 0.155402 0.194896
vt 0.164362 0.194896
vt 0.155402 0.199376
vt 0.164362 0.199376
vt 0.155402 0.203857
vt 0.164362 0.203857
vt 0.155402 0.208337
vt 0.164362 0.208337
vt 0.155402 0.212817
vt 0.164362 0.212817
vt 0.155402 0.217298
vt 0.164362 0.217298
vt 0.155402 0.221778
vt 0.164362 0.221778
vt 0.155402 0.226259
vt 0.164362 0.226259
vt 0.155402 0.230739
vt 0.164362 0.230739
vt 0.155402 0.235219
vt 0.164362 0.235219
vt 0.155402 0.239700
vt 0.164362 0.244180
vt 0.155402 0.244180
vt 0.155402 0.248661
vt 0.164362 0.248661
vt 0.155402 0.253141
vt 0.164362 0.253141
vt 0.155402 0.257622
vt 0.164362 0.257622
vt 0.155402 0.262102
vt 0.164362 0.266582
vt 0.155402 0.266582
vt 0.164362 0.154572
vt 0.164362 0.271063
vt 0.155402 0.271063
vt 0.155402 0.275543
vt 0.092676 0.141131
vt 0.092676 0.136650
vt 0.119558 0.271063
vt 0.128519 0.275543
vt 0.119558 0.275543
vt 0.119558 0.266582
vt 0.128519 0.271063
vt 0.119558 0.262102
vt 0.128519 0.266582
vt 0.119558 0.257622
vt 0.128519 0.262102
vt 0.119558 0.253141
vt 0.128519 0.257622
vt 0.128519 0.248661
vt 0.119558 0.248661
vt 0.119558 0.244180
vt 0.128519 0.239700
vt 0.119558 0.239700
vt 0.119558 0.235219
vt 0.128519 0.230739
vt 0.119558 0.230739
vt 0.128519 0.226259
vt 0.119558 0.226259
vt 0.128519 0.221778
vt 0.119558 0.221778
vt 0.128519 0.217298
vt 0.119558 0.217298
vt 0.128519 0.212817
vt 0.119558 0.212817
vt 0.128519 0.208337
vt 0.119558 0.208337
vt 0.128519 0.203857
vt 0.119558 0.203857
vt 0.128519 0.199376
vt 0.119558 0.199376
vt 0.119558 0.194896
vt 0.128519 0.190415
vt 0.119558 0.190415
vt 0.128519 0.185935
vt 0.119558 0.185935
vt 0.119558 0.181454
vt 0.119558 0.176974
vt 0.128519 0.181454
vt 0.128519 0.172494
vt 0.119558 0.172494
vt 0.128519 0.168013
vt 0.119558 0.168013
vt 0.128519 0.163533
vt 0.119558 0.163533
vt 0.119558 0.159052
vt 0.128519 0.154572
vt 0.119558 0.154572
vt 0.128519 0.150091
vt 0.119558 0.150091
vt 0.128519 0.145611
vt 0.119558 0.145611
vt 0.128519 0.141131
vt 0.119558 0.141131
vt 0.128519 0.136650
vt 0.119558 0.136650
vt 0.128519 0.132170
vt 0.119558 0.132170
vt 0.146441 0.271063
vt 0.137480 0.275543
vt 0.137480 0.271063
vt 0.146441 0.266582
vt 0.137480 0.266582
vt 0.146441 0.262102
vt 0.137480 0.262102
vt 0.146441 0.257622
vt 0.137480 0.257622
vt 0.146441 0.253141
vt 0.137480 0.253141
vt 0.146441 0.248661
vt 0.137480 0.248661
vt 0.146441 0.244180
vt 0.137480 0.244180
vt 0.146441 0.239700
vt 0.137480 0.239700
vt 0.146441 0.235219
vt 0.137480 0.235219
vt 0.146441 0.230739
vt 0.137480 0.230739
vt 0.146441 0.226259
vt 0.137480 0.226259
vt 0.146441 0.221778
vt 0.137480 0.221778
vt 0.146441 0.217298
vt 0.137480 0.217298
vt 0.146441 0.212817
vt 0.137480 0.212817
vt 0.146441 0.208337
vt 0.137480 0.208337
vt 0.146441 0.203857
vt 0.137480 0.203857
vt 0.146441 0.199376
vt 0.137480 0.199376
vt 0.146441 0.194896
vt 0.137480 0.194896
vt 0.146441 0.190415
vt 0.137480 0.190415
vt 0.146441 0.185935
vt 0.137480 0.185935
vt 0.146441 0.181454
vt 0.137480 0.181454
vt 0.146441 0.176974
vt 0.137480 0.176974
vt 0.146441 0.172494
vt 0.137480 0.172494
vt 0.146441 0.168013
vt 0.137480 0.168013
vt 0.146441 0.163533
vt 0.137480 0.163533
vt 0.146441 0.159052
vt 0.137480 0.159052
vt 0.146441 0.154572
vt 0.137480 0.154572
vt 0.146441 0.150091
vt 0.137480 0.150091
vt 0.146441 0.145611
vt 0.137480 0.145611
vt 0.146441 0.141131
vt 0.137480 0.141131
vt 0.146441 0.136650
vt 0.137480 0.136650
vt 0.146441 0.132170
vt 0.137480 0.132170
vt 0.101636 0.132170
vt 0.110597 0.136650
vt 0.101636 0.136650
vt 0.101636 0.141131
vt 0.110597 0.145611
vt 0.101636 0.145611
vt 0.101636 0.150091
vt 0.110597 0.150091
vt 0.101636 0.154572
vt 0.110597 0.154572
vt 0.101636 0.159052
vt 0.110597 0.159052
vt 0.101636 0.163533
vt 0.110597 0.163533
vt 0.101636 0.168013
vt 0.110597 0.168013
vt 0.101636 0.172494
vt 0.110597 0.172494
vt 0.101636 0.176974
vt 0.110597 0.176974
vt 0.101636 0.181454
vt 0.110597 0.181454
vt 0.101636 0.185935
vt 0.110597 0.185935
vt 0.101636 0.190415
vt 0.110597 0.190415
vt 0.101636 0.194896
vt 0.110597 0.194896
vt 0.101636 0.199376
vt 0.110597 0.203857
vt 0.101636 0.203857
vt 0.101636 0.208337
vt 0.110597 0.208337
vt 0.101636 0.212817
vt 0.110597 0.212817
vt 0.101636 0.217298
vt 0.110597 0.217298
vt 0.101636 0.221778
vt 0.110597 0.221778
vt 0.101636 0.226259
vt 0.110597 0.226259
vt 0.101636 0.230739
vt 0.110597 0.230739
vt 0.101636 0.235220
vt 0.110597 0.235220
vt 0.101636 0.239700
vt 0.110597 0.244180
vt 0.101636 0.244180
vt 0.101636 0.248661
vt 0.110597 0.253141
vt 0.101636 0.253141
vt 0.101636 0.257622
vt 0.110597 0.262102
vt 0.101636 0.262102
vt 0.101636 0.266582
vt 0.110597 0.271063
vt 0.101636 0.271063
vt 0.101636 0.275543
vt 0.128519 0.159052
vt 0.128519 0.176974
vt 0.128519 0.194896
vt 0.128519 0.235219
vt 0.128519 0.244180
vt 0.128519 0.253141
vt 0.146441 0.275543
vt 0.110597 0.132170
vt 0.110597 0.141131
vt 0.110597 0.199376
vt 0.110597 0.239700
vt 0.110597 0.248661
vt 0.110597 0.257622
vt 0.110597 0.266582
vt 0.110597 0.275543
vt 0.092676 0.275543
vt 0.092676 0.271063
vt 0.092676 0.266582
vt 0.092676 0.262102
vt 0.092676 0.257622
vt 0.092676 0.253141
vt 0.092676 0.248661
vt 0.092676 0.244180
vt 0.092676 0.239700
vt 0.092676 0.235220
vt 0.092676 0.230739
vt 0.092676 0.226259
vt 0.092676 0.221778
vt 0.092676 0.217298
vt 0.092676 0.212817
vt 0.092676 0.208337
vt 0.092676 0.203857
vt 0.092676 0.199376
vt 0.092676 0.194896
vt 0.092676 0.190415
vt 0.092676 0.185935
vt 0.092676 0.181454
vt 0.092676 0.176974
vt 0.092676 0.172494
vt 0.092676 0.168013
vt 0.092676 0.163533
vt 0.092676 0.159052
vt 0.092676 0.154572
vt 0.092676 0.150091
vt 0.092676 0.145611
vt 0.092676 0.132170
vt 0.209528 0.222884
vt 0.252445 0.245823
vt 0.229505 0.288740
vt 0.164362 0.239700
vt 0.164362 0.262102
vt 0.164362 0.275543
vt 0.253761 0.163041
vt 0.216144 0.132170
vt 0.185273 0.169787
vt 0.539028 0.436982
vt 0.533263 0.460040
vt 0.533263 0.436982
vt 0.539028 0.477333
vt 0.533263 0.483098
vt 0.533263 0.477333
vt 0.539028 0.483098
vt 0.533263 0.506154
vt 0.539028 0.523447
vt 0.533263 0.529212
vt 0.533263 0.523447
vt 0.515971 0.483098
vt 0.510206 0.506154
vt 0.510206 0.483098
vt 0.562084 0.483098
vt 0.556320 0.506154
vt 0.556320 0.483098
vt 0.527499 0.523448
vt 0.524617 0.529212
vt 0.524617 0.523448
vt 0.527499 0.483098
vt 0.524617 0.506154
vt 0.524617 0.483098
vt 0.527499 0.477333
vt 0.524617 0.477333
vt 0.527499 0.436982
vt 0.524617 0.460040
vt 0.524617 0.436982
vt 0.524617 0.465804
vt 0.527499 0.471568
vt 0.524617 0.471568
vt 0.524617 0.511919
vt 0.527499 0.517683
vt 0.524617 0.517683
vt 0.550556 0.483098
vt 0.544792 0.506154
vt 0.544792 0.483098
vt 0.504442 0.483098
vt 0.498678 0.506154
vt 0.498678 0.483098
vt 0.539028 0.511919
vt 0.533263 0.517683
vt 0.533263 0.511919
vt 0.539028 0.465804
vt 0.533263 0.471568
vt 0.533263 0.465804
vt 0.539028 0.506154
vt 0.527499 0.511919
vt 0.504442 0.506154
vt 0.492914 0.506154
vt 0.492914 0.483098
vt 0.527499 0.465804
vt 0.550556 0.506154
vt 0.530382 0.523448
vt 0.530382 0.517683
vt 0.530382 0.460040
vt 0.530382 0.465804
vt 0.530382 0.477333
vt 0.530382 0.471568
vt 0.530382 0.506154
vt 0.530382 0.511919
vt 0.530382 0.529212
vt 0.530382 0.483098
vt 0.530382 0.436982
vt 0.521735 0.517683
vt 0.518852 0.523448
vt 0.518852 0.517683
vt 0.518852 0.460040
vt 0.521735 0.465804
vt 0.518852 0.465804
vt 0.518852 0.471568
vt 0.521735 0.477333
vt 0.518852 0.477333
vt 0.518852 0.506154
vt 0.521735 0.511919
vt 0.518852 0.511919
vt 0.521735 0.471568
vt 0.521735 0.436982
vt 0.518852 0.436982
vt 0.518852 0.483098
vt 0.521735 0.483098
vt 0.521735 0.523448
vt 0.518852 0.529212
vt 0.527499 0.460040
vt 0.527499 0.506154
vt 0.527499 0.529212
vt 0.521735 0.460040
vt 0.521735 0.506154
vt 0.521735 0.529212
vt 0.515971 0.529212
vt 0.515971 0.523447
vt 0.515971 0.506154
vt 0.515971 0.477333
vt 0.515971 0.460040
vt 0.515971 0.436982
vt 0.515971 0.471568
vt 0.515971 0.465804
vt 0.515971 0.517683
vt 0.515971 0.511919
vt 0.833968 0.813587
vt 0.827025 0.838448
vt 0.814483 0.824622
vt 0.858076 0.892937
vt 0.845512 0.878990
vt 0.852972 0.878298
vt 0.730797 0.656500
vt 0.700130 0.663985
vt 0.717341 0.647391
vt 0.151916 0.618183
vt 0.099692 0.676302
vt 0.091572 0.622091
vt 0.728388 0.636747
vt 0.736430 0.641626
vt 0.869144 0.939311
vt 0.936007 0.966104
vt 0.881567 0.992934
vt 0.819250 0.850231
vt 0.837067 0.849601
vt 0.832872 0.855792
vt 0.708929 0.633945
vt 0.032416 0.635907
vt 0.724760 0.624633
vt 0.726726 0.623942
vt 0.726717 0.623949
vt 0.919733 0.894177
vt 0.972842 0.915118
vt 0.201837 0.678536
vt 0.150062 0.722361
vt 0.150960 0.672942
vt 0.687644 0.615030
vt 0.707599 0.618484
vt 0.897285 0.869641
vt 0.876475 0.874141
vt 0.878897 0.860945
vt 0.721174 0.629959
vt 0.724252 0.630712
vt 0.167986 0.914333
vt 0.167985 0.914333
vt 0.107699 0.725398
vt 0.866360 0.836698
vt 0.851120 0.845474
vt 0.853666 0.831118
vt 0.895014 0.846940
vt 0.889503 0.860736
vt 0.875432 0.847343
vt 0.722982 0.618787
vt 0.731522 0.615720
vt 0.725991 0.622167
vt 0.167986 0.914333
vt 0.167985 0.914333
vt 0.167985 0.914333
vt 0.755530 0.868768
vt 0.774900 0.887690
vt 0.733329 0.923863
vt 0.863573 0.868624
vt 0.864695 0.861323
vt 0.712700 0.604190
vt 0.725608 0.612090
vt 0.723608 0.593524
vt 0.732020 0.605698
vt 0.167985 0.914333
vt 0.167985 0.914333
vt 0.167985 0.914333
vt 0.856521 0.812234
vt 0.839583 0.831786
vt 0.831523 0.863165
vt 0.817151 0.864012
vt 0.696813 0.594019
vt 0.887085 0.830631
vt 0.740254 0.602810
vt 0.928083 0.757086
vt 0.862288 0.784500
vt 0.874163 0.730787
vt 0.843605 0.845940
vt 0.712039 0.577205
vt 0.738018 0.588081
vt 0.877418 0.820907
vt 0.894744 0.798562
vt 0.749018 0.603199
vt 0.813171 0.731964
vt 0.940848 0.857382
vt 0.921908 0.837355
vt 0.964876 0.801485
vt 0.842708 0.894098
vt 0.838543 0.876167
vt 0.759838 0.567199
vt 0.753213 0.589338
vt 0.826871 0.786103
vt 0.756532 0.607712
vt 0.758865 0.760928
vt 0.066451 0.736102
vt 0.049208 0.688837
vt 0.862584 0.854199
vt 0.766746 0.596662
vt 0.795953 0.803212
vt 0.723496 0.812084
vt 0.124628 0.932205
vt 0.125287 0.932883
vt 0.124778 0.932096
vt 0.833517 0.870496
vt 0.820667 0.877512
vt 0.782025 0.581015
vt 0.775879 0.609347
vt 0.776261 0.831967
vt 0.761777 0.614986
vt 0.801749 0.842851
vt 0.795748 0.602001
vt 0.778857 0.625109
vt 0.798895 0.855544
vt 0.762960 0.624174
vt 0.124718 0.932246
vt 0.125281 0.932949
vt 0.124768 0.932132
vt 0.857908 0.848525
vt 0.794287 0.652472
vt 0.773990 0.640451
vt 0.718041 0.871528
vt 0.756714 0.636166
vt 0.754358 0.635243
vt 0.754350 0.635239
vt 0.124824 0.932272
vt 0.125525 0.933339
vt 0.125456 0.933233
vt 0.155748 0.847208
vt 0.163111 0.841336
vt 0.172293 0.860402
vt 0.763007 0.652890
vt 0.809496 0.894506
vt 0.829724 0.888105
vt 0.763212 0.634076
vt 0.761344 0.630508
vt 0.125768 0.933695
vt 0.756571 0.634342
vt 0.754283 0.635236
vt 0.755139 0.633313
vt 0.774668 0.671972
vt 0.747287 0.658800
vt 0.251647 0.692829
vt 0.212205 0.624546
vt 0.270404 0.640810
vt 0.751779 0.640710
vt 0.744801 0.635583
vt 0.753183 0.635992
vt 0.802107 0.926110
vt 0.822145 0.992934
vt 0.769545 0.966913
vt 0.930080 0.819726
vt 0.723804 0.677795
vt 0.745646 0.642526
vt 0.834541 0.940433
vt 0.766768 0.905856
vt 0.859379 0.874589
vt 0.868877 0.883981
vt 0.232701 0.738920
vt 0.192203 0.726855
vt 0.188838 0.847208
vt 0.192924 0.855693
vt 0.188838 0.873597
vt 0.181475 0.879469
vt 0.151661 0.855693
vt 0.181475 0.841336
vt 0.172293 0.839240
vt 0.192924 0.865111
vt 0.151661 0.865111
vt 0.155748 0.873597
vt 0.172293 0.881565
vt 0.163111 0.879469
vt 0.800791 0.877625
vt 0.807026 0.864444
vt 0.979515 0.855177
vt 0.893718 0.883395
vt 0.908455 0.859838
vt 0.925984 0.871468
vt 0.787819 0.865598
vt 0.770475 0.854034
vt 0.907341 0.830724
vt 0.789902 0.894337
vt 0.900655 0.857307
vt 0.922543 0.855724
vt 0.895743 0.839571
vt 0.884526 0.842256
vt 0.915796 0.830541
vt 0.910998 0.815321
vt 0.167986 0.914333
vt 0.174771 0.889791
vt 0.173267 0.909834
vt 0.169887 0.907692
vt 0.192924 0.911407
vt 0.174882 0.913515
vt 0.167986 0.914333
vt 0.162407 0.939118
vt 0.163452 0.919457
vt 0.166779 0.921031
vt 0.143877 0.922104
vt 0.161598 0.916294
vt 0.795777 0.867864
vt 0.774397 0.870161
vt 0.800193 0.885489
vt 0.811900 0.882481
vt 0.781251 0.894611
vt 0.786346 0.910128
vt 0.125454 0.933130
vt 0.124845 0.932315
vt 0.124826 0.932221
vt 0.124798 0.932261
vt 0.136641 0.909958
vt 0.118083 0.917493
vt 0.117913 0.914888
vt 0.128829 0.933330
vt 0.116751 0.919635
vt 0.124720 0.932191
vt 0.125175 0.932924
vt 0.088846 0.921952
vt 0.109456 0.913912
vt 0.109169 0.917042
vt 0.097041 0.891993
vt 0.111040 0.911725
vt 0.125331 0.933083
vt 0.167986 0.914333
vt 0.167987 0.914333
vt 0.167986 0.914334
vt 0.167987 0.914333
vt 0.167987 0.914334
vt 0.167987 0.914334
vt 0.167987 0.914333
vt 0.167987 0.914335
vt 0.167987 0.914335
vt 0.167987 0.914333
vt 0.167987 0.914333
vt 0.167987 0.914333
vt 0.167987 0.914333
vt 0.167987 0.914333
vt 0.167988 0.914332
vt 0.167989 0.914332
vt 0.167989 0.914333
vt 0.167987 0.914332
vt 0.167987 0.914333
vt 0.167988 0.914335
vt 0.167987 0.914333
vt 0.167986 0.914333
vt 0.167986 0.914333
vt 0.167987 0.914333
vt 0.167986 0.914333
vt 0.167987 0.914333
vt 0.167986 0.914333
vt 0.167986 0.914333
vt 0.167986 0.914333
vt 0.169517 0.920974
vt 0.167959 0.914618
vt 0.168071 0.914605
vt 0.161637 0.912057
vt 0.167725 0.914438
vt 0.168275 0.914360
vt 0.168263 0.914283
vt 0.168214 0.914513
vt 0.172981 0.919033
vt 0.174804 0.915490
vt 0.167102 0.907490
vt 0.167796 0.914128
vt 0.163631 0.908932
vt 0.167934 0.914060
vt 0.167989 0.914335
vt 0.167989 0.914334
vt 0.167986 0.914332
vt 0.168046 0.914058
vt 0.167987 0.914334
vt 0.167985 0.914333
vt 0.167985 0.914333
vt 0.167986 0.914333
vt 0.167987 0.914333
vt 0.167987 0.914334
vt 0.167720 0.914257
vt 0.163729 0.888800
vt 0.143877 0.905757
vt 0.150619 0.893531
vt 0.192570 0.919309
vt 0.186267 0.932499
vt 0.173101 0.938857
vt 0.167817 0.914564
vt 0.168188 0.914134
vt 0.116948 0.921112
vt 0.119148 0.923822
vt 0.117122 0.921028
vt 0.119073 0.923861
vt 0.121098 0.926600
vt 0.121009 0.926662
vt 0.120921 0.926725
vt 0.118980 0.923927
vt 0.116889 0.921070
vt 0.117039 0.921010
vt 0.117185 0.920984
vt 0.118971 0.923958
vt 0.120942 0.926716
vt 0.120888 0.926752
vt 0.120833 0.926788
vt 0.119100 0.923866
vt 0.117115 0.921153
vt 0.117112 0.921105
vt 0.119021 0.923926
vt 0.117125 0.921155
vt 0.118915 0.923987
vt 0.119075 0.923871
vt 0.117169 0.920875
vt 0.118882 0.923988
vt 0.119166 0.923792
vt 0.111775 0.911427
vt 0.114955 0.917566
vt 0.117164 0.913276
vt 0.115701 0.918184
vt 0.115732 0.917898
vt 0.114610 0.920797
vt 0.115635 0.918861
vt 0.109983 0.918622
vt 0.115003 0.918893
vt 0.111979 0.920446
vt 0.115247 0.917703
vt 0.114575 0.911613
vt 0.114736 0.918598
vt 0.117043 0.920985
vt 0.114505 0.918491
vt 0.117096 0.921142
vt 0.117038 0.921121
vt 0.122688 0.929474
vt 0.124815 0.932298
vt 0.122802 0.929406
vt 0.122766 0.929414
vt 0.124747 0.932203
vt 0.124689 0.932230
vt 0.122946 0.929287
vt 0.121085 0.926613
vt 0.122937 0.929306
vt 0.120904 0.926734
vt 0.122662 0.929479
vt 0.120815 0.926795
vt 0.122847 0.929354
vt 0.120995 0.926674
vt 0.121031 0.926652
vt 0.122832 0.929382
vt 0.120977 0.926689
vt 0.093806 0.930660
vt 0.105676 0.889814
vt 0.121384 0.891561
vt 0.132868 0.901074
vt 0.117625 0.939118
vt 0.104457 0.938943
vt 0.114630 0.917964
vt 0.115760 0.918546
vt 0.118983 0.923930
vt 0.114743 0.917731
vt 0.115351 0.919014
vt 0.119053 0.923905
vt 0.122748 0.929441
vt 0.122855 0.929353
vt 0.125283 0.932943
vt 0.125363 0.933144
vt 0.125270 0.933050
vt 0.122756 0.929416
vt 0.122885 0.929349
vt 0.125684 0.933482
vt 0.125462 0.933322
vt 0.125509 0.933268
vt 0.125959 0.933979
vt 0.125202 0.932899
vt 0.125369 0.933134
vt 0.125841 0.933655
vt 0.125522 0.933438
vt 0.125858 0.933998
vt 0.167985 0.914333
vt 0.125418 0.933223
vt 0.125425 0.933130
vt 0.125473 0.933203
vt 0.125597 0.933466
vt 0.125574 0.933347
vt 0.125370 0.933147
vt 0.126207 0.933929
vt 0.125847 0.933694
vt 0.126008 0.933746
vt 0.126033 0.934111
vt 0.126669 0.934988
vt 0.125804 0.933745
vt 0.125676 0.933845
vt 0.125560 0.933506
vt 0.125727 0.933668
vt 0.126010 0.934032
vt 0.125508 0.933397
vt 0.125618 0.933570
vt 0.125465 0.933298
vt 0.125473 0.933271
vt 0.125730 0.933448
vt 0.125723 0.933513
vt 0.125594 0.933352
vt 0.125534 0.933270
vt 0.125670 0.933422
vt 0.125541 0.933439
vt 0.126054 0.934105
vt 0.125612 0.933679
vt 0.167985 0.914333
vt 0.167985 0.914333
vt 0.167985 0.914333
vt 0.167985 0.914333
vt 0.167985 0.914333
vt 0.167985 0.914333
vt 0.167985 0.914333
vt 0.167984 0.914333
vt 0.167985 0.914333
vt 0.167985 0.914333
vt 0.167985 0.914333
vt 0.167985 0.914333
vt 0.167985 0.914333
vt 0.167985 0.914333
vt 0.167985 0.914333
vt 0.167985 0.914333
vt 0.167985 0.914333
vt 0.167985 0.914333
vt 0.167985 0.914333
vt 0.167985 0.914333
vt 0.167985 0.914333
vt 0.728084 0.623224
vt 0.726743 0.624035
vt 0.726760 0.624022
vt 0.747131 0.609713
vt 0.725627 0.625775
vt 0.726709 0.623985
vt 0.726559 0.625776
vt 0.733503 0.631874
vt 0.738665 0.634974
vt 0.755842 0.642497
vt 0.755771 0.623597
vt 0.755171 0.617497
vt 0.735751 0.611453
vt 0.726750 0.623962
vt 0.725665 0.622298
vt 0.752116 0.612511
vt 0.741295 0.609348
vt 0.754254 0.636873
vt 0.754331 0.635310
vt 0.754349 0.635282
vt 0.748181 0.634227
vt 0.754888 0.628580
vt 0.726740 0.623951
vt 0.726731 0.623958
vt 0.754333 0.635231
vt 0.754319 0.635244
vt 0.754314 0.635227
vt 0.754110 0.633355
vt 0.754252 0.635305
vt 0.753632 0.633786
vt 0.720355 0.620037
vt 0.725225 0.625413
vt 0.725213 0.622802
vt 0.727853 0.625401
vt 0.731452 0.628508
vt 0.728280 0.624349
vt 0.727442 0.622278
vt 0.730087 0.619424
vt 0.724968 0.623440
vt 0.726712 0.623969
vt 0.726714 0.623959
vt 0.726767 0.623986
vt 0.726766 0.624003
vt 0.756811 0.635599
vt 0.754939 0.637003
vt 0.754406 0.633268
vt 0.844319 0.642230
vt 0.848291 0.637848
vt 0.867073 0.640388
vt 0.752680 0.634836
vt 0.755501 0.636877
vt 0.754356 0.635263
vt 0.754258 0.635285
vt 0.754269 0.635261
vt 0.726743 0.623967
vt 0.726721 0.623972
vt 0.726725 0.623986
vt 0.726745 0.624000
vt 0.726749 0.623992
vt 0.726721 0.623966
vt 0.726749 0.623984
vt 0.726723 0.623961
vt 0.726732 0.623994
vt 0.726720 0.624011
vt 0.726738 0.623961
vt 0.726738 0.623999
vt 0.754290 0.635282
vt 0.754327 0.635259
vt 0.754309 0.635267
vt 0.754309 0.635269
vt 0.754345 0.635256
vt 0.754351 0.635251
vt 0.754292 0.635263
vt 0.754336 0.635273
vt 0.754342 0.635265
vt 0.754302 0.635288
vt 0.754320 0.635286
vt 0.754301 0.635252
vt 0.754288 0.635278
vt 0.754334 0.635245
vt 0.726735 0.623971
vt 0.726739 0.623969
vt 0.726735 0.623971
vt 0.726736 0.623966
vt 0.726733 0.623965
vt 0.726729 0.623972
vt 0.726725 0.623972
vt 0.726725 0.623969
vt 0.726726 0.623967
vt 0.726728 0.623972
vt 0.726735 0.623984
vt 0.726730 0.623984
vt 0.726732 0.623982
vt 0.726733 0.623989
vt 0.726737 0.623991
vt 0.726739 0.623984
vt 0.726744 0.623982
vt 0.726744 0.623988
vt 0.726741 0.623991
vt 0.726739 0.623985
vt 0.726736 0.623970
vt 0.726729 0.623972
vt 0.726739 0.623981
vt 0.726736 0.623986
vt 0.754312 0.635269
vt 0.754301 0.635274
vt 0.754307 0.635278
vt 0.754318 0.635276
vt 0.754329 0.635264
vt 0.754337 0.635260
vt 0.754336 0.635265
vt 0.754330 0.635270
vt 0.754327 0.635265
vt 0.754337 0.635255
vt 0.754328 0.635257
vt 0.754331 0.635252
vt 0.754322 0.635252
vt 0.754309 0.635267
vt 0.754300 0.635273
vt 0.754301 0.635265
vt 0.754308 0.635258
vt 0.754314 0.635264
vt 0.754330 0.635264
vt 0.754325 0.635260
vt 0.754318 0.635270
vt 0.754294 0.635315
vt 0.794648 0.321578
vt 0.803371 0.275724
vt 0.828676 0.300886
vt 0.847871 0.267083
vt 0.822446 0.229321
vt 0.856969 0.229681
vt 0.847787 0.192879
vt 0.802636 0.183209
vt 0.829697 0.158198
vt 0.795219 0.137361
vt 0.780833 0.169196
vt 0.755357 0.125189
vt 0.755643 0.164574
vt 0.717055 0.139078
vt 0.710368 0.182754
vt 0.686121 0.159975
vt 0.697198 0.203810
vt 0.668446 0.191518
vt 0.693265 0.227910
vt 0.658516 0.227277
vt 0.668129 0.263836
vt 0.699578 0.252382
vt 0.685486 0.297727
vt 0.712469 0.274288
vt 0.717912 0.318766
vt 0.732854 0.288954
vt 0.755468 0.331584
vt 0.757158 0.294275
vt 0.886031 0.282212
vt 0.811161 0.360820
vt 0.699735 0.356164
vt 0.630490 0.278226
vt 0.632485 0.176695
vt 0.698241 0.102189
vt 0.812969 0.097642
vt 0.886031 0.178378
vt 0.222889 0.290056
vt 0.216144 0.290056
vt 0.209528 0.288740
vt 0.203296 0.286159
vt 0.197688 0.282411
vt 0.192918 0.277641
vt 0.189170 0.272033
vt 0.186589 0.265801
vt 0.185273 0.259185
vt 0.185273 0.252439
vt 0.186589 0.245823
vt 0.189170 0.239591
vt 0.192918 0.233983
vt 0.197688 0.229213
vt 0.203296 0.225465
vt 0.216144 0.221568
vt 0.222890 0.221568
vt 0.229505 0.222884
vt 0.235737 0.225465
vt 0.241346 0.229213
vt 0.246116 0.233983
vt 0.249863 0.239591
vt 0.253761 0.252439
vt 0.253761 0.259185
vt 0.252445 0.265801
vt 0.249863 0.272033
vt 0.246116 0.277641
vt 0.241346 0.282411
vt 0.235737 0.286159
vt 0.186589 0.176402
vt 0.189170 0.182634
vt 0.192918 0.188243
vt 0.197688 0.193013
vt 0.203296 0.196760
vt 0.209528 0.199342
vt 0.216144 0.200658
vt 0.222890 0.200658
vt 0.229505 0.199342
vt 0.235737 0.196760
vt 0.241346 0.193013
vt 0.246116 0.188243
vt 0.249863 0.182634
vt 0.252445 0.176402
vt 0.253761 0.169786
vt 0.252445 0.156425
vt 0.249863 0.150193
vt 0.246116 0.144584
vt 0.241346 0.139815
vt 0.235737 0.136067
vt 0.229505 0.133486
vt 0.222890 0.132170
vt 0.209528 0.133486
vt 0.203296 0.136067
vt 0.197688 0.139815
vt 0.192918 0.144584
vt 0.189170 0.150193
vt 0.186589 0.156425
vt 0.185273 0.163041
vt 0.539028 0.460040
vt 0.539028 0.529212
vt 0.562084 0.506154
vt 0.539028 0.517683
vt 0.539028 0.471568
vt 0.899967 0.923530
vt 0.687950 0.639824
vt 0.896166 0.850947
vt 0.772447 0.879007
vt 0.733954 0.567199
vt 0.924545 0.847147
vt 0.799546 0.626270
vt 0.818957 0.903627
vt 0.749723 0.679668
vt 0.800070 0.874260
vt 0.915011 0.859641
vt 0.782134 0.865996
vt 0.901510 0.833850
vt 0.794772 0.891682
vt 0.187745 0.897369
vt 0.150051 0.934045
vt 0.136641 0.923062
vt 0.088336 0.906317
vt 0.781504 0.289123
vt 0.816217 0.254182
vt 0.816730 0.204467
vt 0.731123 0.169123
s 1
usemtl マテリアル
f 2/1/1 194/2/2 193/3/3
f 4/4/4 195/5/5 194/2/2
f 6/6/6 196/7/7 195/5/5
f 8/8/8 197/9/9 196/7/7
f 10/10/10 198/11/11 197/9/9
f 198/11/11 14/12/12 199/13/13
f 14/12/12 200/14/14 199/13/13
f 16/15/15 201/16/16 200/14/14
f 18/17/17 202/18/18 201/16/16
f 20/19/19 203/20/20 202/18/18
f 22/21/21 204/22/22 203/20/20
f 24/23/23 205/24/24 204/22/22
f 26/25/25 206/26/26 205/24/24
f 28/27/27 207/28/28 206/26/26
f 30/29/29 208/30/30 207/28/28
f 32/31/31 209/32/32 208/30/30
f 34/33/33 210/34/34 209/32/32
f 36/35/35 211/36/36 210/34/34
f 38/37/37 212/38/38 211/36/36
f 40/39/39 213/40/40 212/38/38
f 42/41/41 214/42/42 213/40/40
f 44/43/43 215/44/44 214/42/42
f 46/45/45 216/46/46 215/44/44
f 48/47/47 217/48/48 216/46/46
f 217/48/48 52/49/49 218/50/50
f 52/49/49 219/51/51 218/50/50
f 54/52/52 220/53/53 219/51/51
f 56/54/54 221/55/55 220/53/53
f 58/56/56 222/57/57 221/55/55
f 222/57/57 62/58/58 223/59/59
f 12/60/60 295/12/61 14/12/12
f 223/59/59 64/61/62 224/62/63
f 64/61/62 193/63/3 224/62/63
f 5/64/64 322/65/65 3/65/66
f 256/66/67 65/67/68 225/68/69
f 255/69/70 96/70/71 256/66/67
f 254/71/72 95/72/73 255/69/70
f 253/73/74 94/74/75 254/71/72
f 252/75/76 93/76/77 253/73/74
f 91/77/78 252/75/76 251/78/79
f 250/79/80 91/77/78 251/78/79
f 89/80/81 250/79/80 249/81/82
f 248/82/83 89/80/81 249/81/82
f 87/83/84 248/82/83 247/84/85
f 86/85/86 247/84/85 246/86/87
f 85/87/88 246/86/87 245/88/89
f 84/89/90 245/88/89 244/90/91
f 83/91/92 244/90/91 243/92/93
f 82/93/94 243/92/93 242/94/95
f 81/95/96 242/94/95 241/96/97
f 80/97/98 241/96/97 240/98/99
f 239/99/100 80/97/98 240/98/99
f 78/100/101 239/99/100 238/101/102
f 77/102/103 238/101/102 237/103/104
f 236/104/105 77/102/103 237/103/104
f 235/105/106 76/106/107 236/104/105
f 74/107/108 235/105/106 234/108/109
f 73/109/110 234/108/109 233/110/111
f 72/111/112 233/110/111 232/112/113
f 231/113/114 72/111/112 232/112/113
f 70/114/115 231/113/114 230/115/116
f 69/116/117 230/115/116 229/117/118
f 68/118/119 229/117/118 228/119/120
f 67/120/121 228/119/120 227/121/122
f 66/122/123 227/121/122 226/123/124
f 65/124/68 226/123/124 225/125/69
f 128/126/125 192/127/126 191/128/127
f 127/129/128 191/128/127 190/130/129
f 126/131/130 190/130/129 189/132/131
f 125/133/132 189/132/131 188/134/133
f 124/135/134 188/134/133 187/136/135
f 123/137/136 187/136/135 186/138/137
f 122/139/138 186/138/137 185/140/139
f 121/141/140 185/140/139 184/142/141
f 120/143/142 184/142/141 183/144/143
f 119/145/144 183/144/143 182/146/145
f 118/147/146 182/146/145 181/148/147
f 117/149/148 181/148/147 180/150/149
f 116/151/150 180/150/149 179/152/151
f 115/153/152 179/152/151 178/154/153
f 114/155/154 178/154/153 177/156/155
f 113/157/156 177/156/155 176/158/157
f 112/159/158 176/158/157 175/160/159
f 111/161/160 175/160/159 174/162/161
f 110/163/162 174/162/161 173/164/163
f 109/165/164 173/164/163 172/166/165
f 108/167/166 172/166/165 171/168/167
f 107/169/168 171/168/167 170/170/169
f 106/171/170 170/170/169 169/172/171
f 105/173/172 169/172/171 168/174/173
f 104/175/174 168/174/173 167/176/175
f 103/177/176 167/176/175 166/178/177
f 102/179/178 166/178/177 165/180/179
f 101/181/180 165/180/179 164/182/181
f 100/183/182 164/182/181 163/184/183
f 99/185/184 163/184/183 162/186/185
f 98/187/186 162/186/185 161/188/187
f 97/189/188 161/188/187 192/190/126
f 288/191/189 129/192/190 257/193/191
f 129/192/190 258/194/192 257/193/191
f 258/194/192 131/195/193 259/196/194
f 131/195/193 260/197/195 259/196/194
f 132/198/196 261/199/197 260/197/195
f 133/200/198 262/201/199 261/199/197
f 134/202/200 263/203/201 262/201/199
f 135/204/202 264/205/203 263/203/201
f 136/206/204 265/207/205 264/205/203
f 137/208/206 266/209/207 265/207/205
f 138/210/208 267/211/209 266/209/207
f 139/212/210 268/213/211 267/211/209
f 140/214/212 269/215/213 268/213/211
f 141/216/214 270/217/215 269/215/213
f 142/218/216 271/219/217 270/217/215
f 271/219/217 144/220/218 272/221/219
f 144/220/218 273/222/220 272/221/219
f 145/223/221 274/224/222 273/222/220
f 146/225/223 275/226/224 274/224/222
f 147/227/225 276/228/226 275/226/224
f 148/229/227 277/230/228 276/228/226
f 149/231/229 278/232/230 277/230/228
f 150/233/231 279/234/232 278/232/230
f 151/235/233 280/236/234 279/234/232
f 280/236/234 153/237/235 281/238/236
f 153/237/235 282/239/237 281/238/236
f 282/239/237 155/240/238 283/241/239
f 155/240/238 284/242/240 283/241/239
f 284/242/240 157/243/241 285/244/242
f 157/243/241 286/245/243 285/244/242
f 286/245/243 159/246/244 287/247/245
f 159/246/244 288/248/189 287/247/245
f 192/190/126 66/122/123 65/124/68
f 161/188/187 67/120/121 66/122/123
f 162/186/185 68/118/119 67/120/121
f 68/118/119 164/182/181 69/116/117
f 164/182/181 70/114/115 69/116/117
f 165/180/179 71/249/246 70/114/115
f 71/249/246 167/176/175 72/111/112
f 72/111/112 168/174/173 73/109/110
f 73/109/110 169/172/171 74/107/108
f 169/172/171 75/250/247 74/107/108
f 75/250/247 171/168/167 76/106/107
f 76/106/107 172/166/165 77/102/103
f 77/102/103 173/164/163 78/100/101
f 173/164/163 79/251/248 78/100/101
f 79/251/248 175/160/159 80/97/98
f 80/97/98 176/158/157 81/95/96
f 176/158/157 82/93/94 81/95/96
f 177/156/155 83/91/92 82/93/94
f 178/154/153 84/89/90 83/91/92
f 179/152/151 85/87/88 84/89/90
f 85/87/88 181/148/147 86/85/86
f 181/148/147 87/83/84 86/85/86
f 87/83/84 183/144/143 88/252/249
f 183/144/143 89/80/81 88/252/249
f 184/142/141 90/253/250 89/80/81
f 90/253/250 186/138/137 91/77/78
f 186/138/137 92/254/251 91/77/78
f 187/136/135 93/76/77 92/254/251
f 93/76/77 189/132/131 94/74/75
f 94/74/75 190/130/129 95/72/73
f 95/72/73 191/128/127 96/70/71
f 191/128/127 65/67/68 96/70/71
f 224/62/63 97/255/188 128/126/125
f 127/129/128 224/62/63 128/126/125
f 222/57/57 127/129/128 126/131/130
f 221/55/55 126/131/130 125/133/132
f 220/53/53 125/133/132 124/135/134
f 219/51/51 124/135/134 123/137/136
f 218/50/50 123/137/136 122/139/138
f 217/48/48 122/139/138 121/141/140
f 216/46/46 121/141/140 120/143/142
f 215/44/44 120/143/142 119/145/144
f 214/42/42 119/145/144 118/147/146
f 213/40/40 118/147/146 117/149/148
f 116/151/150 213/40/40 117/149/148
f 115/153/152 212/38/38 116/151/150
f 210/34/34 115/153/152 114/155/154
f 209/32/32 114/155/154 113/157/156
f 208/30/30 113/157/156 112/159/158
f 207/28/28 112/159/158 111/161/160
f 206/26/26 111/161/160 110/163/162
f 205/24/24 110/163/162 109/165/164
f 204/22/22 109/165/164 108/167/166
f 107/169/168 204/22/22 108/167/166
f 202/18/18 107/169/168 106/171/170
f 201/16/16 106/171/170 105/173/172
f 200/14/14 105/173/172 104/175/174
f 199/13/13 104/175/174 103/177/176
f 198/11/11 103/177/176 102/179/178
f 197/9/9 102/179/178 101/181/180
f 196/7/7 101/181/180 100/183/182
f 195/5/5 100/183/182 99/185/184
f 194/2/2 99/185/184 98/187/186
f 193/3/3 98/187/186 97/189/188
f 160/256/252 226/123/124 129/192/190
f 226/123/124 130/257/253 129/192/190
f 130/257/253 228/119/120 131/195/193
f 228/119/120 132/198/196 131/195/193
f 229/117/118 133/200/198 132/198/196
f 230/115/116 134/202/200 133/200/198
f 134/202/200 232/112/113 135/204/202
f 232/112/113 136/206/204 135/204/202
f 136/206/204 234/108/109 137/208/206
f 234/108/109 138/210/208 137/208/206
f 235/105/106 139/212/210 138/210/208
f 236/104/105 140/214/212 139/212/210
f 237/103/104 141/216/214 140/214/212
f 238/101/102 142/218/216 141/216/214
f 239/99/100 143/258/254 142/218/216
f 240/98/99 144/220/218 143/258/254
f 241/96/97 145/223/221 144/220/218
f 242/94/95 146/225/223 145/223/221
f 243/92/93 147/227/225 146/225/223
f 147/227/225 245/88/89 148/229/227
f 245/88/89 149/231/229 148/229/227
f 246/86/87 150/233/231 149/231/229
f 247/84/85 151/235/233 150/233/231
f 248/82/83 152/259/255 151/235/233
f 249/81/82 153/237/235 152/259/255
f 250/79/80 154/260/256 153/237/235
f 251/78/79 155/240/238 154/260/256
f 252/75/76 156/261/257 155/240/238
f 253/73/74 157/243/241 156/261/257
f 254/71/72 158/262/258 157/243/241
f 255/69/70 159/246/244 158/262/258
f 256/66/67 160/263/252 159/246/244
f 287/247/245 1/264/259 63/265/260
f 286/245/243 63/265/260 61/266/261
f 285/244/242 61/266/261 59/267/262
f 284/242/240 59/267/262 57/268/263
f 283/241/239 57/268/263 55/269/264
f 282/239/237 55/269/264 53/270/265
f 281/238/236 53/270/265 51/271/266
f 49/272/267 281/238/236 51/271/266
f 47/273/268 280/236/234 49/272/267
f 45/274/269 279/234/232 47/273/268
f 43/275/270 278/232/230 45/274/269
f 41/276/271 277/230/228 43/275/270
f 275/226/224 41/276/271 39/277/272
f 274/224/222 39/277/272 37/278/273
f 273/222/220 37/278/273 35/279/274
f 33/280/275 273/222/220 35/279/274
f 271/219/217 33/280/275 31/281/276
f 270/217/215 31/281/276 29/282/277
f 27/283/278 270/217/215 29/282/277
f 25/284/279 269/215/213 27/283/278
f 267/211/209 25/284/279 23/285/280
f 21/286/281 267/211/209 23/285/280
f 19/287/282 266/209/207 21/286/281
f 264/205/203 19/287/282 17/288/283
f 263/203/201 17/288/283 15/289/284
f 262/201/199 15/289/284 13/290/285
f 261/199/197 13/290/285 11/291/286
f 260/197/195 11/291/286 9/292/287
f 259/196/194 9/292/287 7/293/288
f 258/194/192 7/293/288 5/64/64
f 257/193/191 5/64/64 3/65/66
f 288/191/189 3/65/66 1/294/259
f 307/295/289 299/296/290 291/297/289
f 30/29/29 304/31/291 32/31/31
f 48/47/47 313/298/292 50/298/293
f 4/4/4 291/6/294 6/6/6
f 22/21/21 300/23/295 24/23/23
f 42/41/41 308/39/296 309/41/297
f 58/56/56 318/299/298 60/299/299
f 16/15/15 295/12/61 296/15/300
f 34/33/33 304/31/291 305/33/301
f 52/49/49 313/298/292 314/49/302
f 6/6/6 292/8/303 8/8/8
f 24/23/23 301/25/304 26/25/25
f 42/41/41 310/43/305 44/43/43
f 60/299/299 319/58/306 62/58/58
f 16/15/15 297/17/307 18/17/17
f 34/33/33 306/35/308 36/35/35
f 52/49/49 315/52/309 54/52/52
f 8/8/8 293/10/310 10/10/10
f 26/25/25 302/27/311 28/27/27
f 44/43/43 311/45/312 46/45/45
f 62/58/58 320/61/313 64/61/62
f 18/17/17 298/19/314 20/19/19
f 36/35/35 307/37/315 38/37/37
f 56/54/54 315/52/309 316/54/316
f 10/10/10 294/60/317 12/60/60
f 28/27/27 303/29/318 30/29/29
f 48/47/47 311/45/312 312/47/319
f 2/1/1 289/4/320 4/4/4
f 64/61/62 290/300/321 2/300/1
f 22/21/21 298/19/314 299/21/322
f 40/39/39 307/37/315 308/39/296
f 58/56/56 316/54/316 317/56/323
f 336/301/324 344/302/324 352/303/324
f 23/285/280 331/286/325 21/286/281
f 41/276/271 340/277/326 39/277/272
f 59/267/262 349/268/327 57/268/263
f 15/289/284 327/290/328 13/290/285
f 33/280/275 336/281/329 31/281/276
f 51/271/266 345/272/330 49/272/267
f 7/293/288 323/64/331 5/64/64
f 25/284/279 332/285/332 23/285/280
f 43/275/270 341/276/333 41/276/271
f 61/266/261 350/267/334 59/267/262
f 17/288/283 328/289/335 15/289/284
f 35/279/274 337/280/336 33/280/275
f 53/270/265 346/271/337 51/271/266
f 9/292/287 324/293/338 7/293/288
f 27/283/278 333/284/339 25/284/279
f 45/274/269 342/275/340 43/275/270
f 63/265/260 351/266/341 61/266/261
f 19/287/282 329/288/342 17/288/283
f 37/278/273 338/279/343 35/279/274
f 55/269/264 347/270/344 53/270/265
f 11/291/286 325/292/345 9/292/287
f 29/282/277 334/283/346 27/283/278
f 47/273/268 343/274/347 45/274/269
f 3/65/66 321/294/348 1/294/259
f 1/264/259 352/265/349 63/265/260
f 21/286/281 330/287/350 19/287/282
f 39/277/272 339/278/351 37/278/273
f 57/268/263 348/269/352 55/269/264
f 13/290/285 326/291/353 11/291/286
f 31/281/276 335/282/354 29/282/277
f 49/272/267 344/273/355 47/273/268
f 354/304/356 384/305/357 383/306/357
f 371/307/348 385/308/348 390/309/348
f 360/310/358 386/311/359 385/308/359
f 378/312/336 383/313/336 392/314/336
f 359/315/360 372/316/361 374/317/361
f 356/318/362 378/319/362 380/320/362
f 379/321/336 413/322/336 422/323/336
f 363/324/363 416/325/364 415/326/364
f 373/327/348 415/326/348 420/328/348
f 361/329/365 414/330/366 413/331/366
f 421/332/348 370/333/348 417/334/348
f 419/335/336 369/336/336 418/337/336
f 366/338/367 375/339/367 371/340/367
f 365/341/368 381/342/369 377/343/369
f 375/344/336 387/345/336 389/346/336
f 380/347/348 388/348/348 391/349/348
f 386/311/336 375/344/336 389/346/336
f 371/340/370 358/350/370 360/310/370
f 416/325/336 376/351/336 419/335/336
f 370/333/348 420/328/348 417/334/348
f 374/317/361 367/352/368 365/341/368
f 388/348/348 371/307/348 390/309/348
f 384/305/348 380/347/348 391/349/348
f 377/343/369 353/353/371 355/354/371
f 414/330/348 382/355/348 421/332/348
f 369/336/336 422/323/336 418/337/336
f 380/320/372 368/356/372 366/338/372
f 387/345/336 378/312/336 392/314/336
f 387/345/336 411/357/336 406/358/336
f 403/359/348 391/349/348 410/360/348
f 388/348/348 409/361/348 407/362/348
f 405/363/336 389/346/336 408/364/336
f 410/360/348 388/348/348 407/362/348
f 408/364/336 387/345/336 406/358/336
f 392/314/336 412/365/336 411/357/336
f 385/308/359 405/363/373 404/366/373
f 390/309/348 404/366/348 409/361/348
f 383/306/357 403/359/374 412/367/374
f 398/368/336 431/369/336 427/370/336
f 423/371/348 401/372/348 430/373/348
f 426/374/348 400/375/348 429/376/348
f 425/377/336 399/378/336 428/379/336
f 399/378/336 427/370/336 428/379/336
f 430/373/348 397/380/348 426/374/348
f 396/381/375 423/371/376 432/382/376
f 400/375/348 424/383/348 429/376/348
f 394/384/377 425/377/378 424/383/378
f 402/385/336 432/386/336 431/369/336
f 412/367/374 362/387/365 361/329/365
f 409/361/348 363/324/348 373/327/348
f 404/366/373 364/388/363 363/324/363
f 411/357/336 361/389/336 379/321/336
f 376/351/336 406/358/336 369/336/336
f 382/355/348 407/362/348 370/333/348
f 364/388/336 408/364/336 376/351/336
f 407/362/348 373/327/348 370/333/348
f 362/387/348 410/360/348 382/355/348
f 406/358/336 379/321/336 369/336/336
f 418/337/336 402/385/336 398/368/336
f 393/390/348 421/332/348 401/372/348
f 417/334/348 400/375/348 397/380/348
f 395/391/336 419/335/336 399/378/336
f 399/378/336 418/337/336 398/368/336
f 401/372/348 417/334/348 397/380/348
f 413/331/366 393/390/375 396/381/375
f 420/328/348 394/384/348 400/375/348
f 415/326/364 395/391/377 394/384/377
f 422/323/336 396/392/336 402/385/336
f 431/369/336 353/393/336 381/394/336
f 424/383/378 357/395/378 359/315/378
f 429/376/348 359/315/348 374/396/348
f 432/382/376 355/397/376 353/398/376
f 430/373/348 365/399/348 377/400/348
f 428/379/336 367/401/336 372/402/336
f 357/395/336 428/379/336 372/402/336
f 426/374/348 374/396/348 365/399/348
f 355/397/348 430/373/348 377/400/348
f 427/370/336 381/394/336 367/401/336
f 459/403/379 499/404/380 464/405/381
f 505/406/382 517/407/383 518/408/384
f 491/409/385 436/410/386 437/411/387
f 490/412/388 434/413/389 435/414/390
f 491/409/391 438/415/392 492/416/391
f 490/417/388 436/418/386 433/419/393
f 500/420/394 512/421/395 513/422/396
f 436/410/386 443/423/397 437/411/387
f 434/413/389 441/424/398 435/414/390
f 834/425/399 852/426/400 856/427/401
f 436/418/386 441/428/398 442/429/402
f 484/430/403 505/431/382 489/432/404
f 443/423/397 444/433/405 445/434/406
f 522/435/407 493/436/408 494/437/409
f 437/411/392 837/438/410 836/439/411
f 643/440/412 547/441/413 632/440/414
f 434/413/389 505/431/382 469/442/415
f 496/443/416 510/444/417 497/445/418
f 531/446/419 523/447/420 495/448/421
f 842/449/422 825/450/423 849/451/424
f 637/452/425 543/453/426 550/454/427
f 559/455/428 567/456/429 478/457/430
f 494/437/409 506/458/431 507/459/432
f 444/433/405 447/460/433 445/434/406
f 448/461/434 452/462/435 453/463/435
f 546/464/436 806/465/437 541/466/438
f 454/467/439 498/468/440 459/403/379
f 500/420/394 514/469/441 501/470/442
f 446/471/443 452/462/444 447/460/433
f 533/472/445 495/448/421 496/443/416
f 452/462/435 458/473/446 453/463/435
f 451/474/447 455/475/448 456/476/449
f 634/440/450 546/464/451 541/466/452
f 497/445/418 511/477/453 498/468/440
f 451/478/447 457/479/454 452/462/444
f 449/480/455 455/475/448 450/481/456
f 457/479/446 463/482/457 458/473/446
f 455/475/448 461/483/458 456/476/449
f 527/484/459 535/485/460 446/486/443
f 504/487/461 516/488/462 517/407/383
f 457/479/454 461/489/458 462/490/463
f 454/467/439 460/491/464 455/475/448
f 462/490/457 468/492/465 463/482/457
f 460/491/464 466/493/466 461/483/458
f 434/413/389 493/494/408 440/495/467
f 494/437/409 508/496/468 495/448/421
f 461/489/458 467/497/469 462/490/463
f 459/403/379 465/498/470 460/491/464
f 465/498/470 472/499/471 466/493/466
f 750/500/472 573/501/473 745/502/474
f 501/470/442 515/503/475 502/504/476
f 466/505/466 473/506/477 467/497/469
f 464/405/381 471/507/478 465/498/470
f 467/497/465 474/508/479 468/492/465
f 470/509/480 499/404/380 500/420/394
f 498/468/440 512/421/395 499/404/380
f 472/510/471 476/511/481 473/506/477
f 554/512/482 500/420/394 501/470/442
f 473/506/479 477/513/483 474/508/479
f 748/514/484 579/515/485 743/516/486
f 496/443/416 508/496/468 509/517/487
f 476/511/481 478/518/430 479/519/488
f 471/507/478 559/455/428 475/520/489
f 864/521/490 885/522/491 883/523/492
f 742/524/493 575/525/494 582/526/495
f 449/480/455 497/445/418 454/467/439
f 517/527/383 516/528/462 519/529/496
f 478/518/430 483/530/497 479/519/488
f 565/531/498 502/504/476 503/532/499
f 476/511/483 867/533/500 866/534/501
f 575/525/502 767/535/503 582/526/504
f 503/532/499 515/503/475 516/488/462
f 865/536/505 889/537/506 874/538/507
f 482/539/508 487/540/509 483/530/497
f 480/541/510 485/542/511 481/543/512
f 872/544/513 832/545/514 879/546/515
f 481/547/512 486/548/516 482/549/508
f 538/550/517 450/481/456 451/474/447
f 487/540/509 433/551/393 491/409/385
f 485/542/511 489/432/404 490/412/388
f 487/540/518 492/416/391 488/552/518
f 485/553/511 433/419/393 486/548/516
f 570/554/519 481/547/512 482/549/508
f 505/406/382 439/555/520 469/556/415
f 484/430/403 503/557/499 504/558/461
f 469/556/415 506/458/431 493/436/408
f 513/559/396 512/560/395 519/529/496
f 510/561/417 509/562/487 519/529/496
f 518/563/384 517/527/383 519/529/496
f 514/564/441 513/559/396 519/529/496
f 515/565/475 514/564/441 519/529/496
f 511/566/453 510/561/417 519/529/496
f 439/567/520 518/563/384 519/529/496
f 506/568/431 439/567/520 519/529/496
f 508/569/468 507/570/432 519/529/496
f 516/528/462 515/565/475 519/529/496
f 507/570/432 506/568/431 519/529/496
f 512/560/395 511/566/453 519/529/496
f 509/562/487 508/569/468 519/529/496
f 563/571/521 555/572/522 502/504/476
f 441/428/398 527/484/459 444/573/405
f 440/574/467 521/575/523 528/576/524
f 470/509/480 553/577/525 560/578/526
f 536/579/527 533/472/445 450/481/456
f 568/580/528 565/531/498 481/547/512
f 524/581/529 522/435/407 523/447/420
f 529/582/530 527/484/459 528/576/524
f 534/583/531 532/584/532 533/472/445
f 539/585/533 537/586/534 538/550/517
f 547/441/413 638/587/535 632/440/414
f 638/587/536 546/464/451 639/440/537
f 521/588/523 663/589/538 658/590/539
f 663/589/540 520/591/541 664/592/542
f 544/441/543 641/593/544 635/587/545
f 641/593/546 543/453/426 642/587/547
f 536/594/527 666/595/548 661/596/549
f 666/595/550 535/597/551 667/598/552
f 635/587/545 540/466/553 544/441/543
f 556/599/554 554/512/482 555/572/522
f 561/600/555 559/455/428 560/578/526
f 566/601/556 564/602/557 565/531/498
f 571/603/558 569/604/559 570/554/519
f 576/605/560 746/606/561 740/607/562
f 746/606/563 575/525/494 747/608/564
f 568/609/528 711/610/565 706/611/566
f 711/610/567 567/612/568 712/613/569
f 579/515/485 749/614/570 743/516/486
f 749/614/571 578/615/572 750/500/472
f 553/616/525 714/617/573 709/618/574
f 714/617/575 552/619/576 715/620/577
f 740/607/562 572/621/578 576/605/560
f 652/622/579 590/623/580 647/624/581
f 630/625/582 595/626/583 631/625/584
f 593/627/585 630/625/586 625/628/587
f 591/627/588 654/629/589 653/630/590
f 647/624/581 591/627/591 653/630/592
f 627/628/593 589/631/594 628/632/595
f 587/633/596 627/628/597 622/634/598
f 585/635/599 651/636/600 650/637/601
f 644/638/602 585/635/603 650/637/604
f 646/639/605 586/640/606 589/631/594
f 654/629/589 595/626/583 649/641/607
f 644/638/602 593/627/585 584/642/608
f 640/440/609 597/643/610 633/587/611
f 597/643/612 634/440/613 633/587/614
f 643/440/615 600/644/616 636/440/617
f 600/644/618 637/452/619 636/440/620
f 622/634/598 599/644/621 629/645/622
f 605/646/623 624/645/624 623/625/625
f 629/645/622 605/646/626 623/625/627
f 602/644/628 621/647/629 620/628/630
f 626/634/631 602/644/632 620/628/633
f 621/647/629 598/648/634 628/632/595
f 624/645/624 601/649/635 631/625/584
f 626/634/631 607/649/636 596/650/637
f 662/651/638 613/652/639 614/653/640
f 660/654/641 619/655/642 667/598/643
f 664/592/644 609/656/645 616/657/646
f 662/651/638 608/658/647 656/659/648
f 608/658/649 657/660/650 656/659/651
f 665/661/652 611/662/653 659/663/654
f 611/662/655 660/654/641 659/663/656
f 658/590/657 617/664/658 665/661/652
f 648/665/659 619/655/642 649/641/607
f 613/652/639 648/665/660 655/666/661
f 645/667/662 616/657/646 646/639/605
f 610/668/663 645/667/664 652/622/579
f 584/642/608 625/628/587 626/634/631
f 592/669/665 631/625/584 595/626/583
f 586/640/606 628/632/595 589/631/594
f 584/642/608 620/628/633 585/635/603
f 620/628/630 586/640/606 585/635/599
f 590/623/580 623/625/627 591/627/591
f 623/625/625 592/669/665 591/627/588
f 587/633/596 629/645/622 590/623/580
f 622/634/598 597/643/610 604/649/666
f 597/643/612 628/632/595 598/648/634
f 625/628/587 600/644/616 607/649/636
f 600/644/618 631/625/584 601/649/635
f 636/440/667 550/454/427 551/670/667
f 549/671/668 636/440/669 551/670/669
f 633/587/670 541/466/452 542/441/670
f 540/466/553 633/587/671 542/441/671
f 599/644/621 640/440/609 635/587/672
f 605/646/623 642/587/673 606/672/674
f 635/587/672 605/646/626 599/644/621
f 602/644/628 639/440/675 603/649/676
f 632/440/677 602/644/632 596/650/637
f 598/648/634 639/440/675 634/440/613
f 601/649/635 642/587/673 637/452/619
f 607/649/636 632/440/677 596/650/637
f 652/622/579 588/673/678 587/633/596
f 588/673/679 646/639/605 589/631/594
f 655/666/661 594/674/680 593/627/585
f 594/674/681 649/641/607 595/626/583
f 614/653/640 655/666/661 644/638/602
f 612/675/682 649/641/607 619/655/642
f 616/657/646 651/636/600 646/639/605
f 614/653/640 650/637/604 608/658/647
f 650/637/601 609/656/645 608/658/649
f 617/664/658 653/630/592 611/662/653
f 653/630/590 612/675/682 611/662/655
f 610/668/663 647/624/581 617/664/658
f 521/588/523 665/661/683 525/676/684
f 659/663/685 526/677/686 529/678/685
f 525/676/684 659/663/687 529/678/687
f 656/659/688 531/679/689 534/680/688
f 530/681/690 656/659/691 534/680/691
f 520/591/541 657/660/692 664/592/542
f 526/677/686 667/598/552 535/597/551
f 530/681/690 661/596/549 662/651/693
f 618/682/694 667/598/643 619/655/642
f 661/596/695 618/682/696 613/652/639
f 615/683/697 664/592/644 616/657/646
f 658/590/657 615/683/698 610/668/663
f 727/684/699 668/685/700 716/686/701
f 678/687/702 739/688/703 738/689/704
f 733/690/705 678/687/706 738/689/707
f 675/691/708 726/692/709 725/693/710
f 719/694/711 675/691/712 725/693/713
f 672/695/714 736/696/715 735/697/716
f 730/698/717 672/695/718 735/697/719
f 669/699/720 723/700/721 722/701/722
f 716/686/701 669/699/723 722/701/724
f 723/700/721 673/702/725 718/703/726
f 719/694/711 671/704/727 674/705/728
f 721/706/729 676/707/730 679/708/731
f 708/709/732 691/710/733 715/620/734
f 713/711/735 682/712/736 689/713/737
f 705/714/738 688/715/739 712/613/740
f 710/716/741 680/717/742 704/718/743
f 680/717/744 705/714/738 704/718/745
f 713/711/735 683/719/746 707/720/747
f 683/719/748 708/709/732 707/720/749
f 709/618/750 686/721/751 710/716/741
f 720/722/752 691/710/733 721/706/729
f 685/723/753 720/722/754 727/684/699
f 717/724/755 688/715/739 718/703/726
f 682/712/736 717/724/756 724/725/757
f 700/726/758 741/727/759 748/514/760
f 741/727/761 694/728/762 742/524/763
f 703/729/764 744/730/765 751/731/766
f 744/730/767 697/732/768 745/502/769
f 734/733/770 703/729/764 692/734/771
f 731/735/772 702/736/773 732/737/774
f 695/738/775 731/735/776 737/739/777
f 728/740/778 699/741/779 729/742/780
f 692/734/771 728/740/781 734/733/770
f 736/696/715 699/741/779 694/728/762
f 730/698/717 695/738/775 737/739/777
f 732/737/774 697/732/768 739/688/703
f 553/616/525 710/716/782 557/743/783
f 707/720/784 563/744/785 566/745/784
f 562/746/786 707/720/787 566/745/787
f 704/718/788 558/747/789 561/748/788
f 557/743/783 704/718/790 561/748/790
f 558/747/789 712/613/569 567/612/568
f 562/746/786 706/611/566 713/711/791
f 563/744/785 715/620/577 552/619/576
f 690/749/792 715/620/734 691/710/733
f 709/618/750 690/749/793 685/723/753
f 687/750/794 712/613/740 688/715/739
f 706/611/795 687/750/796 682/712/736
f 724/725/757 672/695/718 671/704/727
f 672/695/714 718/703/726 673/702/725
f 727/684/699 678/687/706 677/751/797
f 678/687/702 721/706/729 679/708/731
f 684/752/798 721/706/729 691/710/733
f 689/713/737 724/725/757 719/694/711
f 688/715/739 723/700/721 718/703/726
f 686/721/751 722/701/724 680/717/742
f 722/701/722 681/753/799 680/717/744
f 689/713/737 725/693/713 683/719/746
f 725/693/710 684/752/798 683/719/748
f 685/723/753 716/686/701 686/721/751
f 676/707/730 739/688/703 679/708/731
f 671/704/727 737/739/777 674/705/728
f 673/702/725 729/742/780 736/696/715
f 734/733/770 669/699/723 668/685/700
f 669/699/720 729/742/780 670/754/800
f 737/739/777 675/691/712 674/705/728
f 675/691/708 732/737/774 676/707/730
f 668/685/700 733/690/705 734/733/770
f 700/726/758 735/697/719 693/755/801
f 735/697/716 694/728/762 693/755/802
f 703/729/764 738/689/707 696/756/803
f 738/689/704 697/732/768 696/756/804
f 744/730/805 573/501/473 574/757/805
f 572/621/578 744/730/806 574/757/806
f 741/727/807 582/526/495 583/758/807
f 581/759/808 741/727/809 583/758/809
f 703/729/764 740/607/810 692/734/771
f 749/614/811 702/736/773 701/760/812
f 695/738/775 749/614/813 701/760/814
f 746/606/815 699/741/779 698/761/816
f 692/734/771 746/606/817 698/761/818
f 699/741/779 742/524/763 694/728/762
f 695/738/775 748/514/760 743/516/819
f 702/736/773 745/502/769 697/732/768
f 572/621/820 752/762/821 576/605/822
f 583/758/823 765/763/824 581/759/825
f 577/764/826 759/765/827 575/525/502
f 580/766/828 777/767/829 578/615/830
f 782/768/831 773/769/832 768/770/833
f 549/671/834 822/771/835 547/441/836
f 579/515/837 765/763/824 770/772/838
f 574/757/839 785/773/840 779/774/841
f 582/526/504 761/775/842 583/758/843
f 572/621/820 779/774/844 783/776/845
f 579/515/837 774/777/846 580/766/847
f 578/615/830 785/773/840 573/501/848
f 755/778/849 754/779/850 753/780/851
f 757/781/852 752/762/821 754/779/853
f 755/778/849 760/782/854 757/781/855
f 757/781/856 759/765/827 756/783/857
f 762/784/858 766/785/859 763/786/860
f 763/786/861 765/763/824 761/775/862
f 762/784/858 769/787/863 768/770/833
f 763/786/864 767/535/503 769/787/865
f 773/769/832 772/788/866 771/789/867
f 775/790/868 770/772/838 772/788/869
f 773/769/832 778/791/870 775/790/871
f 775/790/872 777/767/829 774/777/873
f 780/792/874 784/793/875 781/794/876
f 781/794/877 783/776/845 779/774/844
f 780/792/874 787/795/878 786/796/879
f 781/794/880 785/773/840 787/795/881
f 753/780/851 784/793/875 782/768/831
f 754/779/853 783/776/845 784/793/882
f 786/796/879 778/791/870 776/797/883
f 787/795/881 777/767/829 778/791/884
f 768/770/833 760/782/854 758/798/885
f 760/782/886 767/535/503 759/765/827
f 764/799/887 772/788/866 766/785/859
f 766/785/888 770/772/838 765/763/824
f 577/764/889 752/762/821 756/783/890
f 545/671/891 798/800/892 543/453/893
f 548/801/894 816/771/895 546/464/436
f 542/441/896 810/465/897 540/466/898
f 551/670/899 792/800/900 549/671/834
f 545/671/901 804/771/902 801/800/903
f 548/801/904 822/771/835 819/802/905
f 551/670/906 789/803/907 794/804/908
f 542/441/909 806/465/437 813/771/910
f 544/441/911 810/465/897 804/771/902
f 809/805/912 818/806/913 788/807/914
f 788/807/914 799/808/915 797/809/916
f 790/805/917 798/800/892 799/808/918
f 803/806/919 811/810/920 809/805/912
f 805/810/921 810/465/897 811/810/922
f 800/811/923 805/810/924 803/806/919
f 802/812/925 804/771/902 805/810/921
f 812/813/926 808/814/927 807/815/928
f 814/814/929 806/465/437 808/814/930
f 795/816/931 793/813/932 796/815/933
f 796/815/934 792/800/900 794/804/935
f 791/817/936 823/818/937 793/813/932
f 793/813/938 822/771/835 792/800/900
f 818/806/913 817/804/939 820/819/940
f 820/819/941 816/771/895 819/802/942
f 807/815/928 817/804/939 815/815/943
f 817/804/944 806/465/437 816/771/895
f 795/816/931 790/805/945 788/807/914
f 796/815/946 789/803/907 790/805/917
f 818/806/913 823/818/937 821/820/947
f 820/819/948 822/771/835 823/818/949
f 812/813/926 811/810/920 814/814/950
f 814/814/951 810/465/897 813/771/952
f 800/811/923 799/808/915 802/812/953
f 802/812/954 798/800/892 801/800/955
f 543/453/893 789/803/907 550/454/956
f 848/821/957 861/822/958 859/823/959
f 468/492/960 828/824/961 463/482/962
f 835/825/963 862/826/964 844/827/965
f 492/416/966 824/828/967 833/829/968
f 492/416/966 832/545/514 488/552/969
f 871/830/970 487/540/518 488/552/518
f 474/508/971 831/831/972 830/832/973
f 458/473/974 826/833/975 453/463/976
f 453/463/976 825/450/423 448/461/977
f 849/451/978 853/834/979 839/835/980
f 474/508/971 829/836/981 468/492/960
f 463/482/962 827/837/982 458/473/974
f 869/838/983 891/839/984 886/840/985
f 826/833/975 830/832/973 880/841/986
f 836/439/987 844/827/988 824/828/967
f 866/534/989 874/538/990 876/842/991
f 854/843/992 901/844/993 852/426/994
f 884/845/995 955/846/996 882/847/997
f 875/848/998 892/849/999 878/850/1000
f 841/851/1001 447/460/434 448/461/434
f 838/852/1002 836/439/411 837/438/410
f 843/853/1003 841/851/1001 842/449/1004
f 844/827/1005 847/854/1006 846/855/1007
f 847/854/1006 845/856/1008 846/855/1007
f 848/821/1009 851/857/1010 850/858/1011
f 851/857/1010 849/451/1012 850/858/1011
f 853/834/979 843/853/1013 839/835/980
f 843/853/1013 852/426/400 840/859/1014
f 855/860/1015 838/852/1016 857/861/1017
f 838/852/1018 856/427/401 857/861/1018
f 862/826/964 847/854/1019 844/827/965
f 847/854/1020 861/822/958 845/856/1021
f 858/862/1022 851/857/1023 860/863/1024
f 851/857/1025 859/823/959 860/863/1026
f 841/851/1001 834/425/1027 837/438/410
f 868/864/1028 866/534/501 867/533/500
f 873/865/1029 871/830/1030 872/544/1031
f 874/538/990 877/866/1032 876/842/991
f 877/866/1033 875/848/1033 876/842/1033
f 878/867/1034 881/868/1035 880/869/1036
f 881/870/1035 879/546/515 880/841/1036
f 892/849/999 881/870/1037 878/850/1000
f 881/870/1038 891/839/984 879/546/1039
f 870/871/1040 887/872/1041 885/522/491
f 873/865/1042 886/840/985 887/872/1043
f 883/523/492 868/864/1044 864/521/490
f 868/864/1044 882/847/1045 865/536/505
f 888/873/1046 877/866/1047 890/874/1048
f 890/874/1048 874/538/507 889/537/506
f 871/830/970 479/519/1049 483/530/1050
f 858/862/1022 894/875/1051 853/834/1052
f 862/826/964 907/876/1053 912/877/1054
f 860/863/1026 927/878/1055 921/879/1056
f 856/427/1057 903/880/1058 857/861/1059
f 860/863/1024 925/881/1060 858/862/1022
f 861/822/958 927/878/1055 859/823/959
f 856/427/1057 901/844/993 909/882/1061
f 862/826/964 916/883/1062 863/884/1063
f 855/860/1064 903/880/1065 907/876/1053
f 854/843/1066 894/875/1051 898/885/1067
f 861/822/958 916/883/1068 919/886/1069
f 888/873/1070 930/887/1071 892/849/1072
f 951/888/1073 931/889/1074 960/890/1075
f 883/523/1076 943/891/1077 948/892/1078
f 889/537/1079 957/893/1080 890/874/1081
f 887/872/1082 945/894/1083 939/895/1084
f 891/839/1085 934/896/1086 937/897/1087
f 889/537/1079 955/846/996 963/898/1088
f 891/839/1085 945/894/1083 886/840/1089
f 890/874/1090 961/899/1091 888/873/1070
f 883/523/1076 952/900/1092 884/845/1093
f 887/872/1094 943/891/1077 885/522/1095
f 897/901/1096 896/902/1097 895/903/1098
f 899/904/1099 894/875/1051 896/902/1100
f 897/901/1096 902/905/1101 899/904/1102
f 899/904/1103 901/844/993 898/885/1104
f 904/906/1105 908/907/1106 905/908/1107
f 905/908/1108 907/876/1053 903/880/1065
f 904/906/1105 911/909/1109 910/910/1110
f 905/908/1111 909/882/1061 911/909/1112
f 915/911/1113 914/912/1114 913/913/1115
f 917/914/1116 912/877/1054 914/912/1117
f 915/911/1113 920/915/1118 917/914/1119
f 917/914/1120 919/886/1069 916/883/1068
f 922/916/1121 926/917/1122 923/918/1123
f 923/918/1124 925/881/1060 921/879/1125
f 922/916/1121 929/919/1126 928/920/1127
f 923/918/1128 927/878/1055 929/919/1129
f 910/910/1110 902/905/1101 900/921/1130
f 902/905/1131 909/882/1061 901/844/993
f 906/922/1132 914/912/1114 908/907/1106
f 908/907/1133 912/877/1054 907/876/1053
f 895/903/1098 926/917/1122 924/923/1134
f 896/902/1100 925/881/1060 926/917/1135
f 918/924/1136 929/919/1126 920/915/1118
f 920/915/1137 927/878/1055 919/886/1069
f 900/921/1130 922/916/1121 913/913/1115
f 933/925/1138 932/926/1139 931/889/1074
f 935/927/1140 930/887/1071 932/926/1141
f 933/925/1138 938/928/1142 935/927/1143
f 935/927/1144 937/897/1087 934/896/1086
f 940/929/1145 944/930/1146 941/931/1147
f 941/931/1148 943/891/1077 939/895/1149
f 940/929/1145 947/932/1150 946/933/1151
f 941/931/1152 945/894/1083 947/932/1153
f 951/888/1073 950/934/1154 949/935/1155
f 953/936/1156 948/892/1078 950/934/1157
f 951/888/1073 956/937/1158 953/936/1159
f 953/936/1160 955/846/996 952/900/1161
f 958/938/1162 962/939/1163 959/940/1164
f 959/940/1165 961/899/1091 957/893/1166
f 958/938/1162 965/941/1167 964/942/1168
f 959/940/1169 963/898/1088 965/941/1170
f 949/935/1155 944/930/1146 942/943/1171
f 950/934/1157 943/891/1077 944/930/1172
f 954/944/1173 965/941/1167 956/937/1158
f 956/937/1174 963/898/1088 955/846/996
f 946/933/1151 938/928/1142 936/945/1175
f 947/932/1153 937/897/1087 938/928/1176
f 960/890/1075 932/926/1139 962/939/1163
f 962/939/1177 930/887/1071 961/899/1091
f 892/849/1072 934/896/1178 893/946/1179
f 445/434/1180 837/438/410 443/423/1181
f 871/830/1182 864/521/1183 867/533/1184
f 990/947/1185 967/948/1185 991/949/1185
f 967/948/1186 992/950/1186 991/949/1186
f 992/950/1187 969/951/1187 993/952/1187
f 969/951/1188 994/953/1188 993/952/1188
f 994/953/1189 971/954/1189 995/955/1189
f 971/954/1190 996/956/1190 995/955/1190
f 972/957/1191 997/958/1191 996/956/1191
f 973/959/1192 998/960/1192 997/958/1192
f 998/960/1193 975/961/1193 999/962/1193
f 999/962/1194 976/963/1194 1000/964/1194
f 1000/964/1195 977/965/1195 1001/966/1195
f 977/965/1196 1002/967/1196 1001/966/1196
f 978/968/1197 1003/969/1197 1002/967/1197
f 979/970/1198 1004/971/1198 1003/969/1198
f 980/972/1199 1005/973/1199 1004/971/1199
f 981/974/1200 990/947/1200 1005/973/1200
f 992/950/1201 983/975/1201 991/949/1201
f 983/975/1202 992/950/1202 993/952/1202
f 991/949/1203 982/976/1203 990/947/1203
f 1005/973/1204 990/947/1204 982/976/1204
f 989/977/1205 1004/971/1205 1005/973/1205
f 989/977/1206 1003/969/1206 1004/971/1206
f 988/978/1207 1002/967/1207 1003/969/1207
f 1002/967/1208 988/978/1208 1001/966/1208
f 987/979/1209 1000/964/1209 1001/966/1209
f 1000/964/1210 987/979/1210 999/962/1210
f 986/980/1211 998/960/1211 999/962/1211
f 998/960/1212 986/980/1212 997/958/1212
f 985/981/1213 996/956/1213 997/958/1213
f 996/956/1214 985/981/1214 995/955/1214
f 984/982/1215 994/953/1215 995/955/1215
f 994/953/1216 984/982/1216 993/952/1216
f 2/1/1 4/4/4 194/2/2
f 4/4/4 6/6/6 195/5/5
f 6/6/6 8/8/8 196/7/7
f 8/8/8 10/10/10 197/9/9
f 10/10/10 12/60/60 198/11/11
f 198/11/11 12/60/60 14/12/12
f 14/12/12 16/15/15 200/14/14
f 16/15/15 18/17/17 201/16/16
f 18/17/17 20/19/19 202/18/18
f 20/19/19 22/21/21 203/20/20
f 22/21/21 24/23/23 204/22/22
f 24/23/23 26/25/25 205/24/24
f 26/25/25 28/27/27 206/26/26
f 28/27/27 30/29/29 207/28/28
f 30/29/29 32/31/31 208/30/30
f 32/31/31 34/33/33 209/32/32
f 34/33/33 36/35/35 210/34/34
f 36/35/35 38/37/37 211/36/36
f 38/37/37 40/39/39 212/38/38
f 40/39/39 42/41/41 213/40/40
f 42/41/41 44/43/43 214/42/42
f 44/43/43 46/45/45 215/44/44
f 46/45/45 48/47/47 216/46/46
f 48/47/47 50/298/293 217/48/48
f 217/48/48 50/298/293 52/49/49
f 52/49/49 54/52/52 219/51/51
f 54/52/52 56/54/54 220/53/53
f 56/54/54 58/56/56 221/55/55
f 58/56/56 60/299/299 222/57/57
f 222/57/57 60/299/299 62/58/58
f 12/60/60 294/60/317 295/12/61
f 223/59/59 62/58/58 64/61/62
f 64/61/62 2/300/1 193/63/3
f 5/64/64 323/64/331 322/65/65
f 256/66/67 96/70/71 65/67/68
f 255/69/70 95/72/73 96/70/71
f 254/71/72 94/74/75 95/72/73
f 253/73/74 93/76/77 94/74/75
f 252/75/76 92/254/251 93/76/77
f 91/77/78 92/254/251 252/75/76
f 250/79/80 90/253/250 91/77/78
f 89/80/81 90/253/250 250/79/80
f 248/82/83 88/252/249 89/80/81
f 87/83/84 88/252/249 248/82/83
f 86/85/86 87/83/84 247/84/85
f 85/87/88 86/85/86 246/86/87
f 84/89/90 85/87/88 245/88/89
f 83/91/92 84/89/90 244/90/91
f 82/93/94 83/91/92 243/92/93
f 81/95/96 82/93/94 242/94/95
f 80/97/98 81/95/96 241/96/97
f 239/99/100 79/251/248 80/97/98
f 78/100/101 79/251/248 239/99/100
f 77/102/103 78/100/101 238/101/102
f 236/104/105 76/106/107 77/102/103
f 235/105/106 75/250/247 76/106/107
f 74/107/108 75/250/247 235/105/106
f 73/109/110 74/107/108 234/108/109
f 72/111/112 73/109/110 233/110/111
f 231/113/114 71/249/246 72/111/112
f 70/114/115 71/249/246 231/113/114
f 69/116/117 70/114/115 230/115/116
f 68/118/119 69/116/117 229/117/118
f 67/120/121 68/118/119 228/119/120
f 66/122/123 67/120/121 227/121/122
f 65/124/68 66/122/123 226/123/124
f 128/126/125 97/255/188 192/127/126
f 127/129/128 128/126/125 191/128/127
f 126/131/130 127/129/128 190/130/129
f 125/133/132 126/131/130 189/132/131
f 124/135/134 125/133/132 188/134/133
f 123/137/136 124/135/134 187/136/135
f 122/139/138 123/137/136 186/138/137
f 121/141/140 122/139/138 185/140/139
f 120/143/142 121/141/140 184/142/141
f 119/145/144 120/143/142 183/144/143
f 118/147/146 119/145/144 182/146/145
f 117/149/148 118/147/146 181/148/147
f 116/151/150 117/149/148 180/150/149
f 115/153/152 116/151/150 179/152/151
f 114/155/154 115/153/152 178/154/153
f 113/157/156 114/155/154 177/156/155
f 112/159/158 113/157/156 176/158/157
f 111/161/160 112/159/158 175/160/159
f 110/163/162 111/161/160 174/162/161
f 109/165/164 110/163/162 173/164/163
f 108/167/166 109/165/164 172/166/165
f 107/169/168 108/167/166 171/168/167
f 106/171/170 107/169/168 170/170/169
f 105/173/172 106/171/170 169/172/171
f 104/175/174 105/173/172 168/174/173
f 103/177/176 104/175/174 167/176/175
f 102/179/178 103/177/176 166/178/177
f 101/181/180 102/179/178 165/180/179
f 100/183/182 101/181/180 164/182/181
f 99/185/184 100/183/182 163/184/183
f 98/187/186 99/185/184 162/186/185
f 97/189/188 98/187/186 161/188/187
f 288/191/189 160/256/252 129/192/190
f 129/192/190 130/257/253 258/194/192
f 258/194/192 130/257/253 131/195/193
f 131/195/193 132/198/196 260/197/195
f 132/198/196 133/200/198 261/199/197
f 133/200/198 134/202/200 262/201/199
f 134/202/200 135/204/202 263/203/201
f 135/204/202 136/206/204 264/205/203
f 136/206/204 137/208/206 265/207/205
f 137/208/206 138/210/208 266/209/207
f 138/210/208 139/212/210 267/211/209
f 139/212/210 140/214/212 268/213/211
f 140/214/212 141/216/214 269/215/213
f 141/216/214 142/218/216 270/217/215
f 142/218/216 143/258/254 271/219/217
f 271/219/217 143/258/254 144/220/218
f 144/220/218 145/223/221 273/222/220
f 145/223/221 146/225/223 274/224/222
f 146/225/223 147/227/225 275/226/224
f 147/227/225 148/229/227 276/228/226
f 148/229/227 149/231/229 277/230/228
f 149/231/229 150/233/231 278/232/230
f 150/233/231 151/235/233 279/234/232
f 151/235/233 152/259/255 280/236/234
f 280/236/234 152/259/255 153/237/235
f 153/237/235 154/260/256 282/239/237
f 282/239/237 154/260/256 155/240/238
f 155/240/238 156/261/257 284/242/240
f 284/242/240 156/261/257 157/243/241
f 157/243/241 158/262/258 286/245/243
f 286/245/243 158/262/258 159/246/244
f 159/246/244 160/263/252 288/248/189
f 192/190/126 161/188/187 66/122/123
f 161/188/187 162/186/185 67/120/121
f 162/186/185 163/184/183 68/118/119
f 68/118/119 163/184/183 164/182/181
f 164/182/181 165/180/179 70/114/115
f 165/180/179 166/178/177 71/249/246
f 71/249/246 166/178/177 167/176/175
f 72/111/112 167/176/175 168/174/173
f 73/109/110 168/174/173 169/172/171
f 169/172/171 170/170/169 75/250/247
f 75/250/247 170/170/169 171/168/167
f 76/106/107 171/168/167 172/166/165
f 77/102/103 172/166/165 173/164/163
f 173/164/163 174/162/161 79/251/248
f 79/251/248 174/162/161 175/160/159
f 80/97/98 175/160/159 176/158/157
f 176/158/157 177/156/155 82/93/94
f 177/156/155 178/154/153 83/91/92
f 178/154/153 179/152/151 84/89/90
f 179/152/151 180/150/149 85/87/88
f 85/87/88 180/150/149 181/148/147
f 181/148/147 182/146/145 87/83/84
f 87/83/84 182/146/145 183/144/143
f 183/144/143 184/142/141 89/80/81
f 184/142/141 185/140/139 90/253/250
f 90/253/250 185/140/139 186/138/137
f 186/138/137 187/136/135 92/254/251
f 187/136/135 188/134/133 93/76/77
f 93/76/77 188/134/133 189/132/131
f 94/74/75 189/132/131 190/130/129
f 95/72/73 190/130/129 191/128/127
f 191/128/127 192/127/126 65/67/68
f 224/62/63 193/63/3 97/255/188
f 127/129/128 223/59/59 224/62/63
f 222/57/57 223/59/59 127/129/128
f 221/55/55 222/57/57 126/131/130
f 220/53/53 221/55/55 125/133/132
f 219/51/51 220/53/53 124/135/134
f 218/50/50 219/51/51 123/137/136
f 217/48/48 218/50/50 122/139/138
f 216/46/46 217/48/48 121/141/140
f 215/44/44 216/46/46 120/143/142
f 214/42/42 215/44/44 119/145/144
f 213/40/40 214/42/42 118/147/146
f 116/151/150 212/38/38 213/40/40
f 115/153/152 211/36/36 212/38/38
f 210/34/34 211/36/36 115/153/152
f 209/32/32 210/34/34 114/155/154
f 208/30/30 209/32/32 113/157/156
f 207/28/28 208/30/30 112/159/158
f 206/26/26 207/28/28 111/161/160
f 205/24/24 206/26/26 110/163/162
f 204/22/22 205/24/24 109/165/164
f 107/169/168 203/20/20 204/22/22
f 202/18/18 203/20/20 107/169/168
f 201/16/16 202/18/18 106/171/170
f 200/14/14 201/16/16 105/173/172
f 199/13/13 200/14/14 104/175/174
f 198/11/11 199/13/13 103/177/176
f 197/9/9 198/11/11 102/179/178
f 196/7/7 197/9/9 101/181/180
f 195/5/5 196/7/7 100/183/182
f 194/2/2 195/5/5 99/185/184
f 193/3/3 194/2/2 98/187/186
f 160/256/252 225/125/69 226/123/124
f 226/123/124 227/121/122 130/257/253
f 130/257/253 227/121/122 228/119/120
f 228/119/120 229/117/118 132/198/196
f 229/117/118 230/115/116 133/200/198
f 230/115/116 231/113/114 134/202/200
f 134/202/200 231/113/114 232/112/113
f 232/112/113 233/110/111 136/206/204
f 136/206/204 233/110/111 234/108/109
f 234/108/109 235/105/106 138/210/208
f 235/105/106 236/104/105 139/212/210
f 236/104/105 237/103/104 140/214/212
f 237/103/104 238/101/102 141/216/214
f 238/101/102 239/99/100 142/218/216
f 239/99/100 240/98/99 143/258/254
f 240/98/99 241/96/97 144/220/218
f 241/96/97 242/94/95 145/223/221
f 242/94/95 243/92/93 146/225/223
f 243/92/93 244/90/91 147/227/225
f 147/227/225 244/90/91 245/88/89
f 245/88/89 246/86/87 149/231/229
f 246/86/87 247/84/85 150/233/231
f 247/84/85 248/82/83 151/235/233
f 248/82/83 249/81/82 152/259/255
f 249/81/82 250/79/80 153/237/235
f 250/79/80 251/78/79 154/260/256
f 251/78/79 252/75/76 155/240/238
f 252/75/76 253/73/74 156/261/257
f 253/73/74 254/71/72 157/243/241
f 254/71/72 255/69/70 158/262/258
f 255/69/70 256/66/67 159/246/244
f 256/66/67 225/68/69 160/263/252
f 287/247/245 288/248/189 1/264/259
f 286/245/243 287/247/245 63/265/260
f 285/244/242 286/245/243 61/266/261
f 284/242/240 285/244/242 59/267/262
f 283/241/239 284/242/240 57/268/263
f 282/239/237 283/241/239 55/269/264
f 281/238/236 282/239/237 53/270/265
f 49/272/267 280/236/234 281/238/236
f 47/273/268 279/234/232 280/236/234
f 45/274/269 278/232/230 279/234/232
f 43/275/270 277/230/228 278/232/230
f 41/276/271 276/228/226 277/230/228
f 275/226/224 276/228/226 41/276/271
f 274/224/222 275/226/224 39/277/272
f 273/222/220 274/224/222 37/278/273
f 33/280/275 272/221/219 273/222/220
f 271/219/217 272/221/219 33/280/275
f 270/217/215 271/219/217 31/281/276
f 27/283/278 269/215/213 270/217/215
f 25/284/279 268/213/211 269/215/213
f 267/211/209 268/213/211 25/284/279
f 21/286/281 266/209/207 267/211/209
f 19/287/282 265/207/205 266/209/207
f 264/205/203 265/207/205 19/287/282
f 263/203/201 264/205/203 17/288/283
f 262/201/199 263/203/201 15/289/284
f 261/199/197 262/201/199 13/290/285
f 260/197/195 261/199/197 11/291/286
f 259/196/194 260/197/195 9/292/287
f 258/194/192 259/196/194 7/293/288
f 257/193/191 258/194/192 5/64/64
f 288/191/189 257/193/191 3/65/66
f 291/297/289 289/983/289 290/984/289
f 290/984/289 320/985/289 319/986/289
f 319/986/289 318/987/289 317/988/289
f 317/988/289 316/989/289 315/990/289
f 315/990/289 314/991/289 313/992/289
f 313/992/289 312/993/289 311/994/289
f 311/994/289 310/995/1217 309/996/289
f 309/996/289 308/997/289 307/295/289
f 307/295/289 306/998/289 305/999/289
f 305/999/289 304/1000/289 303/1001/289
f 303/1001/289 302/1002/290 301/1003/290
f 301/1003/290 300/1004/1218 299/296/290
f 299/296/290 298/1005/289 297/1006/289
f 297/1006/289 296/1007/289 295/1008/289
f 295/1008/289 294/1009/289 293/1010/289
f 293/1010/289 292/1011/290 291/297/289
f 291/297/289 290/984/289 319/986/289
f 319/986/289 317/988/289 315/990/289
f 315/990/289 313/992/289 311/994/289
f 311/994/289 309/996/289 307/295/289
f 307/295/289 305/999/289 303/1001/289
f 303/1001/289 301/1003/290 299/296/290
f 299/296/290 297/1006/289 295/1008/289
f 295/1008/289 293/1010/289 291/297/289
f 291/297/289 319/986/289 315/990/289
f 315/990/289 311/994/289 307/295/289
f 307/295/289 303/1001/289 299/296/290
f 299/296/290 295/1008/289 291/297/289
f 291/297/289 315/990/289 307/295/289
f 30/29/29 303/29/318 304/31/291
f 48/47/47 312/47/319 313/298/292
f 4/4/4 289/4/320 291/6/294
f 22/21/21 299/21/322 300/23/295
f 42/41/41 40/39/39 308/39/296
f 58/56/56 317/56/323 318/299/298
f 16/15/15 14/12/12 295/12/61
f 34/33/33 32/31/31 304/31/291
f 52/49/49 50/298/293 313/298/292
f 6/6/6 291/6/294 292/8/303
f 24/23/23 300/23/295 301/25/304
f 42/41/41 309/41/297 310/43/305
f 60/299/299 318/299/298 319/58/306
f 16/15/15 296/15/300 297/17/307
f 34/33/33 305/33/301 306/35/308
f 52/49/49 314/49/302 315/52/309
f 8/8/8 292/8/303 293/10/310
f 26/25/25 301/25/304 302/27/311
f 44/43/43 310/43/305 311/45/312
f 62/58/58 319/58/306 320/61/313
f 18/17/17 297/17/307 298/19/314
f 36/35/35 306/35/308 307/37/315
f 56/54/54 54/52/52 315/52/309
f 10/10/10 293/10/310 294/60/317
f 28/27/27 302/27/311 303/29/318
f 48/47/47 46/45/45 311/45/312
f 2/1/1 290/1/321 289/4/320
f 64/61/62 320/61/313 290/300/321
f 22/21/21 20/19/19 298/19/314
f 40/39/39 38/37/37 307/37/315
f 58/56/56 56/54/54 316/54/316
f 352/303/324 321/1012/324 322/1013/324
f 322/1013/324 323/1014/1219 324/1015/324
f 324/1015/324 325/1016/324 326/1017/324
f 326/1017/324 327/1018/1219 328/1019/324
f 328/1019/324 329/1020/324 330/1021/324
f 330/1021/324 331/1022/324 332/1023/1219
f 332/1023/1219 333/1024/1219 334/1025/1219
f 334/1025/1219 335/1026/324 336/301/324
f 336/301/324 337/1027/324 338/1028/324
f 338/1028/324 339/1029/324 340/1030/324
f 340/1030/324 341/1031/324 342/1032/324
f 342/1032/324 343/1033/324 344/302/324
f 344/302/324 345/1034/1219 346/1035/1219
f 346/1035/1219 347/1036/324 348/1037/324
f 348/1037/324 349/1038/1219 350/1039/324
f 350/1039/324 351/1040/324 352/303/324
f 352/303/324 322/1013/324 324/1015/324
f 324/1015/324 326/1017/324 328/1019/324
f 328/1019/324 330/1021/324 332/1023/1219
f 332/1023/1219 334/1025/1219 336/301/324
f 336/301/324 338/1028/324 340/1030/324
f 340/1030/324 342/1032/324 344/302/324
f 344/302/324 346/1035/1219 348/1037/324
f 348/1037/324 350/1039/324 352/303/324
f 352/303/324 324/1015/324 328/1019/324
f 328/1019/324 332/1023/1219 336/301/324
f 336/301/324 340/1030/324 344/302/324
f 344/302/324 348/1037/324 352/303/324
f 352/303/324 328/1019/324 336/301/324
f 23/285/280 332/285/332 331/286/325
f 41/276/271 341/276/333 340/277/326
f 59/267/262 350/267/334 349/268/327
f 15/289/284 328/289/335 327/290/328
f 33/280/275 337/280/336 336/281/329
f 51/271/266 346/271/337 345/272/330
f 7/293/288 324/293/338 323/64/331
f 25/284/279 333/284/339 332/285/332
f 43/275/270 342/275/340 341/276/333
f 61/266/261 351/266/341 350/267/334
f 17/288/283 329/288/342 328/289/335
f 35/279/274 338/279/343 337/280/336
f 53/270/265 347/270/344 346/271/337
f 9/292/287 325/292/345 324/293/338
f 27/283/278 334/283/346 333/284/339
f 45/274/269 343/274/347 342/275/340
f 63/265/260 352/265/349 351/266/341
f 19/287/282 330/287/350 329/288/342
f 37/278/273 339/278/351 338/279/343
f 55/269/264 348/269/352 347/270/344
f 11/291/286 326/291/353 325/292/345
f 29/282/277 335/282/354 334/283/346
f 47/273/268 344/273/355 343/274/347
f 3/65/66 322/65/65 321/294/348
f 1/264/259 321/264/348 352/265/349
f 21/286/281 331/286/325 330/287/350
f 39/277/272 340/277/326 339/278/351
f 57/268/263 349/268/327 348/269/352
f 13/290/285 327/290/328 326/291/353
f 31/281/276 336/281/329 335/282/354
f 49/272/267 345/272/330 344/273/355
f 354/304/356 356/1041/356 384/305/357
f 371/307/348 360/310/348 385/308/348
f 360/310/358 358/350/358 386/311/359
f 378/312/336 354/1042/336 383/313/336
f 359/315/360 357/395/360 372/316/361
f 356/318/362 354/1043/362 378/319/362
f 379/321/336 361/389/336 413/322/336
f 363/324/363 364/388/363 416/325/364
f 373/327/348 363/324/348 415/326/348
f 361/329/365 362/387/365 414/330/366
f 421/332/348 382/355/348 370/333/348
f 419/335/336 376/351/336 369/336/336
f 366/338/367 368/356/367 375/339/367
f 365/341/368 367/352/368 381/342/369
f 375/344/336 368/1044/336 387/345/336
f 380/347/348 366/1045/348 388/348/348
f 386/311/336 358/350/336 375/344/336
f 371/340/370 375/339/370 358/350/370
f 416/325/336 364/388/336 376/351/336
f 370/333/348 373/327/348 420/328/348
f 374/317/361 372/316/361 367/352/368
f 388/348/348 366/1045/348 371/307/348
f 384/305/348 356/1041/348 380/347/348
f 377/343/369 381/342/369 353/353/371
f 414/330/348 362/387/348 382/355/348
f 369/336/336 379/321/336 422/323/336
f 380/320/372 378/319/372 368/356/372
f 387/345/336 368/1044/336 378/312/336
f 387/345/336 392/314/336 411/357/336
f 403/359/348 384/305/348 391/349/348
f 388/348/348 390/309/348 409/361/348
f 405/363/336 386/311/336 389/346/336
f 410/360/348 391/349/348 388/348/348
f 408/364/336 389/346/336 387/345/336
f 392/314/336 383/313/336 412/365/336
f 385/308/359 386/311/359 405/363/373
f 390/309/348 385/308/348 404/366/348
f 383/306/357 384/305/357 403/359/374
f 398/368/336 402/385/336 431/369/336
f 423/371/348 393/390/348 401/372/348
f 426/374/348 397/380/348 400/375/348
f 425/377/336 395/391/336 399/378/336
f 399/378/336 398/368/336 427/370/336
f 430/373/348 401/372/348 397/380/348
f 396/381/375 393/390/375 423/371/376
f 400/375/348 394/384/348 424/383/348
f 394/384/377 395/391/377 425/377/378
f 402/385/336 396/392/336 432/386/336
f 412/367/374 403/359/374 362/387/365
f 409/361/348 404/366/348 363/324/348
f 404/366/373 405/363/373 364/388/363
f 411/357/336 412/365/336 361/389/336
f 376/351/336 408/364/336 406/358/336
f 382/355/348 410/360/348 407/362/348
f 364/388/336 405/363/336 408/364/336
f 407/362/348 409/361/348 373/327/348
f 362/387/348 403/359/348 410/360/348
f 406/358/336 411/357/336 379/321/336
f 418/337/336 422/323/336 402/385/336
f 393/390/348 414/330/348 421/332/348
f 417/334/348 420/328/348 400/375/348
f 395/391/336 416/325/336 419/335/336
f 399/378/336 419/335/336 418/337/336
f 401/372/348 421/332/348 417/334/348
f 413/331/366 414/330/366 393/390/375
f 420/328/348 415/326/348 394/384/348
f 415/326/364 416/325/364 395/391/377
f 422/323/336 413/322/336 396/392/336
f 431/369/336 432/386/336 353/393/336
f 424/383/378 425/377/378 357/395/378
f 429/376/348 424/383/348 359/315/348
f 432/382/376 423/371/376 355/397/376
f 430/373/348 426/374/348 365/399/348
f 428/379/336 427/370/336 367/401/336
f 357/395/336 425/377/336 428/379/336
f 426/374/348 429/376/348 374/396/348
f 355/397/348 423/371/348 430/373/348
f 427/370/336 431/369/336 381/394/336
f 459/403/379 498/468/440 499/404/380
f 505/406/382 504/487/461 517/407/383
f 491/409/385 433/551/393 436/410/386
f 490/412/388 489/432/404 434/413/389
f 491/409/391 437/411/392 438/415/392
f 490/417/388 435/1046/390 436/418/386
f 500/420/394 499/404/380 512/421/395
f 436/410/386 442/1047/402 443/423/397
f 434/413/389 440/495/467 441/424/398
f 834/425/399 840/859/1014 852/426/400
f 436/418/386 435/1046/390 441/428/398
f 484/430/403 504/558/461 505/431/382
f 443/423/397 442/1047/402 444/433/405
f 494/437/409 523/447/420 522/435/407
f 522/435/407 440/574/467 493/436/408
f 836/439/411 438/415/392 437/411/392
f 437/411/392 443/423/1181 837/438/410
f 643/440/412 549/671/668 547/441/413
f 434/413/389 489/432/404 505/431/382
f 496/443/416 509/517/487 510/444/417
f 495/448/421 532/584/532 531/446/419
f 531/446/419 520/1048/1220 523/447/420
f 523/447/420 494/437/409 495/448/421
f 849/451/424 839/835/1221 842/449/422
f 842/449/422 448/461/977 825/450/423
f 825/450/423 850/858/1222 849/451/424
f 637/452/425 642/587/547 543/453/426
f 478/457/430 475/520/489 559/455/428
f 559/455/428 558/1049/1223 567/456/429
f 567/456/429 570/554/519 478/457/430
f 494/437/409 493/436/408 506/458/431
f 444/433/405 446/471/443 447/460/433
f 448/461/434 447/460/434 452/462/435
f 546/464/436 816/771/895 806/465/437
f 454/467/439 497/445/418 498/468/440
f 500/420/394 513/422/396 514/469/441
f 446/471/443 451/478/447 452/462/444
f 496/443/416 449/480/455 533/472/445
f 533/472/445 532/584/532 495/448/421
f 452/462/435 457/479/446 458/473/446
f 451/474/447 450/481/456 455/475/448
f 634/440/450 639/440/537 546/464/451
f 497/445/418 510/444/417 511/477/453
f 451/478/447 456/1050/449 457/479/454
f 449/480/455 454/467/439 455/475/448
f 457/479/446 462/490/457 463/482/457
f 455/475/448 460/491/464 461/483/458
f 446/486/443 444/573/405 527/484/459
f 527/484/459 526/1051/1224 535/485/460
f 535/485/460 538/550/517 446/486/443
f 504/487/461 503/532/499 516/488/462
f 457/479/454 456/1050/449 461/489/458
f 454/467/439 459/403/379 460/491/464
f 462/490/457 467/497/465 468/492/465
f 460/491/464 465/498/470 466/493/466
f 434/413/389 469/442/415 493/494/408
f 494/437/409 507/459/432 508/496/468
f 461/489/458 466/505/466 467/497/469
f 459/403/379 464/405/381 465/498/470
f 465/498/470 471/507/478 472/499/471
f 750/500/472 578/615/572 573/501/473
f 501/470/442 514/469/441 515/503/475
f 466/505/466 472/510/471 473/506/477
f 464/405/381 470/509/480 471/507/478
f 467/497/465 473/506/479 474/508/479
f 470/509/480 464/405/381 499/404/380
f 498/468/440 511/477/453 512/421/395
f 472/510/471 475/1052/489 476/511/481
f 501/470/442 555/572/522 554/512/482
f 554/512/482 470/509/480 500/420/394
f 473/506/479 476/511/483 477/513/483
f 748/514/484 581/759/808 579/515/485
f 496/443/416 495/448/421 508/496/468
f 476/511/481 475/1052/489 478/518/430
f 475/520/489 472/499/471 471/507/478
f 471/507/478 560/578/526 559/455/428
f 864/521/490 870/871/1040 885/522/491
f 742/524/493 747/608/564 575/525/494
f 449/480/455 496/443/416 497/445/418
f 478/518/430 482/539/508 483/530/497
f 503/532/499 480/1053/510 565/531/498
f 565/531/498 564/602/557 502/504/476
f 866/534/501 477/513/483 476/511/483
f 476/511/483 479/519/1049 867/533/500
f 575/525/502 759/765/827 767/535/503
f 503/532/499 502/504/476 515/503/475
f 865/536/505 882/847/1045 889/537/506
f 482/539/508 486/1054/516 487/540/509
f 480/541/510 484/430/403 485/542/511
f 879/546/515 869/838/1225 872/544/513
f 872/544/513 488/552/969 832/545/514
f 832/545/514 880/841/1036 879/546/515
f 481/547/512 485/553/511 486/548/516
f 451/474/447 446/486/443 538/550/517
f 538/550/517 537/586/534 450/481/456
f 487/540/509 486/1054/516 433/551/393
f 485/542/511 484/430/403 489/432/404
f 487/540/518 491/409/391 492/416/391
f 485/553/511 490/417/388 433/419/393
f 482/549/508 478/457/430 570/554/519
f 570/554/519 569/604/559 481/547/512
f 505/406/382 518/408/384 439/555/520
f 484/430/403 480/541/510 503/557/499
f 469/556/415 439/555/520 506/458/431
f 502/504/476 564/602/557 563/571/521
f 563/571/521 552/1055/1226 555/572/522
f 555/572/522 501/470/442 502/504/476
f 444/573/405 442/429/402 441/428/398
f 441/428/398 528/576/524 527/484/459
f 528/576/524 441/428/398 440/574/467
f 440/574/467 522/435/407 521/575/523
f 521/575/523 525/1056/684 528/576/524
f 560/578/526 471/507/478 470/509/480
f 470/509/480 554/512/482 553/577/525
f 553/577/525 557/1057/783 560/578/526
f 450/481/456 537/586/534 536/579/527
f 536/579/527 530/1058/690 533/472/445
f 533/472/445 449/480/455 450/481/456
f 481/547/512 569/604/559 568/580/528
f 568/580/528 562/1059/786 565/531/498
f 565/531/498 480/1053/510 481/547/512
f 523/447/420 520/1048/1220 524/581/529
f 524/581/529 521/575/523 522/435/407
f 528/576/524 525/1056/684 529/582/530
f 529/582/530 526/1051/1224 527/484/459
f 533/472/445 530/1058/690 534/583/531
f 534/583/531 531/446/419 532/584/532
f 538/550/517 535/485/460 539/585/533
f 539/585/533 536/579/527 537/586/534
f 547/441/413 548/801/535 638/587/535
f 638/587/536 548/801/536 546/464/451
f 521/588/523 524/1060/538 663/589/538
f 663/589/540 524/1060/540 520/591/541
f 544/441/543 545/671/544 641/593/544
f 641/593/546 545/671/546 543/453/426
f 536/594/527 539/1061/548 666/595/548
f 666/595/550 539/1061/550 535/597/551
f 635/587/545 640/440/1227 540/466/553
f 555/572/522 552/1055/1226 556/599/554
f 556/599/554 553/577/525 554/512/482
f 560/578/526 557/1057/783 561/600/555
f 561/600/555 558/1049/1223 559/455/428
f 565/531/498 562/1059/786 566/601/556
f 566/601/556 563/571/521 564/602/557
f 570/554/519 567/456/429 571/603/558
f 571/603/558 568/580/528 569/604/559
f 576/605/560 577/764/561 746/606/561
f 746/606/563 577/764/563 575/525/494
f 568/609/528 571/1062/565 711/610/565
f 711/610/567 571/1062/567 567/612/568
f 579/515/485 580/766/570 749/614/570
f 749/614/571 580/766/571 578/615/572
f 553/616/525 556/1063/573 714/617/573
f 714/617/575 556/1063/575 552/619/576
f 740/607/562 751/731/1228 572/621/578
f 652/622/579 587/633/596 590/623/580
f 630/625/582 594/674/681 595/626/583
f 593/627/585 594/674/680 630/625/586
f 591/627/588 592/669/665 654/629/589
f 647/624/581 590/623/580 591/627/591
f 627/628/593 588/673/679 589/631/594
f 587/633/596 588/673/678 627/628/597
f 585/635/599 586/640/606 651/636/600
f 644/638/602 584/642/608 585/635/603
f 646/639/605 651/636/600 586/640/606
f 654/629/589 592/669/665 595/626/583
f 644/638/602 655/666/661 593/627/585
f 640/440/609 604/649/666 597/643/610
f 597/643/612 598/648/634 634/440/613
f 643/440/615 607/649/636 600/644/616
f 600/644/618 601/649/635 637/452/619
f 622/634/598 604/649/666 599/644/621
f 605/646/623 606/672/674 624/645/624
f 629/645/622 599/644/621 605/646/626
f 602/644/628 603/649/676 621/647/629
f 626/634/631 596/650/637 602/644/632
f 621/647/629 603/649/676 598/648/634
f 624/645/624 606/672/674 601/649/635
f 626/634/631 625/628/587 607/649/636
f 662/651/638 661/596/695 613/652/639
f 660/654/641 612/675/682 619/655/642
f 664/592/644 657/660/650 609/656/645
f 662/651/638 614/653/640 608/658/647
f 608/658/649 609/656/645 657/660/650
f 665/661/652 617/664/658 611/662/653
f 611/662/655 612/675/682 660/654/641
f 658/590/657 610/668/663 617/664/658
f 648/665/659 618/682/694 619/655/642
f 613/652/639 618/682/696 648/665/660
f 645/667/662 615/683/697 616/657/646
f 610/668/663 615/683/698 645/667/664
f 584/642/608 593/627/585 625/628/587
f 592/669/665 624/645/624 631/625/584
f 586/640/606 621/647/629 628/632/595
f 584/642/608 626/634/631 620/628/633
f 620/628/630 621/647/629 586/640/606
f 590/623/580 629/645/622 623/625/627
f 623/625/625 624/645/624 592/669/665
f 587/633/596 622/634/598 629/645/622
f 622/634/598 627/628/597 597/643/610
f 597/643/612 627/628/593 628/632/595
f 625/628/587 630/625/586 600/644/616
f 600/644/618 630/625/582 631/625/584
f 636/440/667 637/452/425 550/454/427
f 549/671/668 643/440/412 636/440/669
f 633/587/670 634/440/450 541/466/452
f 540/466/553 640/440/1227 633/587/671
f 599/644/621 604/649/666 640/440/609
f 605/646/623 641/593/1229 642/587/673
f 635/587/672 641/593/1230 605/646/626
f 602/644/628 638/587/1231 639/440/675
f 632/440/677 638/587/1232 602/644/632
f 598/648/634 603/649/676 639/440/675
f 601/649/635 606/672/674 642/587/673
f 607/649/636 643/440/615 632/440/677
f 652/622/579 645/667/664 588/673/678
f 588/673/679 645/667/662 646/639/605
f 655/666/661 648/665/660 594/674/680
f 594/674/681 648/665/659 649/641/607
f 614/653/640 613/652/639 655/666/661
f 612/675/682 654/629/589 649/641/607
f 616/657/646 609/656/645 651/636/600
f 614/653/640 644/638/602 650/637/604
f 650/637/601 651/636/600 609/656/645
f 617/664/658 647/624/581 653/630/592
f 653/630/590 654/629/589 612/675/682
f 610/668/663 652/622/579 647/624/581
f 521/588/523 658/590/539 665/661/683
f 659/663/685 660/654/1233 526/677/686
f 525/676/684 665/661/683 659/663/687
f 656/659/688 657/660/692 531/679/689
f 530/681/690 662/651/693 656/659/691
f 520/591/541 531/679/689 657/660/692
f 526/677/686 660/654/1233 667/598/552
f 530/681/690 536/594/527 661/596/549
f 618/682/694 666/595/1234 667/598/643
f 661/596/695 666/595/1235 618/682/696
f 615/683/697 663/589/1236 664/592/644
f 658/590/657 663/589/1237 615/683/698
f 727/684/699 677/751/797 668/685/700
f 678/687/702 679/708/731 739/688/703
f 733/690/705 677/751/797 678/687/706
f 675/691/708 676/707/730 726/692/709
f 719/694/711 674/705/728 675/691/712
f 672/695/714 673/702/725 736/696/715
f 730/698/717 671/704/727 672/695/718
f 669/699/720 670/754/800 723/700/721
f 716/686/701 668/685/700 669/699/723
f 723/700/721 670/754/800 673/702/725
f 719/694/711 724/725/757 671/704/727
f 721/706/729 726/692/709 676/707/730
f 708/709/732 684/752/798 691/710/733
f 713/711/735 706/611/795 682/712/736
f 705/714/738 681/753/799 688/715/739
f 710/716/741 686/721/751 680/717/742
f 680/717/744 681/753/799 705/714/738
f 713/711/735 689/713/737 683/719/746
f 683/719/748 684/752/798 708/709/732
f 709/618/750 685/723/753 686/721/751
f 720/722/752 690/749/792 691/710/733
f 685/723/753 690/749/793 720/722/754
f 717/724/755 687/750/794 688/715/739
f 682/712/736 687/750/796 717/724/756
f 700/726/758 693/755/801 741/727/759
f 741/727/761 693/755/802 694/728/762
f 703/729/764 696/756/803 744/730/765
f 744/730/767 696/756/804 697/732/768
f 734/733/770 733/690/705 703/729/764
f 731/735/772 701/760/812 702/736/773
f 695/738/775 701/760/814 731/735/776
f 728/740/778 698/761/816 699/741/779
f 692/734/771 698/761/818 728/740/781
f 736/696/715 729/742/780 699/741/779
f 730/698/717 700/726/758 695/738/775
f 732/737/774 702/736/773 697/732/768
f 553/616/525 709/618/574 710/716/782
f 707/720/784 708/709/1238 563/744/785
f 562/746/786 713/711/791 707/720/787
f 704/718/788 705/714/1239 558/747/789
f 557/743/783 710/716/782 704/718/790
f 558/747/789 705/714/1239 712/613/569
f 562/746/786 568/609/528 706/611/566
f 563/744/785 708/709/1238 715/620/577
f 690/749/792 714/617/1240 715/620/734
f 709/618/750 714/617/1241 690/749/793
f 687/750/794 711/610/1242 712/613/740
f 706/611/795 711/610/1243 687/750/796
f 724/725/757 717/724/756 672/695/718
f 672/695/714 717/724/755 718/703/726
f 727/684/699 720/722/754 678/687/706
f 678/687/702 720/722/752 721/706/729
f 684/752/798 726/692/709 721/706/729
f 689/713/737 682/712/736 724/725/757
f 688/715/739 681/753/799 723/700/721
f 686/721/751 716/686/701 722/701/724
f 722/701/722 723/700/721 681/753/799
f 689/713/737 719/694/711 725/693/713
f 725/693/710 726/692/709 684/752/798
f 685/723/753 727/684/699 716/686/701
f 676/707/730 732/737/774 739/688/703
f 671/704/727 730/698/717 737/739/777
f 673/702/725 670/754/800 729/742/780
f 734/733/770 728/740/781 669/699/723
f 669/699/720 728/740/778 729/742/780
f 737/739/777 731/735/776 675/691/712
f 675/691/708 731/735/772 732/737/774
f 668/685/700 677/751/797 733/690/705
f 700/726/758 730/698/717 735/697/719
f 735/697/716 736/696/715 694/728/762
f 703/729/764 733/690/705 738/689/707
f 738/689/704 739/688/703 697/732/768
f 744/730/805 745/502/474 573/501/473
f 572/621/578 751/731/1228 744/730/806
f 741/727/807 742/524/493 582/526/495
f 581/759/808 748/514/484 741/727/809
f 703/729/764 751/731/766 740/607/810
f 749/614/811 750/500/1244 702/736/773
f 695/738/775 743/516/819 749/614/813
f 746/606/815 747/608/1245 699/741/779
f 692/734/771 740/607/810 746/606/817
f 699/741/779 747/608/1245 742/524/763
f 695/738/775 700/726/758 748/514/760
f 702/736/773 750/500/1244 745/502/769
f 572/621/820 783/776/845 752/762/821
f 583/758/823 761/775/862 765/763/824
f 577/764/826 756/783/857 759/765/827
f 580/766/828 774/777/873 777/767/829
f 768/770/833 758/798/885 755/778/849
f 755/778/849 753/780/851 782/768/831
f 782/768/831 780/792/874 786/796/879
f 786/796/879 776/797/883 773/769/832
f 773/769/832 771/789/867 764/799/887
f 764/799/887 762/784/858 768/770/833
f 768/770/833 755/778/849 782/768/831
f 782/768/831 786/796/879 773/769/832
f 773/769/832 764/799/887 768/770/833
f 549/671/834 792/800/900 822/771/835
f 579/515/837 581/759/825 765/763/824
f 574/757/839 573/501/848 785/773/840
f 582/526/504 767/535/503 761/775/842
f 572/621/820 574/757/1246 779/774/844
f 579/515/837 770/772/838 774/777/846
f 578/615/830 777/767/829 785/773/840
f 755/778/849 757/781/855 754/779/850
f 757/781/852 756/783/890 752/762/821
f 755/778/849 758/798/885 760/782/854
f 757/781/856 760/782/886 759/765/827
f 762/784/858 764/799/887 766/785/859
f 763/786/861 766/785/888 765/763/824
f 762/784/858 763/786/860 769/787/863
f 763/786/864 761/775/842 767/535/503
f 773/769/832 775/790/871 772/788/866
f 775/790/868 774/777/846 770/772/838
f 773/769/832 776/797/883 778/791/870
f 775/790/872 778/791/884 777/767/829
f 780/792/874 782/768/831 784/793/875
f 781/794/877 784/793/882 783/776/845
f 780/792/874 781/794/876 787/795/878
f 781/794/880 779/774/841 785/773/840
f 753/780/851 754/779/850 784/793/875
f 754/779/853 752/762/821 783/776/845
f 786/796/879 787/795/878 778/791/870
f 787/795/881 785/773/840 777/767/829
f 768/770/833 769/787/863 760/782/854
f 760/782/886 769/787/865 767/535/503
f 764/799/887 771/789/867 772/788/866
f 766/785/888 772/788/869 770/772/838
f 577/764/889 576/605/822 752/762/821
f 545/671/891 801/800/955 798/800/892
f 548/801/894 819/802/942 816/771/895
f 542/441/896 813/771/952 810/465/897
f 551/670/899 794/804/935 792/800/900
f 545/671/901 544/441/911 804/771/902
f 548/801/904 547/441/836 822/771/835
f 551/670/906 550/454/956 789/803/907
f 542/441/909 541/466/438 806/465/437
f 544/441/911 540/466/898 810/465/897
f 788/807/914 797/809/916 800/811/923
f 800/811/923 803/806/919 809/805/912
f 809/805/912 812/813/926 807/815/928
f 807/815/928 815/815/943 818/806/913
f 818/806/913 821/820/947 791/817/936
f 791/817/936 795/816/931 788/807/914
f 788/807/914 800/811/923 809/805/912
f 809/805/912 807/815/928 818/806/913
f 818/806/913 791/817/936 788/807/914
f 788/807/914 790/805/945 799/808/915
f 790/805/917 789/803/907 798/800/892
f 803/806/919 805/810/924 811/810/920
f 805/810/921 804/771/902 810/465/897
f 800/811/923 802/812/953 805/810/924
f 802/812/925 801/800/903 804/771/902
f 812/813/926 814/814/950 808/814/927
f 814/814/929 813/771/910 806/465/437
f 795/816/931 791/817/936 793/813/932
f 796/815/934 793/813/938 792/800/900
f 791/817/936 821/820/947 823/818/937
f 793/813/938 823/818/949 822/771/835
f 818/806/913 815/815/943 817/804/939
f 820/819/941 817/804/944 816/771/895
f 807/815/928 808/814/927 817/804/939
f 817/804/944 808/814/930 806/465/437
f 795/816/931 796/815/933 790/805/945
f 796/815/946 794/804/908 789/803/907
f 818/806/913 820/819/940 823/818/937
f 820/819/948 819/802/905 822/771/835
f 812/813/926 809/805/912 811/810/920
f 814/814/951 811/810/922 810/465/897
f 800/811/923 797/809/916 799/808/915
f 802/812/954 799/808/918 798/800/892
f 543/453/893 798/800/892 789/803/907
f 848/821/957 845/856/1021 861/822/958
f 468/492/960 829/836/981 828/824/961
f 835/825/963 855/860/1015 862/826/964
f 492/416/966 438/415/1247 824/828/967
f 492/416/966 833/829/968 832/545/514
f 488/552/518 872/544/1248 871/830/970
f 871/830/970 483/530/1050 487/540/518
f 474/508/971 477/513/1249 831/831/972
f 458/473/974 827/837/982 826/833/975
f 453/463/976 826/833/975 825/450/423
f 849/451/978 858/862/1022 853/834/979
f 474/508/971 830/832/973 829/836/981
f 463/482/962 828/824/961 827/837/982
f 869/838/983 879/546/1039 891/839/984
f 833/829/968 824/828/967 846/855/1250
f 846/855/1250 845/856/1251 848/821/1252
f 850/858/1253 825/450/423 826/833/975
f 846/855/1250 848/821/1252 850/858/1253
f 832/545/514 833/829/968 846/855/1250
f 875/848/1254 878/850/1255 880/841/986
f 880/841/986 832/545/514 846/855/1250
f 846/855/1250 850/858/1253 826/833/975
f 826/833/975 827/837/982 828/824/961
f 828/824/961 829/836/981 830/832/973
f 830/832/973 831/831/972 876/842/991
f 876/842/991 875/848/1254 880/841/986
f 880/841/986 846/855/1250 826/833/975
f 826/833/975 828/824/961 830/832/973
f 830/832/973 876/842/991 880/841/986
f 824/828/967 438/415/1247 836/439/987
f 836/439/987 835/825/1256 844/827/988
f 844/827/988 846/855/1250 824/828/967
f 831/831/972 477/513/1249 866/534/989
f 866/534/989 865/536/1257 874/538/990
f 876/842/991 831/831/972 866/534/989
f 854/843/992 898/885/1104 901/844/993
f 884/845/995 952/900/1161 955/846/996
f 875/848/998 888/873/1046 892/849/999
f 448/461/434 842/449/1004 841/851/1001
f 841/851/1001 445/434/1180 447/460/434
f 837/438/410 834/425/1258 838/852/1002
f 838/852/1002 835/825/1259 836/439/411
f 842/449/1004 839/835/1260 843/853/1003
f 843/853/1003 840/859/1261 841/851/1001
f 853/834/979 854/843/1262 843/853/1013
f 843/853/1013 854/843/1262 852/426/400
f 855/860/1015 835/825/963 838/852/1016
f 838/852/1018 834/425/399 856/427/401
f 862/826/964 863/884/1063 847/854/1019
f 847/854/1020 863/884/1263 861/822/958
f 858/862/1022 849/451/978 851/857/1023
f 851/857/1025 848/821/957 859/823/959
f 841/851/1001 840/859/1264 834/425/1027
f 867/533/500 864/521/1265 868/864/1028
f 868/864/1028 865/536/1266 866/534/501
f 872/544/1031 869/838/1267 873/865/1029
f 873/865/1029 870/871/1268 871/830/1030
f 892/849/999 893/946/1037 881/870/1037
f 881/870/1038 893/946/1038 891/839/984
f 870/871/1040 873/865/1041 887/872/1041
f 873/865/1042 869/838/983 886/840/985
f 883/523/492 884/845/1269 868/864/1044
f 868/864/1044 884/845/1269 882/847/1045
f 888/873/1046 875/848/998 877/866/1047
f 890/874/1048 877/866/1047 874/538/507
f 871/830/970 867/533/500 479/519/1049
f 858/862/1022 925/881/1060 894/875/1051
f 862/826/964 855/860/1064 907/876/1053
f 860/863/1026 859/823/959 927/878/1055
f 856/427/1057 909/882/1061 903/880/1058
f 860/863/1024 921/879/1125 925/881/1060
f 861/822/958 919/886/1069 927/878/1055
f 856/427/1057 852/426/994 901/844/993
f 862/826/964 912/877/1054 916/883/1062
f 855/860/1064 857/861/1270 903/880/1065
f 854/843/1066 853/834/1052 894/875/1051
f 861/822/958 863/884/1263 916/883/1068
f 888/873/1070 961/899/1091 930/887/1071
f 964/942/1168 954/944/1173 951/888/1073
f 951/888/1073 949/935/1155 942/943/1171
f 942/943/1171 940/929/1145 946/933/1151
f 946/933/1151 936/945/1175 933/925/1138
f 946/933/1151 933/925/1138 931/889/1074
f 951/888/1073 942/943/1171 946/933/1151
f 958/938/1162 964/942/1168 951/888/1073
f 960/890/1075 958/938/1162 951/888/1073
f 951/888/1073 946/933/1151 931/889/1074
f 883/523/1076 885/522/1095 943/891/1077
f 889/537/1079 963/898/1088 957/893/1080
f 887/872/1082 886/840/1089 945/894/1083
f 891/839/1085 893/946/1271 934/896/1086
f 889/537/1079 882/847/997 955/846/996
f 891/839/1085 937/897/1087 945/894/1083
f 890/874/1090 957/893/1166 961/899/1091
f 883/523/1076 948/892/1078 952/900/1092
f 887/872/1094 939/895/1149 943/891/1077
f 897/901/1096 899/904/1102 896/902/1097
f 899/904/1099 898/885/1067 894/875/1051
f 897/901/1096 900/921/1130 902/905/1101
f 899/904/1103 902/905/1131 901/844/993
f 904/906/1105 906/922/1132 908/907/1106
f 905/908/1108 908/907/1133 907/876/1053
f 904/906/1105 905/908/1107 911/909/1109
f 905/908/1111 903/880/1058 909/882/1061
f 915/911/1113 917/914/1119 914/912/1114
f 917/914/1116 916/883/1062 912/877/1054
f 915/911/1113 918/924/1136 920/915/1118
f 917/914/1120 920/915/1137 919/886/1069
f 922/916/1121 924/923/1134 926/917/1122
f 923/918/1124 926/917/1135 925/881/1060
f 922/916/1121 923/918/1123 929/919/1126
f 923/918/1128 921/879/1056 927/878/1055
f 910/910/1110 911/909/1109 902/905/1101
f 902/905/1131 911/909/1112 909/882/1061
f 906/922/1132 913/913/1115 914/912/1114
f 908/907/1133 914/912/1117 912/877/1054
f 895/903/1098 896/902/1097 926/917/1122
f 896/902/1100 894/875/1051 925/881/1060
f 918/924/1136 928/920/1127 929/919/1126
f 920/915/1137 929/919/1129 927/878/1055
f 913/913/1115 906/922/1132 904/906/1105
f 904/906/1105 910/910/1110 900/921/1130
f 900/921/1130 897/901/1096 895/903/1098
f 895/903/1098 924/923/1134 922/916/1121
f 922/916/1121 928/920/1127 918/924/1136
f 918/924/1136 915/911/1113 913/913/1115
f 913/913/1115 904/906/1105 900/921/1130
f 900/921/1130 895/903/1098 922/916/1121
f 922/916/1121 918/924/1136 913/913/1115
f 933/925/1138 935/927/1143 932/926/1139
f 935/927/1140 934/896/1178 930/887/1071
f 933/925/1138 936/945/1175 938/928/1142
f 935/927/1144 938/928/1176 937/897/1087
f 940/929/1145 942/943/1171 944/930/1146
f 941/931/1148 944/930/1172 943/891/1077
f 940/929/1145 941/931/1147 947/932/1150
f 941/931/1152 939/895/1084 945/894/1083
f 951/888/1073 953/936/1159 950/934/1154
f 953/936/1156 952/900/1092 948/892/1078
f 951/888/1073 954/944/1173 956/937/1158
f 953/936/1160 956/937/1174 955/846/996
f 958/938/1162 960/890/1075 962/939/1163
f 959/940/1165 962/939/1177 961/899/1091
f 958/938/1162 959/940/1164 965/941/1167
f 959/940/1169 957/893/1080 963/898/1088
f 949/935/1155 950/934/1154 944/930/1146
f 950/934/1157 948/892/1078 943/891/1077
f 954/944/1173 964/942/1168 965/941/1167
f 956/937/1174 965/941/1170 963/898/1088
f 946/933/1151 947/932/1150 938/928/1142
f 947/932/1153 945/894/1083 937/897/1087
f 960/890/1075 931/889/1074 932/926/1139
f 962/939/1177 932/926/1141 930/887/1071
f 892/849/1072 930/887/1071 934/896/1178
f 445/434/1180 841/851/1001 837/438/410
f 871/830/1182 870/871/1272 864/521/1183
f 990/947/1185 966/1064/1185 967/948/1185
f 967/948/1186 968/1065/1186 992/950/1186
f 992/950/1187 968/1065/1187 969/951/1187
f 969/951/1188 970/1066/1188 994/953/1188
f 994/953/1189 970/1066/1189 971/954/1189
f 971/954/1190 972/957/1190 996/956/1190
f 972/957/1191 973/959/1191 997/958/1191
f 973/959/1192 974/1067/1192 998/960/1192
f 998/960/1193 974/1067/1193 975/961/1193
f 999/962/1194 975/961/1194 976/963/1194
f 1000/964/1195 976/963/1195 977/965/1195
f 977/965/1196 978/968/1196 1002/967/1196
f 978/968/1197 979/970/1197 1003/969/1197
f 979/970/1198 980/972/1198 1004/971/1198
f 980/972/1199 981/974/1199 1005/973/1199
f 981/974/1200 966/1064/1200 990/947/1200
