{
    "ButtonBUI": {
        "position": [
            0.30000001192092896,
            0.30000001192092896,
            0.0
        ],
        "scale": [
            0.25,
            0.25,
            1.0
        ]
    }
}
