{
    "ControllerConnectAlert": {
        "position": [
            0.0,
            0.0,
            0.0
        ],
        "scale": [
            0.33000001311302185,
            0.026000000536441803,
            1.0
        ]
    }
}
