{
    "DefeatedEnemy": {
        "position": [
            4.199999809265137,
            -1.100000023841858,
            17.5
        ],
        "rotate": [
            0.0,
            0.0,
            0.0
        ],
        "scale": [
            1.0,
            1.0,
            1.0
        ]
    }
}
