{
    "DemoObject": {
        "color": [
            0.7772511839866638,
            0.2541721761226654,
            0.2541721761226654,
            0.7535545229911804
        ],
        "id": 49,
        "isAlive": true,
        "position": [
            4.099999904632568,
            8.899999618530273,
            4.5
        ],
        "size": [
            10.399999618530273,
            -7.0
        ],
        "speed": -3.0
    }
}
