{
    "EnemyHPFrame": {
        "position": [
            0.0,
            -1.7200000286102295,
            0.5
        ],
        "rotate": [
            0.0,
            0.0,
            0.0
        ],
        "scale": [
            4.300000190734863,
            0.11999999731779099,
            1.0
        ]
    }
}
