{
    "EnemyNameRenderer": {
        "position": [
            -1.5,
            -1.5399999618530273,
            0.0
        ],
        "rotate": [
            0.0,
            0.0,
            0.0
        ],
        "scale": [
            1.0,
            0.20000000298023224,
            1.0
        ]
    }
}
