{
    "EnemyHPRenderer": {
        "position": [
            -2.0,
            -1.7000000476837158,
            0.0
        ],
        "rotate": [
            0.0,
            0.0,
            0.0
        ],
        "scale": [
            4.0,
            0.07999999821186066,
            1.0
        ],
        "uvAnchor": [
            0.0,
            0.5
        ]
    }
}
