{
    "EnemyHPRenderer": {
        "position": [
            -2.0,
            -1.7100000381469727,
            0.0
        ],
        "rotate": [
            0.0,
            0.0,
            0.0
        ],
        "scale": [
            4.0,
            0.10000000149011612,
            1.0
        ],
        "uvAnchor": [
            0.0,
            0.5
        ]
    }
}
