{
    "EnemyHPRenderer": {
        "position": [
            3.9000000953674316,
            -2.0,
            0.0
        ],
        "rotate": [
            0.0,
            3.140000104904175,
            3.140000104904175
        ],
        "scale": [
            -3.200000047683716,
            0.20000000298023224,
            1.0
        ],
        "uvAnchor": [
            0.0,
            0.5
        ]
    }
}
