{
    "EnemyHPFrame": {
        "position": [
            0.0,
            -1.7000000476837158,
            0.5
        ],
        "rotate": [
            0.0,
            0.0,
            0.0
        ],
        "scale": [
            4.099999904632568,
            0.11999999731779099,
            1.0
        ]
    }
}
