{
    "GameOverToRestartText": {
        "position": [
            -0.15000000596046448,
            -0.10000000149011612,
            0.0
        ],
        "scale": [
            0.20000000298023224,
            0.05000000074505806,
            1.0
        ]
    }
}
