{
    "GameStartEffect": {
        "maxEffectTime": 7.599999904632568,
        "seTriggerTime": 2.299999952316284
    }
}
