{
    "GameOverMenuSelector": {
        "position": [
            0.0,
            0.0,
            0.0
        ],
        "scale": [
            0.30000001192092896,
            0.07500000298023224,
            1.0
        ]
    }
}
