{
    "InputUI": {
        "position": [
            -3.4000000953674316,
            1.100000023841858,
            0.0
        ],
        "scale": [
            1.0,
            1.0,
            1.0
        ]
    }
}
