{
    "InputUI": {
        "position": [
            -3.200000047683716,
            1.100000023841858,
            0.0
        ],
        "scale": [
            1.0,
            1.0,
            1.0
        ]
    }
}
