{
    "PlayerHPFrame": {
        "position": [
            -3.0,
            2.0,
            0.5
        ],
        "rotate": [
            0.0,
            0.0,
            0.0
        ],
        "scale": [
            1.850000023841858,
            0.11999999731779099,
            1.0
        ]
    }
}
