{
    "PlayerHPFrame": {
        "position": [
            -2.299999952316284,
            -2.0,
            0.5
        ],
        "rotate": [
            0.0,
            0.0,
            0.0
        ],
        "scale": [
            3.299999952316284,
            0.30000001192092896,
            1.0
        ]
    }
}
