{
    "PlayerAttackCollider": {
        "strongA_position": [
            0.0,
            0.0,
            5.599999904632568
        ],
        "strongA_rotate": [
            0.0,
            0.0,
            0.0
        ],
        "strongA_scale": [
            8.0,
            3.0999999046325684,
            8.399999618530273
        ],
        "weakA_position": [
            0.0,
            1.100000023841858,
            3.9000000953674316
        ],
        "weakA_rotate": [
            0.0,
            0.0,
            0.0
        ],
        "weakA_scale": [
            3.0999999046325684,
            3.0999999046325684,
            4.5
        ]
    }
}
