{
    "PlayerOperationGUI": {
        "position": [
            2.5999999046325684,
            -0.800000011920929,
            0.0
        ],
        "rotate": [
            0.0,
            0.0,
            0.0
        ],
        "scale": [
            3.0,
            3.0,
            1.0
        ]
    }
}
