{
    "PlayerOperationGUI": {
        "position": [
            2.5999999046325684,
            -1.7000000476837158,
            0.0
        ],
        "rotate": [
            0.0,
            0.0,
            0.0
        ],
        "scale": [
            3.0,
            1.5,
            1.0
        ]
    }
}
