{
    "PlayerHPRenderer": {
        "position": [
            -3.930000066757202,
            2.009999990463257,
            0.0
        ],
        "rotate": [
            0.0,
            0.0,
            0.0
        ],
        "scale": [
            1.875,
            0.10000000149011612,
            1.0
        ],
        "uvAnchor": [
            0.0,
            0.5
        ]
    }
}
