{
    "PlayerAttackCollider": {
        "position": [
            0.0,
            1.100000023841858,
            1.7000000476837158
        ],
        "rotate": [
            0.0,
            0.0,
            0.0
        ],
        "scale": [
            1.0,
            1.0,
            1.0
        ]
    }
}
