{
    "PlayerAttackCollider": {
        "position": [
            0.0,
            1.100000023841858,
            1.899999976158142
        ],
        "rotate": [
            0.0,
            0.0,
            0.0
        ],
        "scale": [
            1.0,
            1.0,
            3.0
        ]
    }
}
