{
    "Player": {
        "moveDistance": 10.0,
        "rotateLerpSensitivity": 0.10000000149011612,
        "speed": 18.0,
        "workActiveTime": 0.699999988079071,
        "workEndLagTime": 0.0,
        "workStartupTime": 0.0
    }
}
