{
    "PlayerHPRenderer": {
        "position": [
            -3.9000000953674316,
            2.0,
            0.0
        ],
        "rotate": [
            0.0,
            0.0,
            0.0
        ],
        "scale": [
            1.7999999523162842,
            0.10000000149011612,
            1.0
        ],
        "uvAnchor": [
            0.0,
            0.5
        ]
    }
}
