{
    "attackData": [
        {
            "position": [
                3.049999952316284,
                0.0,
                0.0
            ]
        },
        {
            "position": [
                1.4500000476837158,
                0.0,
                0.0
            ]
        },
        {
            "position": [
                0.0,
                0.0,
                0.0
            ]
        }
    ]
}
