{
    "attackData": [
        {
            "position": [
                0.3499999940395355,
                0.10000000149011612,
                6.900000095367432
            ]
        },
        {
            "position": [
                -3.1500000953674316,
                1.5499999523162842,
                3.25
            ]
        },
        {
            "position": [
                3.450000047683716,
                0.0,
                0.0
            ]
        },
        {
            "position": [
                0.0,
                0.0,
                0.0
            ]
        }
    ]
}
