{
    "Player": {
        "dushSpeedScaleFactor": 1.399999976158142,
        "rotateLerpSensitivity": 0.10000000149011612,
        "speed": 18.0
    }
}
