{
    "PlayerDamageEffect": {
        "maxDamageEffect": 10.100000381469727,
        "minDamageEffect": 4.099999904632568,
        "position": [
            0.0,
            0.0,
            3.200000047683716
        ],
        "scale": [
            8.199999809265137,
            4.599999904632568,
            1.0
        ]
    }
}
