{
    "PlayerHPRenderer": {
        "position": [
            -3.5999999046325684,
            1.7999999523162842,
            0.0
        ],
        "rotate": [
            0.0,
            0.0,
            0.0
        ],
        "scale": [
            3.200000047683716,
            0.20000000298023224,
            1.0
        ],
        "uvAnchor": [
            0.0,
            0.5
        ]
    }
}
