{
    "ResultText": {
        "position": [
            0.0,
            0.10000000149011612,
            0.0
        ],
        "scale": [
            0.800000011920929,
            0.20000000298023224,
            1.0
        ]
    }
}
