{
    "ResultToTitleText": {
        "position": [
            0.0,
            -0.029999999329447746,
            0.0
        ],
        "scale": [
            0.20000000298023224,
            0.029999999329447746,
            1.0
        ]
    }
}
