{
    "ResultScore": {
        "position": [
            -0.4000000059604645,
            -0.699999988079071,
            0.0
        ],
        "scale": [
            0.30000001192092896,
            0.30000001192092896,
            1.0
        ]
    }
}
