{
    "ResultArrow": {
        "position": [
            0.0,
            -0.05999999865889549,
            0.0
        ],
        "scale": [
            0.23000000417232513,
            0.029999999329447746,
            1.0
        ]
    }
}
