{
    "Score": {
        "position": [
            2.200000047683716,
            -1.399999976158142,
            10.399999618530273
        ],
        "scale": [
            0.30000001192092896,
            0.5,
            1.0
        ]
    }
}
