{
    "Score": {
        "position": [
            2.9000000953674316,
            -1.600000023841858,
            10.399999618530273
        ],
        "scale": [
            0.5,
            0.5,
            1.0
        ]
    }
}
