{
    "ScoreBoard": {
        "position": [
            3.700000047683716,
            -2.0999999046325684,
            13.899999618530273
        ],
        "scale": [
            3.0999999046325684,
            1.2999999523162842,
            0.0
        ]
    }
}
