{
    "ScoreBoard": {
        "position": [
            2.200000047683716,
            -1.399999976158142,
            5.0
        ],
        "scale": [
            2.4000000953674316,
            0.800000011920929,
            0.0
        ]
    }
}
