{
    "StrongAttackBehavior": {
        "actionTime": 1.2999999523162842,
        "damage0": 200.0,
        "damage1": 523.0,
        "damage2": 1259.0,
        "nextChargeTime0": 1.0,
        "nextChargeTime1": 1.899999976158142,
        "nextChargeTime2": 2.0
    }
}
