{
    "StrongAttackBehavior": {
        "actionTime": 1.100000023841858,
        "damage0": 200.0,
        "damage1": 523.0,
        "damage2": 1259.0,
        "nextChargeTime0": 1.0,
        "nextChargeTime1": 1.899999976158142,
        "nextChargeTime2": 2.0,
        "thirdSERepeatTime": 0.30000001192092896
    }
}
