{
    "StrongAttackBehavior": {
        "actionTime": 0.8999999761581421,
        "damage0": 200.0,
        "damage1": 523.0,
        "damage2": 1111.0,
        "nextChargeTime0": 0.8999999761581421,
        "nextChargeTime1": 1.5,
        "nextChargeTime2": 5.300000190734863,
        "thirdSERepeatTime": 0.30000001192092896
    }
}
