{
    "StrongAttackBehavior": {
        "damage0": 10.399999618530273,
        "damage1": 26.5,
        "damage2": 50.70000076293945
    }
}
