{
    "TitleTextRenderer": {
        "position": [
            0.0,
            0.10000000149011612,
            0.0
        ],
        "rotate": [
            0.0,
            0.0,
            0.0
        ],
        "scale": [
            0.75,
            0.15000000596046448,
            1.0
        ]
    }
}
