{
    "TitleSelectorUI": {
        "gamepadUIScale": [
            0.05000000074505806,
            0.05000000074505806,
            0.0
        ],
        "keyboardUIScale": [
            0.10000000149011612,
            0.10000000149011612,
            0.0
        ],
        "position": [
            0.0,
            -0.11999999731779099,
            0.0
        ],
        "rotate": [
            0.0,
            0.0,
            0.0
        ],
        "scale": [
            1.0,
            0.05000000074505806,
            1.0
        ]
    }
}
