{
    "TitleExitText": {
        "position": [
            0.0,
            -0.05000000074505806,
            0.0
        ],
        "rotate": [
            0.0,
            0.0,
            0.0
        ],
        "scale": [
            1.0,
            0.029999999329447746,
            1.0
        ]
    }
}
