{
    "TitleSprite": {
        "position": [
            0.0,
            1.100000023841858,
            0.0
        ],
        "scale": [
            8.100000381469727,
            1.0,
            1.0
        ]
    }
}
