{
    "TopDownCamera": {
        "offsetPosition": [
            0.0,
            23.200000762939453,
            -27.700000762939453
        ],
        "offsetRotate": [
            0.6499999761581421,
            0.0,
            0.0
        ]
    }
}
