{
    "TrackingCamera": {
        "offsetDirection": [
            0.0,
            -0.20000000298023224,
            0.8999999761581421
        ],
        "offsetPosition": [
            0.0,
            4.800000190734863,
            -13.600000381469727
        ],
        "rotateSpeed": [
            5.699999809265137,
            2.0
        ]
    }
}
