{
    "TrackingCamera": {
        "cameraHeightOffset": [
            0.0,
            0.10000000149011612,
            0.0
        ],
        "cameraMoveSpeedVector": [
            0.05000000074505806,
            0.02500000037252903,
            0.0
        ],
        "cameraOffsetDirection": [
            0.0,
            0.13296662271022797,
            -0.9911205768585205
        ],
        "cameraOffsetLenght": 40.0,
        "lenScaleFactorMax": 3.5,
        "lenScaleFactorMin": 2.0,
        "lockOnLenghtScaleFactor": 22.600000381469727,
        "missTheTargetLenght": 114.9000015258789,
        "offset position": [
            0.0,
            17.0,
            -22.399999618530273
        ],
        "quaternionLerpSpeed": 7.300000190734863,
        "toTargetLerpMaxTime": 0.5
    }
}
