{
    "TrackingCamera": {
        "missTheTargetLenght": 30.0,
        "offset position": [
            0.0,
            8.800000190734863,
            -22.399999618530273
        ]
    }
}
