{
    "TrackingCamera": {
        "cameraMoveSpeedVector": [
            0.05000000074505806,
            0.02500000037252903,
            0.0
        ],
        "missTheTargetLenght": 60.099998474121094,
        "offset position": [
            0.0,
            8.800000190734863,
            -22.399999618530273
        ],
        "quaternionLerpSpeed": 7.300000190734863
    }
}
