{
    "TrackingCamera": {
        "offsetDirection": [
            0.0,
            -0.10000000149011612,
            0.8999999761581421
        ],
        "offsetPosition": [
            0.0,
            1.7000000476837158,
            -13.100000381469727
        ],
        "rotateSpeed": [
            5.699999809265137,
            2.0
        ]
    }
}
