{
    "WelcomeBoard": {
        "position": [
            10.699999809265137,
            34.70000076293945,
            23.0
        ],
        "scale": [
            1.0,
            1.0,
            1.0
        ]
    }
}
