{
    "WorkAvoidanceBehavior": {
        "activeTime": 0.699999988079071,
        "endLagTime": 0.0,
        "jastAvoidanceTime": 0.20000000298023224,
        "moveDistance": 10.0,
        "startupTime": 0.0
    }
}
