{
    "WorkWeakAttackBehavior1": {
        "activeTime": 0.20000000298023224,
        "damageFactor": 49.0,
        "endLagTime": 0.10000000149011612,
        "startupTime": 0.20000000298023224
    }
}
