{
    "WorkWeakAttackBehavior2": {
        "activeTime": 0.30000001192092896,
        "damageFactor": 128.0,
        "endLagTime": 0.30000001192092896,
        "startupTime": 0.30000001192092896
    }
}
