{
    "WorkWeakAttackBehavior1": {
        "activeTime": 2.9670000076293945,
        "damageFactor": 0.0,
        "endLagTime": 2.9000000953674316,
        "startupTime": 1.0
    }
}
