{
    "WorkWeakAttackBehavior1": {
        "activeTime": 0.46700000762939453,
        "damageFactor": 0.0,
        "endLagTime": 0.30000001192092896,
        "startupTime": 0.10000000149011612
    }
}
