{
    "WorkAvoidanceBehavior": {
        "activeTime": 0.30000001192092896,
        "endLagTime": 0.06300000101327896,
        "jastAvoidanceTime": 0.20000000298023224,
        "moveDistance": 11.699999809265137,
        "startupTime": 0.05000000074505806
    }
}
