{
    "WorkWeakAttackBehavior2": {
        "activeTime": 0.20000000298023224,
        "damageFactor": 55.599998474121094,
        "endLagTime": 0.20000000298023224,
        "startupTime": 0.20000000298023224
    }
}
