{
    "WorkWeakAttackBehavior1": {
        "activeTime": 0.6666666865348816,
        "damageFactor": 0.0,
        "endLagTime": 0.30000001192092896,
        "startupTime": 0.5
    }
}
