{
    "WorkWeakAttackBehavior3": {
        "activeTime": 0.46700000762939453,
        "damageFactor": 135.1999969482422,
        "endLagTime": 0.20000000298023224,
        "startupTime": 0.20000000298023224
    }
}
