{
    "WorkWeakAttackBehavior3": {
        "activeTime": 1.1666666269302368,
        "damageFactor": 10.699999809265137,
        "endLagTime": 0.20000000298023224,
        "startupTime": 0.20000000298023224
    }
}
