{
    "WorkWeakAttackBehavior3": {
        "activeTime": 0.7670000195503235,
        "damageFactor": 222.0,
        "endLagTime": 0.20000000298023224,
        "startupTime": 0.20000000298023224
    }
}
