{
    "WorkWeakAttackBehavior1": {
        "activeTime": 4.166999816894531,
        "damageFactor": 0.0,
        "endLagTime": 0.30000001192092896,
        "startupTime": 2.4000000953674316
    }
}
