{
    "WorkWeakAttackBehavior2": {
        "activeTime": 0.4000000059604645,
        "damageFactor": 6.800000190734863,
        "endLagTime": 0.30000001192092896,
        "startupTime": 0.5
    }
}
