{
    "WorkAvoidanceBehavior": {
        "activeTime": 0.5,
        "endLagTime": 0.10000000149011612,
        "jastAvoidanceTime": 0.20000000298023224,
        "moveDistance": 18.0,
        "startupTime": 0.05000000074505806
    }
}
