{
    "DushBehavior": {
        "dushSpeed": 1.7000000476837158,
        "maxTime": 0.20000000298023224
    }
}
