{
    "JumpBehavior": {
        "maxHeight": 3.4000000953674316,
        "maxTime": 3.0999999046325684
    }
}
